title,type,release_year,overview,rating,vote_count,popularity,language,poster_path
Tenet,Movie,2020,"Armed with only one word - Tenet - and fighting for the survival of the entire world, the Protagonist journeys through a twilight world of international espionage on a mission that will unfold in something beyond real time.",7.175,11169,28.0115,en,/aCIFMriQh8rvhxpN1IWGgvH0Tlg.jpg
Greenland,Movie,2020,"John Garrity, his estranged wife and their young son embark on a perilous journey to find sanctuary as a planet-killing comet hurtles toward Earth. Amid terrifying accounts of cities getting levelled, the Garritys experience the best and worst in humanity. As the countdown to the global apocalypse approaches zero, their incredible trek culminates in a desperate and last-minute flight to a possible safe haven.",7.129,5368,27.2233,en,/bNo2mcvSwIvnx8K6y1euAc1TLVq.jpg
Enola Holmes,Movie,2020,"While searching for her missing mother, intrepid teen Enola Holmes uses her sleuthing skills to outsmart big brother Sherlock and help a runaway lord.",7.2,6601,23.3841,en,/riYInlsq2kf1AWoGm80JQW5dLKp.jpg
Justice League Dark: Apokolips War,Movie,2020,"Earth is decimated after intergalactic tyrant Darkseid has devastated the Justice League in a poorly executed war by the DC Super Heroes. Now the remaining bastions of good – the Justice League, Teen Titans, Suicide Squad and assorted others – must regroup, strategize and take the war to Darkseid in order to save the planet and its surviving inhabitants.",8.189,1592,20.639,en,/c01Y4suApJ1Wic2xLmaq1QYcfoZ.jpg
Bloodshot,Movie,2020,"After he and his wife are murdered, marine Ray Garrison is resurrected by a team of scientists. Enhanced with nanotechnology, he becomes a superhuman, biotech killing machine—'Bloodshot'. As Ray first trains with fellow super-soldiers, he cannot recall anything from his former life. But when his memories flood back and he remembers the man that killed both him and his wife, he breaks out of the facility to get revenge, only to discover that there's more to the conspiracy than he thought.",6.679,5274,20.4122,en,/8WUVHemHFH2ZIP6NWkwlHWsyrEL.jpg
Monster Hunter,Movie,2020,"A portal transports Cpt. Artemis and an elite unit of soldiers to a strange world where powerful monsters rule with deadly ferocity. Faced with relentless danger, the team encounters a mysterious hunter who may be their only hope to find a way home.",6.515,3587,19.715,en,/1UCOF11QCw8kcqvce8LKOO6pimh.jpg
Unhinged,Movie,2020,"Rachel is a divorced single mother whose bad day gets even worse. She's running late to drop her son off at school when she honks her horn impatiently at a fellow driver during rush-hour traffic. After an exchange of words, she soon realizes that the mysterious man is following her and her young son in his truck. A case of road rage quickly escalates, at horrifyingly psychotic proportions, into full-blown terror as Rachel discovers the psychopath's sinister plan for revenge. He is single-mindedly determined to teach her a deadly lesson.",6.427,2528,18.2867,en,/xfIcONZO4AiWpzm3jEpbR4llzVX.jpg
My Friend's Daughter,Movie,2020,"Unable to adapt in the United States, Yuri decides to stay at her mother's friend's house, fighting with her son Hyun-Bo as a child and being like an enemy.  Hyunbo and Yuri, who met over time, have a crush on each other.  One day, Hyunbo witnesses her girlfriend's affair, and it hurts her heart. Yuri who comforts Hyunbo...  Yuri and Yuri who become lovers from enemies!",0.0,0,16.9082,ko,/hlG7WTnQwCuSYkRUEgDC1rnafwo.jpg
Soul,Movie,2020,"Joe Gardner is a middle school teacher with a love for jazz music. After a successful audition at the Half Note Club, he suddenly gets into an accident that separates his soul from his body and is transported to the You Seminar, a center in which souls develop and gain passions before being transported to a newborn child. Joe must enlist help from the other souls-in-training, like 22, a soul who has spent eons in the You Seminar, in order to get back to Earth.",8.091,11477,14.0576,en,/6jmppcaubzLF8wkXM36ganVISCo.jpg
Pulling Wool,Movie,2020,"Pulling Wool is a male/female buddy comedy. There is no romance. There are no ""what-ifs"". There is no disgruntled friend-zone. However, there is time and its chasing after them. Caught up in puppy-gambling debt, best friends must rely on each other to wittily ""raise"" the money to survive.",10.0,2,14.0132,en,/eK3XV8rBTErRrDMFsILHFozRWEO.jpg
365 Days,Movie,2020,"A woman falls victim to a dominant mafia boss, who imprisons her and gives her one year to fall in love with him.",6.992,9538,13.13,pl,/6KwrHucIE3CvNT7kTm2MAlZ4fYF.jpg
Sonic the Hedgehog,Movie,2020,"Powered with incredible speed, Sonic The Hedgehog embraces his new home on Earth. That is, until Sonic sparks the attention of super-uncool evil genius Dr. Robotnik. Now it’s super-villain vs. super-sonic in an all-out race across the globe to stop Robotnik from using Sonic’s unique power for world domination.",7.281,10428,12.9721,en,/aQvJ5WPzZgYVDrxLX4R6cLJCEaQ.jpg
Room Salon College Girls 3,Movie,2020,"Hee-jung, a college student, uses up a lot of money on Bitcoin and so she can't pay back her friend, Joo-yeong. Worried, she came to work at a room salon and pays off the money she borrowed. Seeing how Hee-jung is, Joo-yeong tells her she wants to work at the room salon, too. Eventually, they both became aces! Until the vacation ends, they are slowly getting money, their hot services are attracting more and more customers...",4.9,7,11.5399,ko,/efzmOJME5zbmXsgLCjCINm1e7X2.jpg
Demon Slayer -Kimetsu no Yaiba- The Movie: Mugen Train,Movie,2020,"Tanjiro Kamado, joined with Inosuke Hashibira, a boy raised by boars who wears a boar's head, and Zenitsu Agatsuma, a scared boy who reveals his true power when he sleeps, boards the Infinity Train on a new mission with the Fire Hashira, Kyojuro Rengoku, to defeat a demon who has been tormenting the people and killing the demon slayers who oppose it!",8.219,4560,10.7709,ja,/h8Rb9gBr48ODIwYUttZNYeMWeUU.jpg
Favorite Concubine,Movie,2020,"Jun-soo, a rich old man, decides to live in a local villa after retirement due to paralysis and health reasons. Only Jun-soo's wife, Hye-sook, and Joo-seok, will move to the provinces, and Hye-sook will only wait for the day Jun-soo dies. Jun-soo gradually becomes paralyzed, so he relies on a wheelchair, and Hye-sook meets up Joo-seok. However, Jun-soo suffered from paralysis that night. Unaware of this, Hye-sook and Joo-seok hire Jun-soo's caregiver to avoid Jun-soo and enjoy comfortably, but Joo-seok begins to look at the caregiver. After learning about the affair between Hye-sook and Joo-seok, Jun-soo begins to make a secret proposal to So-eun.",5.0,2,10.3428,ko,/gGyQhfdqw9saOAlYHz4sxJO9Ot.jpg
Lucy Shimmers and the Prince of Peace,Movie,2020,Second chances start when a hardened criminal crosses paths with a precocious little girl who is helped by an angel to change hearts during the holiday season.,8.389,364,9.7152,en,/yfnJ5qIYx7q33fY4jqv9Pu95RSg.jpg
Dangerous Drugs of Sex,Movie,2020,"An elite salaryman drunkenly tries to die by suicide, but is saved by a mysterious stranger who holds him captive and sexually torments him.",6.446,37,9.5149,ja,/y3EDZG21H6qPg3Mc0HtJkHN4qto.jpg
What Happened at the Carpenter's Shop,Movie,2020,"A rumour spread out all over the neighborhood. Yeon-joo, a beautiful, entertaining SNS celebrity, and also a woodworker is being watched and admired by Do-shik.  He decides to ask her for a date one weekend. Do-shik appeared and grasped Yeon-joo without her noticing him.  Meanwhile, the clueless, naïve, and honest bookkeeper of the carpenter shop is keeping two huge secrets no one would even thought of.  Finally, the great secret of Yeon-joo and Tae-ju is revealed, turning the tables around.",5.4,10,9.2993,ko,/bMhxD4DKRJM1dydluvsS5aL2Tci.jpg
The Hunt,Movie,2020,"Twelve strangers wake up in a clearing. They don't know where they are—or how they got there. In the shadow of a dark internet conspiracy theory, ruthless elitists gather at a remote location to hunt humans for sport. But their master plan is about to be derailed when one of the hunted turns the tables on her pursuers.",6.646,3691,9.084,en,/wxPhn4ef1EAo5njxwBkAEVrlJJG.jpg
Mulan,Movie,2020,"When the Emperor of China issues a decree that one man per family must serve in the Imperial Chinese Army to defend the country from Huns, Hua Mulan, the eldest daughter of an honored warrior, steps in to take the place of her ailing father. She is spirited, determined and quick on her feet. Disguised as a man by the name of Hua Jun, she is tested every step of the way and must harness her innermost strength and embrace her true potential.",6.826,7069,9.0693,en,/aKx1ARwG55zZ0GpRvU2WrGrCG9o.jpg
Borat Subsequent Moviefilm: Delivery of Prodigious Bribe to American Regime for Make Benefit Once Glorious Nation of Kazakhstan,Movie,2020,"14 years after making a film about his journey across the USA, Borat risks life and limb when he returns to the United States with his young daughter, and reveals more about the culture, the COVID-19 pandemic, and the political elections.",6.432,2877,8.6419,en,/3L1Ml5RWjFVfVq3rQENvgFymT0U.jpg
Birds of Prey (and the Fantabulous Emancipation of One Harley Quinn),Movie,2020,"Harley Quinn joins forces with a singer, an assassin and a police detective to help a young girl who had a hit placed on her after she stole a rare diamond from a crime lord.",6.873,10853,8.5379,en,/h4VB6m0RwcicVEZvzftYZyKXs6K.jpg
After We Collided,Movie,2020,Tessa finds herself struggling with her complicated relationship with Hardin; she faces a dilemma that could change their lives forever.,7.151,5471,8.3321,en,/kiX7UYfOpYrMFSAGbI6j1pFkLzQ.jpg
Bad Boys for Life,Movie,2020,"Marcus and Mike are forced to confront new threats, career changes, and midlife crises as they join the newly created elite team AMMO of the Miami police department to take down the ruthless Armando Armas, the vicious leader of a Miami drug cartel.",7.113,8778,8.3105,en,/y95lQLnuNKdPAzw9F9Ab8kJ80c3.jpg
Extraction,Movie,2020,A hardened gun-for-hire's latest mission becomes a soul-searching race to survive when he's sent into Bangladesh to rescue a drug lord's kidnapped son.,7.292,6644,8.2352,en,/nygOUcBKPHFTbxsYRFZVePqgPK6.jpg
The Invisible Man,Movie,2020,"When Cecilia's abusive ex takes his own life and leaves her his fortune, she suspects his death was a hoax. As a series of coincidences turn lethal, Cecilia works to prove that she is being hunted by someone nobody can see.",7.09,6317,8.1851,en,/5EufsDwXdY2CVttYOk2WtYhgKpa.jpg
Love Sarah,Movie,2020,"A young woman wishes to fulfill her mother's dream of opening her own bakery in Notting Hill, London. To do this, she enlists the help of an old friend and her grandma.",6.241,81,7.8905,en,/cbbLSIo2MdBkL2ubdd47mQaJWcf.jpg
Wonder Woman 1984,Movie,2020,A botched store robbery places Wonder Woman in a global battle against a powerful and mysterious ancient force that puts her powers in jeopardy.,6.364,9090,7.8836,en,/8UlWHLMpgZm9bx6QYh0NFoq67TZ.jpg
"Patricia, A Hidden Passion",Movie,2020,"Patricia is a successful couples therapist. Your marriage is going through a bad time. But when she meets a student, Pablo will transform her own beliefs about sex.",5.8,41,7.7253,es,/tWVppr1BlawmBWrlOOGIfr0ujH.jpg
Greyhound,Movie,2020,"A first-time captain leads a convoy of allied ships carrying thousands of soldiers across the treacherous waters of the ""Black Pit"" to the front lines of WWII. With no air cover protection for 5 days, the captain and his convoy must battle the surrounding enemy Nazi U-boats in order to give the allies a chance to win the war.",7.418,3340,7.6114,en,/kjMbDciooTbJPofVXgAoFjfX8Of.jpg
My Friend's Sister 4,Movie,2020,"Minsu quits the company if he takes it because he is far from home. So, as a special measure, I will stay at my friend's house for a while. Min-soo falls in love with Jae-seok's older sister Yoon-jung at first sight. Meanwhile, Jae-seok decides to start living with her girlfriend Hae-ju at home. Min-soo and Yoon-jung are alone, and love grows...",4.5,2,7.6001,ko,/1W5QphPMJNe3hWmwM3e7Lter51K.jpg
Fate/stay night: Heaven's Feel III. Spring Song,Movie,2020,"The battle rages on as Shirou continues to protect Sakura, now consumed by the darkness. He joins forces with Rin to end the Holy Grail War, while Illyasviel, who knows the truth behind it, confronts her fate. Amidst the chaos, Zouken plots to manipulate Sakura for his own desires. The final fight begins.",7.7,202,7.5591,ja,/hIK5kEdFwOHnHTa06ntTVSfG9im.jpg
The Gentlemen,Movie,2020,"American expat Mickey Pearson has built a highly profitable marijuana empire in London. When word gets out that he’s looking to cash out of the business forever it triggers plots, schemes, bribery and blackmail in an attempt to steal his domain out from under him.",7.663,6655,7.471,en,/jtrhTYB7xSrJxR1vusu99nvnZ1g.jpg
The Croods: A New Age,Movie,2020,"Searching for a safer habitat, the prehistoric Crood family discovers an idyllic, walled-in paradise that meets all of its needs. Unfortunately, they must also learn to live with the Bettermans -- a family that's a couple of steps above the Croods on the evolutionary ladder. As tensions between the new neighbors start to rise, a new threat soon propels both clans on an epic adventure that forces them to embrace their differences, draw strength from one another, and survive together.",7.439,4155,7.4634,en,/tbVZ3Sq88dZaCANlUcewQuHQOaE.jpg
Violet Evergarden: The Movie,Movie,2020,"As the world moves on from the war and technological advances bring changes to her life, Violet still hopes to see her lost commanding officer again.",8.298,520,7.4504,ja,/bajajkoErDst0JxdFyBkABiF9rW.jpg
Why My Sister-in-law Comes Out of There,Movie,2020,"Mi-na, a female college student who lives with her sister, secretly works in a bar as a part-timer to buy luxury goods.  Mi-na, who goes to the bar as usual, greets her brother-in-law as a guest in the room and leaves as if running away. Mi-na asks her sister to keep her secret and seduces her brother-in-law...",4.0,1,7.4086,ko,/8yTFfOplPMQs6HG3pGex6tXZO7x.jpg
Peninsula,Movie,2020,A soldier and his team battle hordes of post-apocalyptic zombies in the wastelands of the Korean Peninsula.,6.716,2597,7.2225,ko,/eeqvAzCccAZOhU3RfbvHB3s44S6.jpg
The Empty Man,Movie,2020,"On the trail of a missing girl, an ex-cop comes across a secretive group attempting to summon a terrifying supernatural entity.",6.165,1037,7.2033,en,/8apzu9JFTUMtOpYkHk6LNPOs3pY.jpg
Idol Sex: LA Korean Women,Movie,2020,Typhoon and Taeyang brothers are sharing. The visitor today is Jessica from LA. Applying for an idol audition is her purpose. She is so cheerful and open to the burden. The fatal temptation of a strange woman who appeared one day and the fate of the brothers shaking in front of her.,5.8,6,6.9395,ko,/d6HcmOCX204Cc1HK6czTGEKD7UJ.jpg
Lodge Money,Movie,2020,"New couple Na-ni and Joon-seo left the stuffy Seoul to try and start a cafe in the countryside.  Behind the couple's attempt to change, they had some unspeakable worries, so they were sexless people who used their own rooms because they were not sexually compatible. Regardless of her husband's efforts to establish a relationship, her wife Na-ni has long been on an extramarital affair with her sex partner Dal-ho, who has been embroiled in a hit-and-run accident that she never thought of enjoying sex outdoors and is asked for a large settlement.",5.1,7,6.8641,ko,/rSkAXJxeA2pkCLPZBlNcKu4fusL.jpg
Gabriel's Inferno: Part III,Movie,2020,The final part of the film adaption of the erotic romance novel Gabriel's Inferno written by an anonymous Canadian author under the pen name Sylvain Reynard.,8.341,1090,6.8574,en,/fYtHxTxlhzD4QWfEbrC1rypysSD.jpg
"Josee, the Tiger and the Fish",Movie,2020,"With dreams of diving abroad, Tsuneo gets a job assisting Josee, an artist whose imagination takes her far beyond her wheelchair. But when the tide turns against them, they push each other to places they never thought possible, and inspire a love fit for a storybook.",8.271,608,6.8268,ja,/z1D8xi9x4uEhyFruo7uEHXUMD4K.jpg
Dolittle,Movie,2020,"After losing his wife seven years earlier, the eccentric Dr. John Dolittle, famed doctor and veterinarian of Queen Victoria’s England, hermits himself away behind the high walls of Dolittle Manor with only his menagerie of exotic animals for company. But when the young queen falls gravely ill, a reluctant Dolittle is forced to set sail on an epic adventure to a mythical island in search of a cure, regaining his wit and courage as he crosses old adversaries and discovers wondrous creatures.",6.579,3895,6.7669,en,/3Nt3v1uzUgfSuVARD1AnI9g9Zl9.jpg
Palm Springs,Movie,2020,"When carefree Nyles and reluctant maid of honor Sarah have a chance encounter at a Palm Springs wedding, things get complicated when they find themselves unable to escape the venue, themselves, or each other.",7.337,3735,6.4821,en,/gnAfqiV7yO3Jq9IntTmwkcaICqc.jpg
David Attenborough: A Life on Our Planet,Movie,2020,"The story of life on our planet by the man who has seen more of the natural world than any other. In more than 90 years, Attenborough has visited every continent on the globe, exploring the wild places of our planet and documenting the living world in all its variety and wonder. Addressing the biggest challenges facing life on our planet, the film offers a powerful message of hope for future generations.",8.446,446,6.4107,en,/zSKwyUDKDHiFU5syTTvQRDcGBPS.jpg
Trolls World Tour,Movie,2020,"Queen Poppy and Branch make a surprising discovery — there are other Troll worlds beyond their own, and their distinct differences create big clashes between these various tribes. When a mysterious threat puts all of the Trolls across the land in danger, Poppy, Branch, and their band of friends must embark on an epic quest to create harmony among the feuding Trolls to unite them against certain doom.",7.235,2283,6.3439,en,/7W0G3YECgDAfnuiHG91r8WqgIOe.jpg
Underwater,Movie,2020,"After an earthquake destroys their underwater station, six researchers must navigate two miles along the dangerous, unknown depths of the ocean floor to make it to safety in a race against time.",6.287,3498,6.3331,en,/gzlbb3yeVISpQ3REd3Ga1scWGTU.jpg
The SpongeBob Movie: Sponge on the Run,Movie,2020,"When his best friend Gary is suddenly snatched away, SpongeBob takes Patrick on a madcap mission far beyond Bikini Bottom to save their pink-shelled pal.",7.394,2998,6.1707,en,/jlJ8nDhMhCYJuzOw3f52CP1W8MW.jpg
Step Mother is Nineteen,Movie,2020,,0.0,0,6.1466,ko,/wjHQOmstLZKF0urCZRwn2xunmsn.jpg
Hole-in-law 2,Movie,2020,"Sang-min's girlfriend Eun-jeong, is a nude model and takes photos with a stranger in a motel naked. Sang-min who doesn't believe in free-spirited Eun-jeong, after drinking in three groups with her close friend Jae-hoon,, comes home. Sang-min, who noticed that Eun-jeong is quietly flirting with Jae-hoon, asks if he wants to do with Jae-hoon while having sex with Eun-jeong. When Eun-jeong actively responded, he made Jae-hoon go into the room where Eun-jeong was sleeping.",4.667,6,6.1281,ko,/4IuZPxyuuOkbPA2X1LuLPmTmiVG.jpg
We Bare Bears: The Movie,Movie,2020,"When Grizz, Panda, and Ice Bear's love of food trucks and viral videos get out of hand, the brothers are now chased away from their home and embark on a trip to Canada, where they can live in peace.",7.824,860,6.0888,en,/khtIr0Gxtz52T10RRQZ42o1a5Ry.jpg
Bosomy Mom,Movie,2020,"Da-hee gets married to Min-soo who is older than her. Thanks to him, he also gets a son who is not too old, Jae-hyuk, who she tries to get acquainted with, albeit awkwardly. After staying with Na-yeon, she suddenly has to meet Jae-hyuk, and Na-yeon has a date with Jae-hyuk. Min-soo is surprised to find three people coming back home from a date. It made him angry to see his son with two women. Right away, Min-soo seeks Da-hee and asks about Na-yeon. Na-yeon met Min-soo secretly. However, Da-hee who is aware of Min-soo and Da-hee's relationship, shares this fact to Jae-hyun.",6.063,16,6.0788,ko,/zarhMAQRWKjjsNBR1rviIXZ5xtt.jpg
We Can Be Heroes,Movie,2020,"When alien invaders capture Earth's superheroes, their kids must learn to work together to save their parents - and the planet.",5.944,819,6.0487,en,/1S21HpcKY6uQ9UAw68aICmrJaq6.jpg
Movida,Movie,2020,"Children play war between the abandoned houses of a mountain village. Tommaso and Riccardo with other guys build a motor tricycle, spending the summer between the parking lots and hangars. Lorenzo is the son of a transhumant shepherd, and he wouldn’t like to continue his father’s profession, but to spend a summer like other teenagers. Belluno is one of the many Italian provinces that is becoming depopulated. MOVIDA tells it through the eyes of children and young people who live there.",0.0,0,6.0425,en,/b4NJ1B8oOrviD7kqQRWK2qmfwp3.jpg
Onward,Movie,2020,"In a suburban fantasy world, two teenage elf brothers embark on an extraordinary quest to discover if there is still a little magic left out there.",7.637,6602,5.9228,en,/f4aul3FyD3jv3v4bul1IrkWZvzq.jpg
Men at Work: Miami,Movie,2020,"When charismatic stripper Jorrit is single again, his best friend Bas convinces him to open a strip club in Miami. But they could use some extra hands and so their friend Thijs also flies to Miami, together with new stripper and fellow construction worker Boris. But before the stripping can commence, the men have to get to work, because the club turns out to be a construction nightmare. Soon they find themselves in the grips of real-estate king Pablo, who also turns out to be a competitor in the love department. Jorrit falls deeply for the attractive and free-spirited Lola , a Dutch woman settled in Miami, who is also a stripper and who counts Pablo as one of her suitors. Jorrit will have to find out where the boundaries of seduction and freedom lie in their work. Meanwhile, an ego clash between Bas and Jorrit leads to a disastrous opening of their club. Ultimately, it is the camaraderie that made our boys successful in the first place, that will save their enterprise.",5.2,15,5.7729,nl,/sy8MmXSNmJButdK9N5D7CngJQCb.jpg
Roald Dahl's The Witches,Movie,2020,"In late 1967, a young orphaned boy goes to live with his loving grandma in the rural Alabama town of Demopolis. As the boy and his grandmother encounter some deceptively glamorous but thoroughly diabolical witches, she wisely whisks him away to a seaside resort. Regrettably, they arrive at precisely the same time that the world's Grand High Witch has gathered.",6.333,2997,5.6564,en,/betExZlgK0l7CZ9CsCBVcwO1OjL.jpg
#Alive,Movie,2020,"As a grisly virus rampages a city, a lone man stays locked inside his apartment, digitally cut off from seeking help and desperate to find a way out.",7.213,2065,5.646,ko,/lZPvLUMYEPLTE2df1VW5FHTYC8N.jpg
I Still Believe,Movie,2020,The true-life story of Christian music star Jeremy Camp and his journey of love and loss that looks to prove there is always hope.,7.562,1235,5.6329,en,/dqA2FCzz4OMmXLitKopzf476RVB.jpg
Bad Manners,Movie,2020,"From the booklet of the Blu-ray release of ""The Catechism Cataclysm"": A failed pilot that was going to pick up where The Catechism Cataclysm left off.",0.0,0,5.625,en,
Kubrick by Kubrick,Movie,2020,"American filmmaker Stanley Kubrick (1928–1999), one of the greatest in history, but also one of the most reserved, gave few interviews throughout his long career, and none of them were filmed. A first-person journey through his life and work, based on a recorded conversation with French film critic Michel Climent.",7.5,48,3.3879,fr,/hgmWmo2xBghbWXKK8YpJHSR8n1x.jpg
Pizza Dare 1,Movie,2020,"Seok, who wants to try perverted sex, pesters Hyun-jin every day, but Hyun-jin rejects it saying she only like normal things.  And then one day while delivering chicken, he found So-ra and Hyun-soo, a couple who enjoys delivery exposures.  Frustrated as he is with Hyun-jin, he starts neglecting her and became more and more hooked with the So-ra couple.  To recover their relationship, Hyun-jin goes on a date with Seok. But then a call came for him. The couple invites him for sex.  Will he be having a date with his wife, or will he accept the invitation he may only get once in a lifetime?  What would be his choice?",6.182,11,5.5978,ko,/km7xKnZoHUXqiozCGzauunMp9OF.jpg
The New Mutants,Movie,2020,"Five young mutants, just discovering their abilities while held in a secret facility against their will, fight to escape their past sins and save themselves.",6.073,3734,5.3284,en,/xiDGcXJTvu1lazFRYip6g1eLt9c.jpg
The Father,Movie,2020,"A man refuses all assistance from his daughter as he ages and, as he tries to make sense of his changing circumstances, he begins to doubt his loved ones, his own mind and even the fabric of his reality.",8.093,3653,5.2336,en,/pr3bEQ517uMb5loLvjFQi8uLAsp.jpg
American Pie Presents: Girls' Rules,Movie,2020,"It's Senior year at East Great Falls. Annie, Kayla, Michelle, and Stephanie decide to harness their girl power and band together to get what they want their last year of high school.",6.1,722,5.1092,en,/xqvX5A24dbIWaeYsMTxxKX5qOfz.jpg
2 Hearts,Movie,2020,"When illness strikes two people who are polar opposites, life and death bring them together in surprising ways.",7.246,650,3.998,en,/a7bW3uKOMPBnmHs8gnlpfhTD8YQ.jpg
The Eight Hundred,Movie,2020,"In 1937, eight hundred Chinese soldiers fight under siege from a warehouse in the middle of the Shanghai battlefield, completely surrounded by the Japanese army.",7.034,340,5.3897,zh,/gWKYKGDLEMCSAyjQ1e0rpBSoRMD.jpg
"Yes, God, Yes",Movie,2020,"Alice, a young innocent Catholic girl, is tempted into masturbating after an AOL chat suddenly turns sexual, however is conflicted as the act would be considered a sin.",6.3,599,4.9474,en,/69SYznq2mSbgKyQF3QHYwblmqAk.jpg
The Call of the Wild,Movie,2020,"Buck is a big-hearted dog whose blissful domestic life is turned upside down when he is suddenly uprooted from his California home and transplanted to the exotic wilds of the Yukon during the Gold Rush of the 1890s. As the newest rookie on a mail delivery dog sled team—and later its leader—Buck experiences the adventure of a lifetime, ultimately finding his true place in the world and becoming his own master.",7.515,3961,5.1796,en,/33VdppGbeNxICrFUtW2WpGHvfYc.jpg
My Spy,Movie,2020,"A hardened CIA operative finds himself at the mercy of a precocious 9-year-old girl, having been sent undercover to surveil her family.",6.861,1389,4.0822,en,/n2C6jRK9PtPIs99RQhKtqGlsnsO.jpg
Dreamchild,Movie,2020,"François and Noémie run a sawmill in the mountains not far from the Swiss border. François has taken over his family's business, making him the fourth generation. He dreams of having a child. After years of failed fertility assistance, they give up on having a baby of their own and turn to adoption. But then François meets Patricia, new to the neighborhood. They begin a passionate affair. Soon after, Patricia gets pregnant.",5.6,28,4.1838,fr,/mdLNmqIehGximKCHZre65hCcYxb.jpg
Scoob!,Movie,2020,"In Scooby-Doo’s greatest adventure yet, see the never-before told story of how lifelong friends Scooby and Shaggy first met and how they joined forces with young detectives Fred, Velma, and Daphne to form the famous Mystery Inc. Now, with hundreds of cases solved, Scooby and the gang face their biggest, toughest mystery ever: an evil plot to unleash the ghost dog Cerberus upon the world. As they race to stop this global “dogpocalypse,” the gang discovers that Scooby has a secret legacy and an epic destiny greater than anyone ever imagined.",6.991,1815,4.5996,en,/jHo2M1OiH9Re33jYtUQdfzPeUkx.jpg
The Outpost,Movie,2020,"A small unit of U.S. soldiers, alone at the remote Combat Outpost Keating, located deep in the valley of three mountains in Afghanistan, battles to defend against an overwhelming force of Taliban fighters in a coordinated attack. The Battle of Kamdesh, as it was known, was the bloodiest American engagement of the Afghan War in 2009 and Bravo Troop 3-61 CAV became one of the most decorated units of the 19-year conflict.",6.871,1180,4.4637,en,/saN1UywIQMQNXYx2ag9j2tPwaVl.jpg
The Old Guard,Movie,2020,Four undying warriors who've secretly protected humanity for centuries become targeted for their mysterious powers just as they discover a new immortal.,7.097,4848,4.6262,en,/cjr4NWURcVN3gW5FlHeabgBHLrY.jpg
"Miraculous World: New York, United HeroeZ",Movie,2020,"Marinette's class is headed to New York, the city of superheroes, for French-American Friendship Week. But the arrival of Hawk Moth will complicate everything.",8.087,1127,4.6106,fr,/9YbyvcrHmY2SVbdfXpb8mC4Fy0g.jpg
Sound of Metal,Movie,2020,"Metal drummer Ruben begins to lose his hearing. When a doctor tells him his condition will worsen, he thinks his career and life is over. His girlfriend Lou checks the former addict into a rehab for the deaf hoping it will prevent a relapse and help him adapt to his new life. After being welcomed and accepted just as he is, Ruben must choose between his new normal and the life he once knew.",7.698,2856,3.9874,en,/3178oOJKKPDeQ2legWQvMPpllv.jpg
Hole-in-law,Movie,2020,"An omnibus movie about the jealousy of a man who can't stand the fact that his favorite woman slept with another man in two episodes.  Episode 1  At a drinking party led by Jae-hoon, movie director Sang-min meets Hye-jin. Sang-min compliments and sleeps with her favorite Hye-jin while watching her movie. The next morning, Hye-jin's friend Mina left early because of her job, Jae-hoon and Sang-min, who were watching a movie together in Hye-jin's bed are attracted by the atmosphere and curiosity and enjoy 2 to 1.  Episode 2  Sang-min meets his school friend Ji-eun at the club.  When his foreign friend James showed interest in Ji-eun, Sang-min suddenly became interested in Ji-eun.  That night, Sang-min finds out that Ji-eun slept with James, and visits Ji-eun's house with complex emotions mixed with like, anger and jealousy and confesses that he likes her.",5.786,14,4.4473,ko,/ZAhAOX5RsstfrbLtkSjiUZGgw2.jpg
Emma.,Movie,2020,"In 1800s England, a well-meaning but selfish young woman meddles in the love lives of her friends.",7.011,1969,4.7473,en,/uHpHzbHLSsVmAuuGuQSpyVDZmDc.jpg
Vanguard,Movie,2020,Covert security company Vanguard is the last hope of survival for an accountant after he is targeted by the world's deadliest mercenary organization.,6.369,610,4.336,zh,/mKvw1Ic9enfFlCPBNJGiejRPMUO.jpg
Run,Movie,2020,"Chloe, a teenager who is confined to a wheelchair, is homeschooled by her mother, Diane. Chloe soon becomes suspicious of her mother and begins to suspect that she may be harboring a dark secret.",7.217,2905,4.4887,en,/ilHG4EayOVoYeKqslspY3pR4wzC.jpg
Another Round,Movie,2020,Four stagnant high school teachers decide to test out a theory that maintaining a constant level of intoxication will improve their overall lives.,7.625,3793,4.9811,da,/aDcIt4NHURLKnAEu7gow51Yd00Q.jpg
Your Name Engraved Herein,Movie,2020,"In 1987, as martial law ends in Taiwan, Jia-han and Birdy fall in love amid family pressure, homophobia and social stigma.",7.872,300,3.7933,zh,/ynNO5FhArEz68wRKOn4NgqVntmS.jpg
My Missing Valentine,Movie,2020,"Xiao Chi, a driven girl who's been looking for love, gets asked out by a hot guy on the eve of Valentine's Day. As she anticipates her first date, she wakes up the next morning and finds that the Valentine's Day has mysteriously passed.",6.895,43,4.6149,zh,/5BLrHWfQ3Tz39GpyBRL2qM53dEl.jpg
Mariah Carey's Magical Christmas Special,Movie,2020,"Faced with a holiday cheer crisis, the North Pole knows there's only one person who can save the day: Santa's great friend Mariah Carey. The Queen of Christmas creates a fabulous and star-studded spectacular to make the whole world merry!",6.2,72,4.1843,en,/pjPoAenlch0JVZVGCpei5XWOGiY.jpg
My Sister's Idol Trainee Friends,Movie,2020,"Jae Hoon was discharged from the army and came to his idol trainee younger sister's accommodation to stay for a few days. At the house, his sister's idol trainee friends, Hyeon Joo and Yeon Joo, are there. Her friends have a good feeling about good-looking Jae Hoon. In the middle of the war between the two women for possession of Jae Hoon, embarrassed Jae Hoon makes a shocking proposal to Hyun Joo and Yeon Joo...",6.0,4,4.0807,ko,/qhPS9o8wkmVIC0NVp9uLW8K2VT4.jpg
A Whisker Away,Movie,2020,"A peculiar girl transforms into a cat to catch her crush's attention. But before she realizes it, the line between human and animal starts to blur.",7.9,1494,4.4241,ja,/6inkRM1XGBG5vRhclCPWfMenp7N.jpg
Invasion,Movie,2020,"Two years after the fall of the alien ship, the life of a young woman from Moscow has been changed forever. Her growing powers are now at the focus of both human and celestial investigation: an alien force takes an interest in her, and will stop short of nothing, including an invasion. Can love and compassion save humanity, when faced with a much greater and more demanding test this time?",6.863,891,4.6269,ru,/eNkewJGOW44OznlnfXA8ewWPPmI.jpg
Love and Monsters,Movie,2020,"Seven years since the Monsterpocalypse began, Joel Dawson has been living underground in order to survive. But after reconnecting over radio with his high school girlfriend Aimee, Joel decides to venture out to reunite with her, despite all the dangerous monsters that stand in his way.",7.27,4483,4.3374,en,/718NnyxyQuBQcGWt9sdelA1Zc3h.jpg
Bikini Bar: Delicious Service,Movie,2020,"Minzhu ran a bar, but the business was so bad that she lost all her store deposit, and the landlord kept pressing for rent. Seeing this, Meizhen decided to develop an innovative spirit and began to provide special services in a bikini. Soon, the bar's Business is booming….",10.0,1,4.5378,ko,/pfbPZlw9AX75rPXkOQmpxJ8OV2u.jpg
Last Lover,Movie,2020,"Miyu loses her boyfriend, Mitsuki, in a truck accident. While grieving, strange phenomena begin to occur around her, and soon a colleague is murdered. Concerned about the series of deaths, she confides in her senior colleague, Konishi, and gradually finds herself drawn to him. But one day, Mitsuki suddenly reappears…",0.0,0,3.3038,ja,/tmE8kOrP6tbAkPDYVrZyTyPqXcn.jpg
Gabriel's Inferno,Movie,2020,"An intriguing and sinful exploration of seduction, forbidden love, and redemption, Gabriel's Inferno is a captivating and wildly passionate tale of one man's escape from his own personal hell as he tries to earn the impossible--forgiveness and love.",8.384,2472,4.4774,en,/oyG9TL7FcRP4EZ9Vid6uKzwdndz.jpg
Promising Young Woman,Movie,2020,"A young woman, traumatized by a tragic event in her past, seeks out vengeance against those who crossed her path.",7.386,3731,4.1419,en,/73QoFJFmUrJfDG2EynFjNc5gJxk.jpg
The Banker,Movie,2020,"In the 1960s, two entrepreneurs hatch an ingenious business plan to fight for housing integration—and equal access to the American Dream.",7.615,1116,3.7451,en,/biXzsw22U6vSd0XktmZwAOc4uik.jpg
Wolf Girl – Teaching Wild Girls,Movie,2020,"At the request of his uncle, Tak-yi, who managed the Youth Association for several months, is a clergyman. Taki is concerned about the unidentified girl wandering around. I don’t want to meet you, but I feel sad after seeing my boat sit on the road. Tak decided to take a girl home for a while to protect her from a shabby inn, and she seems to have been left on the street from a very young age. Taki gives the girl the name Flower and does her best to serve as a guardian, but she begins to know what she needs to do to eat a side dish.",0.0,0,3.9009,ko,/bjwiQrTV4lJhhYIetSndZzAvZpG.jpg
18 Year Old Model Rika's Fancy Walk,Movie,2020,"At first, Yoo-jeong and Min-soo really loved each other. However, in a few months, there is a period of boredom between the two. Two people face each other and don't eat. Yoo-jeong confides her worries to her friend So-hyeon. But So-hyeon never misses the chance and confesses her feelings to Min-soo. Min-soo’s heart is shaken by So-hyeon. I'm meeting So-hyeon secretly. After a secret meeting with So-hyeon, he finds some time to relax.",5.1,5,4.6067,ko,/neTFIO3YIDcH6p8e8a0ka0V21fO.jpg
Ava,Movie,2020,A black ops assassin is forced to fight for her own survival after a job goes dangerously wrong.,5.824,2769,4.3332,en,/qzA87Wf4jo1h8JMk9GilyIYvwsA.jpg
FROM,TV Show,2020,"Unravel the mystery of a nightmarish town in middle America that traps all those who enter. As the unwilling residents fight to keep a sense of normalcy and search for a way out, they must also survive the threats of the surrounding forest – including the terrifying creatures that come out when the sun goes down.",8.505,3872,765.3461,en,/pRtJagIxpfODzzb0T0NAvZSzErC.jpg
House of the Dragon,TV Show,2020,"The Targaryen dynasty is at the absolute apex of its power, with more than 15 dragons under their yoke. Most empires crumble from such heights. In the case of the Targaryens, their slow fall begins when King Viserys breaks with a century of tradition by naming his daughter Rhaenyra heir to the Iron Throne. But when Viserys later fathers a son, the court is shocked when Rhaenyra retains her status as his heir, and seeds of division sow friction across the realm.",8.4,6413,494.1472,en,/7V0Ebks0GgpKvQ7QbLAIdX5dos4.jpg
Xplay,TV Show,2020,"Xplay (previously GameSpot TV and Extended Play) is a TV program about video games. The program, known for its reviews and comedy skits, airs on G4 in the United States and had aired on G4 Canada in Canada (and briefly on YTV during its time as GameSpot TV), FUEL TV in Australia, Ego in Israel, GXT in Italy, MTV Russia & Rambler TV in Russia, Solar Sports in the Philippines and Adult Swim and MuchMusic in Latin America. The show ran between July 4, 1998, and January 23, 2013, and returned in November 2021 as a part of G4's relaunch.",8.0,3,400.4115,en,/7ynD7g4U9hOODu1Jzf6VN4zQc6a.jpg
Adam's Sweet Agony,TV Show,2020,"This is the story of a boy, who became the lone Adam among four billion Eves. In a world where a pandemic has rendered all men impotent, high school student Itsuki is the exception who escaped it. In order to protect this secret, he transfers to a very special high school, which turns out to be composed of 90% girls! There, he encounters an upbeat and friendly senior, a sexually frustrated female teacher, a tomboyish school 'prince,' and an heiress from a wealthy family. For Itsuki, who has his pick of any woman in the world, the question remains: which one will he choose?",6.786,35,311.8869,ja,/1n1ZP0KHXUSvVxZG63x7aOzmO4M.jpg
Law & Order: Special Victims Unit,TV Show,2020,"In the criminal justice system, sexually-based offenses are considered especially heinous. In New York City, the dedicated detectives who investigate these vicious felonies are members of an elite squad known as the Special Victims Unit. These are their stories.",7.95,4263,285.3782,en,/iofokHZoUB4Qhik4PflvJl8TT6a.jpg
Knot,TV Show,2020,"A young man’s life changes forever when a powerful Alpha marks him, binding their fates together in an inescapable bond.",9.0,1,281.4824,th,/8z62pp4K602d1y6079oU1GBeiAG.jpg
Off Campus,TV Show,2020,"Hannah Wells tutors hockey captain Garrett Graham to win over her crush. Their deal becomes real connection as they face their pasts. Friends Logan, Dean, Tucker, and Allie navigate college life and love.",8.964,600,262.9005,en,/cbODFqkcmRgrYH8NkG4Q4Hcg8Z1.jpg
Avatar: The Last Airbender,TV Show,2020,A young boy known as the Avatar must master the four elemental powers to save a world at war — and fight a ruthless enemy bent on stopping him.,7.804,1178,286.8657,en,/lzZpWEaqzP0qVA5nkCc5ASbNcSy.jpg
The Rookie,TV Show,2020,"Starting over isn't easy, especially for small-town guy John Nolan who, after a life-altering incident, is pursuing his dream of being an LAPD officer. As the force's oldest rookie, he's met with skepticism from some higher-ups who see him as just a walking midlife crisis.",8.552,3347,230.104,en,/70kTz0OmjjZe7zHvIDrq2iKW7PJ.jpg
Agent Kim Reactivated,TV Show,2020,"When an unassuming dad's daughter goes missing, he dusts off his old black-ops skills to track her down — only to attract the wrong kind of attention.",8.2,13,224.5247,ko,/jruaZAm1KjkFRhgRcdF8tqakhpH.jpg
Law & Order,TV Show,2020,"In cases ripped from the headlines, police investigate serious and often deadly crimes, weighing the evidence and questioning the suspects until someone is taken into custody. The district attorney's office then builds a case to convict the perpetrator by proving the person guilty beyond a reasonable doubt. Working together, these expert teams navigate all sides of the complex criminal justice system to make New York a safer place.",7.3,693,209.9667,en,/haJ9eHytVO3H3JooMJG1DiWwDNm.jpg
Never-Ending Summer,TV Show,2020,"To save her gravely ill grandmother, top student Zhou Wan approaches her mother's stepson, Lu Xixiao, for funds. They fall for each other over the summer after graduation but are torn apart by misunderstandings in reality. Ten years later, they reunite at work. Though Lu Xixiao harbors resentment, his love for Zhou Wan remains. As they uncover the truth behind a ""factory accident,"" they resolve their differences and reunite.",9.0,2,203.4975,zh,/2b4rQPbFY8BnL9xuQKaT3ZELlqx.jpg
Notes from the Last Row,TV Show,2020,"A literature professor discovers a student's talent and offers him writing lessons — but as he sinks into the story, their sessions spiral into chaos.",8.625,16,205.4955,ko,/paRFCxAJRZOypfgnzYLo6KH5jjO.jpg
Dutton Ranch,TV Show,2020,"Rip Wheeler and Beth Dutton gamble everything on a new life in South Texas, but the promise of building a future far from the ghosts of Yellowstone quickly collides with brutal new realities and a rival ranch that will stop at nothing to protect its empire.",9.3,339,213.0244,en,/xsiecCxd8lkcAluw0wWwbW5CwSv.jpg
Grey's Anatomy,TV Show,2020,Follows the personal and professional lives of a group of doctors at Seattle's Grey Sloan Memorial Hospital.,8.21,10948,213.0097,en,/hjJkrLXhWvGHpLeLBDFznpBTY1S.jpg
NCIS,TV Show,2020,"From murder and espionage to terrorism and stolen submarines, a team of special agents investigates any crime that has any connection to Navy and Marine Corps personnel, regardless of rank or position.",7.618,2523,205.3894,en,/mBcu8d6x6zB1el3MPNl7cZQEQ31.jpg
Supernatural,TV Show,2020,"When they were boys, Sam and Dean Winchester lost their mother to a mysterious and demonic supernatural force. Subsequently, their father raised them to be soldiers. He taught them about the paranormal evil that lives in the dark corners and on the back roads of America ... and he taught them how to kill it. Now, the Winchester brothers crisscross the country in their '67 Chevy Impala, battling every kind of supernatural threat they encounter along the way. ",8.311,8501,219.0527,en,/8iixmfGx5EIFPdpNvB2JvI3VIqX.jpg
The Boys,TV Show,2020,A group of vigilantes known informally as “The Boys” set out to take down corrupt superheroes with no more than blue-collar grit and a willingness to fight dirty.,8.448,13022,216.8543,en,/in1R2dDc421JxsoRWaIIAqVI2KE.jpg
The Mentalist,TV Show,2020,"Patrick Jane, a former celebrity psychic medium, uses his razor sharp skills of observation and expertise at ""reading"" people to solve serious crimes with the California Bureau of Investigation.",8.357,4374,206.0103,en,/acYXu4KaDj1NIkMgObnhe4C4a0T.jpg
Game of Thrones,TV Show,2020,"Seven noble families fight for control of the mythical land of Westeros. Friction between the houses leads to full-scale war. All while a very ancient evil awakens in the farthest north. Amidst the war, a neglected military order of misfits, the Night's Watch, is all that stands between the realms of men and icy horrors beyond.",8.464,27138,207.6338,en,/1XS1oqL89opfnbLl8WnZY1O1uJx.jpg
Family Guy,TV Show,2020,"Sick, twisted, politically incorrect and Freakin' Sweet animated series featuring the adventures of the dysfunctional Griffin family. Bumbling Peter and long-suffering Lois have three kids. Stewie (a brilliant but sadistic baby bent on killing his mother and taking over the world), Meg (the oldest, and is the most unpopular girl in town) and Chris (the middle kid, he's not very bright but has a passion for movies). The final member of the family is Brian - a talking dog and much more than a pet, he keeps Stewie in check whilst sipping Martinis and sorting through his own life issues.",7.406,4995,195.3882,en,/3PFsEuAiyLkWsP4GG6dIV37Q6gu.jpg
The Simpsons,TV Show,2020,"Set in Springfield, the average American town, the show focuses on the antics and everyday adventures of the Simpson family; Homer, Marge, Bart, Lisa and Maggie, as well as a virtual cast of thousands. Since the beginning, the series has been a pop culture icon, attracting hundreds of celebrities to guest star. The show has also made name for itself in its fearless satirical take on politics, media and American life in general.",8.019,10847,188.7205,en,/uWpG7GqfKGQqX4YMAo3nv5OrglV.jpg
Teach You a Lesson,TV Show,2020,An inspector from the Educational Rights Protection Bureau (ERPB) who is authorized by the government to use physical intervention and unconventional methods to discipline delinquent students and reform the educational system.,9.475,560,182.5171,ko,/fMECSPrTmRClSViMsXFYmiYIcWP.jpg
A Girl's Guide to 21st Century Sex,TV Show,2020,"A Girl's Guide to 21st Century Sex is a documentary TV series about sex, which ran in eight episodes on Channel 5 and was presented by Dr Catherine Hood. The 45-minute long episodes were broadcast on Monday nights. The series started on 30 October 2006, with the final programme broadcast on 18 December 2006.

Each episode explained a sex position and covered a sexually transmitted disease. Additionally, the following topics were discussed: sex among handicapped and overweight people, penis enlargement devices, penis enlargement surgery, sexual violence against men and penis removal, tantric sex, the g-spot, erectile dysfunction, sex reassignment surgery, cosmetic surgery of the vagina, swinging, lichen sclerosus, the use of recreational drugs during sex, male homosexual sex in public toilets, full body plastic wrap bondage, and sex dolls.",5.2,18,180.7022,en,/9NSX2YrFGBIih0XqRedsSbDVx4U.jpg
Criminal Minds,TV Show,2020,"An elite team of FBI profilers analyze the country's most twisted criminal minds, anticipating their next moves before they strike again. The Behavioral Analysis Unit's most experienced agent is David Rossi, a founding member of the BAU who returns to help the team solve new cases.",8.303,4103,172.0989,en,/hWSb4UnIjlTvnvrP98NbFSO60HA.jpg
The Polygamist,TV Show,2020,"Social media darling, Joyce, is the picture of marital perfection — until her cheating husband's conquests ignite a scandalous emotional meltdown.",8.754,63,169.0685,zu,/emnQZe22rYBCsbZ7h1TUAkYEzrZ.jpg
Souryo to Majiwaru Shikiyoku no Yoru ni...,TV Show,2020,"At a high school reunion, Mio Fukatani reunites with a classmate she has not seen in years—Takahide Kujou. She had always wanted to know more about the kind-hearted boy in high school, but once she realizes that Kujou has become a monk, she believes that any chance of getting to know him romantically is slim. Deciding to drink away her sorrows, she ends up walking home drunk, and surprisingly, running into Kujou who helps her get home.

However, once inside, Kujou's lust for Mio becomes apparent and the two share an erotic night of passion. As this steamy romance blossoms between these two unlikely lovers, Mio and Kujou will undoubtedly spend many nights together in utter ecstasy.",5.3,14,167.2914,ja,/ueI9EeoRdMVa7hWEm21nQEU8Zv3.jpg
Overflow,TV Show,2020,"Kazushi Sudou is a university student who is visited by his two childhood friends, the sisters Ayane and Kotone Shirakawa. When Ayane discovers that Kazushi not only forgot to buy her pudding but is also using her special lotion in the bath, she decides to take revenge and join Kazushi in his bath along with Kotone. Will the perverted Kazushi be able to remain indifferent to them both?",7.3,88,160.1696,ja,/8RtwL5gxUvh9YViqjhNlVRvJpum.jpg
Raakh,TV Show,2020,"When two teenagers vanish, a close-knit family is shattered and the city is left on edge. Determined to uncover the truth, a relentless officer leads a nationwide manhunt that pulls him deep into a world of violence and human depravity.",9.143,7,156.5636,hi,/5MbNy94ia4ZLf8OGtSfSjjlxxWN.jpg
Sesame Street,TV Show,2020,"On a special inner city street, the inhabitants—human and muppet—teach preschoolers basic educational and social concepts using comedy, cartoons, games, and songs.",7.13,284,154.3658,en,/14k9BfZ2p4rQBMeJ5crKTfUZVwD.jpg
Rick and Morty,TV Show,2020,Follows a sociopathic genius scientist who drags his inherently timid grandson on adventures across the universe.,8.678,11038,153.6188,en,/owhkU6KRqdXoUQpjV8uyZGPtX58.jpg
Hunter x Hunter,TV Show,2020,"Gon Freecss discovers that the father he had always been told was dead was actually alive the whole time. Ging is a famous Hunter: an individual who has proven themself an elite member of humanity. Gon becomes determined to follow in his father's footsteps, pass the rigorous Hunter Examination.",8.442,214,153.411,ja,/eobAuhCJA8oRp814V67WhezVXtQ.jpg
Miraculous: Tales of Ladybug & Cat Noir,TV Show,2020,"Marinette and Adrien, two Parisian teenagers, are entrusted with powerful jewels in order to transform into superheroes Ladybug and Cat Noir. But neither hero knows the other's true identity — or that they're classmates!",8.058,4609,149.8966,fr,/acrtAy8gmxcsEvrDP09MpMSCeDZ.jpg
House,TV Show,2020,"Dr. Gregory House, a drug-addicted, unconventional, misanthropic medical genius, leads a team of diagnosticians at the fictional Princeton–Plainsboro Teaching Hospital in New Jersey.",8.566,7654,146.7527,en,/3Cz7ySOQJmqiuTdrc6CY0r65yDI.jpg
Midsomer Murders,TV Show,2020,"The peacefulness of the Midsomer community is shattered by violent crimes, suspects are placed under suspicion, and it is up to a veteran DCI and his young sergeant to calmly and diligently eliminate the innocent and ruthlessly pursue the guilty. ",7.5,357,146.128,en,/pz7tsWxe0TTdfJnWPjZAEnrSl5M.jpg
Stranger Things,TV Show,2020,"When a young boy vanishes, a small town uncovers a mystery involving secret experiments, terrifying supernatural forces, and one strange little girl.",8.6,21382,144.7875,en,/uOOtwVbSr4QDjAGIifLDwpb2Pdl.jpg
6 Lovers,TV Show,2020,"The July issue of Dear+ announced anime adaptions of a series of manga serialized in the magazine in celebration of the magazine's 20th anniversary. Six anime series are collected into an ""in motion"" series titled ""6 Lovers.""",8.3,3,143.0365,ja,/6QCUTINWv4rxmWs6EGYDjqawU8c.jpg
Gram Chikitsalay,TV Show,2020,"The young, idealistic and brilliant Dr. Prabhat, takes charge of a neglected Primary Health Centre in a North India Village hoping to bring about much needed changes only to realise it is he who will have do change before anything else.",6.25,12,142.5123,hi,/peRHZYhvuA6MLTJkpf5nIjgsWx5.jpg
Minnale,TV Show,2020,,0.0,0,139.9211,ta,/wACr0ARXdPXZeakkw2ecg4PrDId.jpg
Breaking Bad,TV Show,2020,"Walter White, a New Mexico chemistry teacher, is diagnosed with Stage III cancer and given a prognosis of only two years left to live. He becomes filled with a sense of fearlessness and an unrelenting desire to secure his family's financial future at any cost as he enters the dangerous world of drugs and crime.",8.947,18027,138.7191,en,/ztkUQFLlC19CCMYHW9o1zWhJRNq.jpg
S.W.A.T.,TV Show,2020,"A Los Angeles S.W.A.T. sergeant is assigned to lead a highly skilled unit in the community where he grew up. Torn between loyalty to the streets, where the cops are sometimes the enemy, and allegiance to his brothers in blue, he strategically straddles the two worlds.",8.041,1575,138.3737,en,/1l7vsAIkqOzrqiPwjO27Cb5QdfJ.jpg
I Will Find You,TV Show,2020,"Wrongfully imprisoned for murdering his own son, a father sets out on a desperate rescue mission after learning the boy may still be alive.",8.31,175,137.9621,en,/pb9oYHHNzauiCQZT03MpDAg46GI.jpg
Bones,TV Show,2020,"Dr. Temperance Brennan and her colleagues at the Jeffersonian's Medico-Legal Lab assist Special Agent Seeley Booth with murder investigations when the remains are so badly decomposed, burned or destroyed that the standard identification methods are useless.",8.187,3515,137.4938,en,/eyTu5c8LniVciRZIOSHTvvkkgJa.jpg
Smallville,TV Show,2020,The origins of the world’s greatest hero–from Krypton refugee Kal-el’s arrival on Earth through his tumultuous teen years to Clark Kent’s final steps toward embracing his destiny as the Man of Steel.,8.191,4491,137.0342,en,/mHZSq8LA5Dt48JjaOZ5tcPXQRVN.jpg
CSI: Crime Scene Investigation,TV Show,2020,"A Las Vegas team of forensic investigators are trained to solve criminal cases by scouring the crime scene, collecting irrefutable evidence and finding the missing pieces that solve the mystery.",7.6,1393,136.4544,en,/i5hmoRjHNWady4AtAGICTUXknKH.jpg
Yellowstone,TV Show,2020,"Follow the violent world of the Dutton family, who controls the largest contiguous ranch in the United States. Led by their patriarch John Dutton, the family defends their property against constant attack by land developers, an Indian reservation, and America’s first National Park.",8.269,3191,135.9528,en,/vOYfRZ0NpUK5hG2CB2dJFnYJlGe.jpg
Secret Mission - Undercover Agents Never Back Down!,TV Show,2020,"Narcotics Enforcement Agent Riko Ikazuchi is undercover with her junior colleague Noma in an apartment that serves as the hideout for a criminal organization. Despite Riko and Noma posing as a newlywed couple, the criminals begin to suspect them after not hearing any marital intimacy during the night. To convince them that they are a loving couple, Noma starts touching Riko's body...",6.1,25,135.8157,ja,/xZV8e1iKi85PFZlbQBdznvtpAVJ.jpg
Shameless,TV Show,2020,"Chicagoan Frank Gallagher is the proud single dad of six smart, industrious, independent kids, who without him would be... perhaps better off. When Frank's not at the bar spending what little money they have, he's passed out on the floor. But the kids have found ways to grow up in spite of him. They may not be like any family you know, but they make no apologies for being exactly who they are.",8.169,3369,135.6926,en,/ifo31fMWLmyOVpdak9K0kY4jldQ.jpg
The Blacklist,TV Show,2020,"Raymond ""Red"" Reddington, one of the FBI's most wanted fugitives, surrenders in person at FBI Headquarters in Washington, D.C. He claims that he and the FBI have the same interests: bringing down dangerous criminals and terrorists. In the last two decades, he's made a list of criminals and terrorists that matter the most but the FBI cannot find because it does not know they exist. Reddington calls this ""The Blacklist"". Reddington will co-operate, but insists that he will speak only to Elizabeth Keen, a rookie FBI profiler.",7.634,3608,131.7577,en,/4HTfd1PhgFUenJxVuBDNdLmdr0c.jpg
American Dad!,TV Show,2020,"The series focuses on an eccentric motley crew that is the Smith family and their three housemates: Father, husband, and breadwinner Stan Smith; his better half housewife, Francine Smith; their college-aged daughter, Hayley Smith; and their high-school-aged son, Steve Smith. Outside of the Smith family, there are three additional main characters, including Hayley's boyfriend turned husband, Jeff Fischer; the family's man-in-a-goldfish-body pet, Klaus; and most notably the family's zany alien, Roger, who is ""full of masquerades, brazenness, and shocking antics.""",7.011,2385,127.4298,en,/eb9sH2am9IUSQ8GhXTNAVoujk8W.jpg
CHILL CLUB 推介,TV Show,2020,,0.0,0,124.0979,cn,/3n0cY8IQTtFf8JSGpVrYbfcR0Wa.jpg
Prison Break,TV Show,2020,"Due to a political conspiracy, an innocent man is sent to death row and his only hope is his brother, who makes it his mission to deliberately get himself sent to the same prison in order to break the both of them out, from the inside out.",8.068,5992,123.1362,en,/wnmNPaLvhnMeOqnWlhNkYCZxtda.jpg
The Bear,TV Show,2020,"Carmy, a young fine-dining chef, comes home to Chicago to run his family sandwich shop. As he fights to transform the shop and himself, he works alongside a rough-around-the-edges crew that ultimately reveal themselves as his chosen family.",8.137,1777,122.9638,en,/eKfVzzEazSIjJMrw9ADa2x8ksLz.jpg
The Prosecutor's Proposal,TV Show,2020,"A victim’s son and a killer’s son reunite as a prosecutor and investigator, fighting systemic corruption while becoming each other's salvation.",0.0,0,122.2712,ko,/lK6DrnFecG0AsA8O5UqEYOrOArd.jpg
Vikings,TV Show,2020,"The adventures of Ragnar Lothbrok, the greatest hero of his age. The series tells the sagas of Ragnar's band of Viking brothers and his family, as he rises to become King of the Viking tribes. As well as being a fearless warrior, Ragnar embodies the Norse traditions of devotion to the gods. Legend has it that he was a direct descendant of Odin, the god of war and warriors.",8.096,7672,122.1404,en,/bQLrHIRNEkE3PdIWQrZHynQZazu.jpg
Lucifer,TV Show,2020,"Bored and unhappy as the Lord of Hell, Lucifer Morningstar abandoned his throne and retired to Los Angeles, where he has teamed up with LAPD detective Chloe Decker to take down criminals. But the longer he's away from the underworld, the greater the threat that the worst of humanity could escape.",8.433,15523,122.0408,en,/ekZobS8isE6mA53RAiGDG93hBxL.jpg
The Flash,TV Show,2020,"After being struck by lightning, CSI investigator Barry Allen awakens from a nine-month coma to discover he has been  granted the gift of super speed.  Teaming up with S.T.A.R. Labs, Barry takes on the persona of The Flash, the Fastest  Man Alive, to protect his city.",7.758,11643,121.2606,en,/yZevl2vHQgmosfwUdVNzviIfaWS.jpg
Arrow,TV Show,2020,"Spoiled billionaire playboy Oliver Queen is missing and presumed dead when his yacht is lost at sea. He returns five years later a changed man, determined to clean up the city as a hooded vigilante armed with a bow.",6.835,6361,121.0449,en,/u8ZHFj1jC384JEkTt3vNg1DfWEb.jpg
Suits,TV Show,2020,"While running from a drug deal gone bad, Mike Ross, a brilliant young college-dropout, slips into a job interview with one of New York City's best legal closers, Harvey Specter. Tired of cookie-cutter law school grads, Harvey takes a gamble by hiring Mike on the spot after he recognizes his raw talent and photographic memory.",8.222,5760,118.5691,en,/vQiryp6LioFxQThywxbC6TuoDjy.jpg
The Office,TV Show,2020,"The everyday lives of office employees in the Scranton, Pennsylvania branch of the fictional Dunder Mifflin Paper Company.",8.6,5260,118.494,en,/7DJKHzAi83BmQrWLrYYOqcoKfhR.jpg
Dexter,TV Show,2020,"Dexter Morgan, a blood spatter pattern analyst for the Miami Metro Police also leads a secret life as a serial killer, hunting down criminals who have slipped through the cracks of justice.",8.239,5603,115.5211,en,/q8dWfc4JwQuv3HayIZeO84jAXED.jpg
Friends,TV Show,2020,"Six young people from New York City, on their own and struggling to survive in the real world, find the companionship, comfort and support they get from each other to be the perfect antidote to the pressures of life.",8.418,9170,115.4045,en,/2koX1xLkpTQM4IZebYvKysFW1Nh.jpg
Watch What Happens Live with Andy Cohen,TV Show,2020,Bravo network executive Andy Cohen discusses pop culture topics with celebrities and reality show personalities.,5.0,87,115.3725,en,/onSD9UXfJwrMXWhq7UY7hGF2S1h.jpg
Running Man,TV Show,2020,"These days, as variety shows are gradually disappearing, this is one of Korea’s representative variety shows that has been responsible for Sunday evenings for over 10 years. This program features numerous stars and members going around various places, playing games, and completing missions. In particular, among the many fun elements of variety shows, this one focuses solely on laughter.

Open your eyes! Big fun is coming in!

Open your mouth! Big laughter is coming in!

Open your heart! Useful lessons are coming in!",8.2,213,115.0627,ko,/2Wmmu1MkqxJ48J7aySET9EKEjXz.jpg
The Last Ship,TV Show,2020,"Their mission is simple: Find a cure. Stop the virus. Save the world. When a global pandemic wipes out eighty percent of the planet's population, the crew of a lone naval destroyer must find a way to pull humanity from the brink of extinction.",6.864,1033,113.4998,en,/xH529hDtPxhslAEeCrN7gD64ZMX.jpg
Doctor Who,TV Show,2020,"The Doctor is a Time Lord: a 900 year old alien with 2 hearts, part of a gifted civilization who mastered time travel. The Doctor saves planets for a living—more of a hobby actually, and the Doctor's very, very good at it.",7.6,3387,112.4783,en,/m6G92osOtSeXwjSfL21jZCUOvxe.jpg
Euphoria,TV Show,2020,"A group of high school students navigate love and friendships in a world of drugs, sex, trauma, and social media.",8.284,10910,111.6242,en,/ypmtwojDd751Peszi62DVLytqqC.jpg
Modern Family,TV Show,2020,"The Pritchett-Dunphy-Tucker clan is a wonderfully large and blended family. They give us an honest and often hilarious look into the sometimes warm, sometimes twisted, embrace of the modern family.",7.912,3394,110.9765,en,/k5Qg5rgPoKdh3yTJJrLtyoyYGwC.jpg
Renegade Immortal,TV Show,2020,"It tells the story of Wang Lin, an ordinary young man in the countryside, who is moved by his heart and cultivates against immortality. His pursuit is not only for longevity, but also for getting rid of the ants behind it. He firmly believed in human beings and entered the path of cultivation with mediocre qualifications. After experiencing ups and downs, with his wise mind, he gradually reached the pinnacle and became famous in the cultivation world with his own strength.",8.4,37,110.799,zh,/2jEJSCLFjniFT7z4YvyY9Ywo1lc.jpg
"Crazy Love, Moo-Moo!",TV Show,2020,"To drive away a persistent admirer, MooMoo interns at his hotel to show off his worst habits, only to find himself falling for the man he hates.",7.5,2,109.7072,th,/bpj6cELj5j3SzkMoncQCYDY19Ve.jpg
The Walking Dead,TV Show,2020,Sheriff's deputy Rick Grimes awakens from a coma to find a post-apocalyptic world dominated by flesh-eating zombies. He sets out to find his family and encounters many other survivors along the way.,8.086,17921,109.0172,en,/aN29llVoCFtBTwDZFtqdD9d8dHb.jpg
The Sopranos,TV Show,2020,"The story of New Jersey-based Italian-American mobster Tony Soprano and the difficulties he faces as he tries to balance the conflicting requirements of his home life and the criminal organization he heads. Those difficulties are often highlighted through his ongoing professional relationship with psychiatrist Jennifer Melfi. The show features Tony's family members and Mafia associates in prominent roles and story arcs, most notably his wife Carmela and his cousin and protégé Christopher Moltisanti.",8.673,3514,107.3645,en,/rTc7ZXdroqjkKivFPvCPX0Ru7uw.jpg
Jimihen!! Jimiko o Kae Chau Jun Isei Kouyuu,TV Show,2020,"The story follows Rena Yukuhasahi, a reserved office lady and Ryouhei Hachiya, a businessman and fellow colleague. Yukuhasahi appears to be the most reserved girl in the company, but becomes a super beautiful woman when she dresses up. Flustered in the presence of her transformed self, Hachiya insists on taking her out, only to find themselves in front of a love hotel.",6.4,25,106.687,ja,/to5FshluwPdO9d3Ucs7fagJL7OU.jpg
Resort,TV Show,2020,A debt-ridden room service boy rises to challenge a ruthless kitchen at a luxurious beachside haven.,0.0,0,106.2553,ta,/cL7iOwqapRRb7eKKlXI4FDaP6rh.jpg
JUJUTSU KAISEN,TV Show,2020,"Yuji Itadori is a boy with tremendous physical strength, though he lives a completely ordinary high school life. One day, to save a classmate who has been attacked by curses, he eats the finger of Ryomen Sukuna, taking the curse into his own soul. From then on, he shares one body with Ryomen Sukuna. Guided by the most powerful of sorcerers, Satoru Gojo, Itadori is admitted to Tokyo Jujutsu High School, an organization that fights the curses... and thus begins the heroic tale of a boy who became a curse to exorcise a curse, a life from which he could never turn back.",8.578,4508,104.7259,ja,/fHpKWq9ayzSk8nSwqRuaAUemRKh.jpg
Reacher,TV Show,2020,"Jack Reacher, a veteran military police investigator, has just recently entered civilian life. Reacher is a drifter, carrying no phone and the barest of essentials as he travels the country and explores the nation he once served.",8.08,2900,104.5994,en,/31GlRQMiDunO8cl3NxTz34U64rf.jpg
Doraemon,TV Show,2020,"Robotic cat Doraemon is sent back in time from the 22nd century to protect 10-year-old Noby, a lazy and uncoordinated boy who is destined to have a tragic future. Doraemon can create secret gadgets from a pocket on his stomach, but they usually cause more bad than good because of Noby's propensity to misuse them.",8.067,232,104.3438,ja,/9ZN1P32SHviL3SV51qLivxycvcx.jpg
PAW Patrol,TV Show,2020,"Marshall, Rocky, Rubble, Zuma and Skye are doing their best to protect the people of their town. Led by Ryder, a tech-savvy 10-year-old boy, each of them is equipped with special equipment and together they help anyone who finds themselves in trouble. No task is too big for them and no puppy is too small.",7.0,812,103.337,en,/8HXkgUBO5OF8ZK9XbY69RM4S5rv.jpg
The Late Show with Stephen Colbert,TV Show,2020,"Stephen Colbert brings his signature satire and comedy to The Late Show with Stephen Colbert, the #1 show in late night, where he talks with an eclectic mix of guests about what is new and relevant in the worlds of politics, entertainment, business, music, technology, and more. Featuring bandleader Jon Batiste with his band Stay Human, the Emmy Award-nominated show is broadcast from the historic Ed Sullivan Theater.",6.093,356,101.5009,en,/9jkThAGYj2yp8jsS6Nriy5mzKFT.jpg
Kamen Rider,TV Show,2020,"Takeshi Hongo is a promising young man with a passion for motorcycle racing. However, his dreams are suddenly ruined when he gets kidnapped by Shocker, the evil secret organization planning to dominate the world. After being remodeled into a cyborg, Takeshi escapes and swears to protect the world from the inhuman monsters.",6.45,101,101.2794,ja,/2DIBDFHiKQawz4WPsYekl9DHwyA.jpg
Homeland,TV Show,2020,"CIA officer Carrie Mathison is tops in her field despite being bipolar, which makes her volatile and unpredictable. With the help of her long-time mentor Saul Berenson, Carrie fearlessly risks everything, including her personal well-being and even sanity, at every turn.",7.584,2594,100.8986,en,/6GAvS2e6VIRsms9FpVt33PsCoEW.jpg
Stargate SG-1,TV Show,2020,"The story of Stargate SG-1 begins about a year after the events of the feature film, when the United States government learns that an ancient alien device called the Stargate can access a network of such devices on a multitude of planets. SG-1 is an elite Air Force special operations team, one of more than two dozen teams from Earth who explore the galaxy and defend against alien threats such as the Goa'uld, Replicators, and the Ori.",8.268,1834,100.3684,en,/dQjmI7XxI47v8IM2MUysHG0LuU2.jpg
The Daily Show,TV Show,2020,"The World's Fakest News Team tackle the biggest stories in news, politics and pop culture.",6.405,641,99.8086,en,/ixcfyK7it6FjRM36Te4OdblAq4X.jpg
Grimm,TV Show,2020,"After Portland homicide detective Nick Burkhardt discovers he's descended from an elite line of criminal profilers known as ""Grimms,"" he increasingly finds his responsibilities as a detective at odds with his new responsibilities as a Grimm.",8.27,3558,99.3419,en,/iOptnt1QHi6bIHmOq6adnZTV0bU.jpg
Lost,TV Show,2020,"Stripped of everything, the survivors of a horrific plane crash must work together to stay alive. But the island holds many secrets.",7.958,5115,99.1839,en,/og6S0aTZU6YUJAbqxeKjCa3kY1E.jpg
Chicago Fire,TV Show,2020,"An edge-of-your-seat view into the lives of everyday heroes committed to one of America's noblest professions. For the firefighters, rescue squad and paramedics of Chicago Firehouse 51, no occupation is more stressful or dangerous, yet so rewarding and exhilarating. These courageous men and women are among the elite who forge headfirst into danger when everyone else is running the other way and whose actions make the difference between life and death.",8.4,2404,98.7013,en,/r915sk2JpthZSjHEgZKifWxgo6L.jpg
Desperate Housewives,TV Show,2020,"Looking down on her friends and family isn't a way of life for Mary Alice Young... it's a way of death. One day, in her perfect house, in the loveliest of suburbs, Mary Alice ended it all. Now she's taking us into the lives of her family, friends and neighbors, commenting from her elevated P.O.V.",7.9,2085,97.6028,en,/sywYmV9c9Vj2U7ocqNyfDt2pz3r.jpg
Harem in the Labyrinth of Another World,TV Show,2020,"High school student Michio Kaga was wandering aimlessly through life and the Internet, when he finds himself transported from a shady website to a fantasy world — reborn as a strong man who can use ""cheat"" powers. He uses his powers to become an adventurer, earn money, and get the right to claim girls that have idol-level beauty to form his very own harem.",7.3,156,97.5001,ja,/drAnsk5w2PX5x3ooPv7I2xr3ksq.jpg
The Tonight Show Starring Jimmy Fallon,TV Show,2020,"After Jay Leno's second retirement from the program, Jimmy Fallon stepped in as his permanent replacement. After 42 years in Los Angeles the program was brought back to New York.",5.802,378,96.9092,en,/1N4o5PmmqhlVDrcdJ2RlCFWbLGX.jpg
Slay the Gods,TV Show,2020,"""If the dark night comes to an end, I will stand in front of tens of thousands of people, slashing my sword into the abyss, staining the sky with blood!"" Have you ever thought that monsters from ancient myths lurk under the bright neon cities? Have you ever thought that above the moon hanging high above the heads of the world, there are gods watching over the world? Have you ever thought that in the crowded modern cities, there are extraordinary people who walk the world in place of gods?",8.3,16,96.3938,zh,/n4lEQkgCDuOP3TNvIjkzn5QjRp.jpg
Crazy Over His Fingers: Just the Two of Us in a Salon After Closing,TV Show,2020,"Fumi works as an assistant at a popular salon in the city and is aiming to become a hairdresser. She receives strict guidance from Sousuke, the salon's charismatic hairdresser and manager. Every time he touches Fumi, she becomes agitated. One day after the salon closed, Fumi stands in as Sousuke's practice partner at the shampoo station. As he touches her and sprinkles her with water, she becomes angry again! Or so the thought...could she actually be attracted to him? Sousuke flashes an evil smile as he senses Fumi's heart, and his fingertips start to stroke every corner of her body...Fumi cannot refuse his fingers anymore.",6.4,19,96.3672,ja,/hlk5xhZw5uSBJvpJD3xbX2k6BhA.jpg
Spartacus,TV Show,2020,"Torn from his homeland and the woman he loves, Spartacus is condemned to the brutal world of the arena where blood and death are primetime entertainment.",8.029,2964,95.9873,en,/c2GKN4VHCj1dnjFMANRpGkCVBae.jpg
The Vampire Diaries,TV Show,2020,"The story of two vampire brothers obsessed with the same girl, who bears a striking resemblance to the beautiful but ruthless vampire they knew and loved in 1864.",8.302,9644,95.8617,en,/b3vl6wV1W8PBezFfntKTrhrehCY.jpg
Hawaii Five-0,TV Show,2020,"Steve McGarrett returns home to Oahu, in order to find his father's killer. The governor offers him the chance to run his own task force (Five-0). Steve's team is joined by Chin Ho Kelly, Danny ""Danno"" Williams, and Kono Kalakaua.",7.736,1867,95.3014,en,/sIdCKlmM2nU4akIvFQaAIiU8YES.jpg
FBI,TV Show,2020,"The New York office of the FBI brings to bear all their talents, intellect and technical expertise on major cases in order to keep their city and the country safe.",7.927,915,94.6697,en,/zfKS4WL0OZ9udpNoSYZw91VB3aH.jpg
Harem Camp!,TV Show,2020,"The story follows teacher and veteran solo camper Kensuke, who forms a camping group with four girls.",7.0,25,94.2118,ja,/dsaYRfBviInhrulwtHOyg1KB4ct.jpg
Bluey,TV Show,2020,"Bluey is an inexhaustible six year-old Blue Heeler dog, who loves to play and turns everyday family life into extraordinary adventures, developing her imagination as well as her mental, physical and emotional resilience.",8.581,707,93.2384,en,/b9mY0X5T20ZM073hoa5n0dgmbfN.jpg
Seinfeld,TV Show,2020,A stand-up comedian and his three offbeat friends weather the pitfalls and payoffs of life in New York City in the '90s. It's a show about nothing.,8.263,2360,93.1675,en,/aCw8ONfyz3AhngVQa1E2Ss4KSUQ.jpg
Castle,TV Show,2020,"After a serial killer imitates the plots of his novels, successful mystery novelist Richard ""Rick"" Castle receives permission from the Mayor of New York City to tag along with an NYPD homicide investigation team for research purposes.",7.973,2106,93.1522,en,/diXBeMzvfJb2iJg3G0kCUaMCzEc.jpg
Fire in His Fingertips,TV Show,2020,"Office worker Ryou Fujihashi is trapped inside her apartment which has set ablaze. The firefighters arrive in time to save her, and one of them happens to be Souma Mizuno, Fujihashi's childhood friend who she had a crush on. As the apartment fire gets put out, an old love gets rekindled.",6.905,21,93.13,ja,/yHUDRf2e9FGeWXPsT5lVF3iCUwc.jpg
Spider-Man: No Way Home,Movie,2021,"Peter Parker is unmasked and no longer able to separate his normal life from the high-stakes of being a super-hero. When he asks for help from Doctor Strange the stakes become even more dangerous, forcing him to discover what it truly means to be Spider-Man.",7.934,22144,51.2219,en,/1g0dhYtq4irTY1GPXvft6k4YLjm.jpg
Wrath of Man,Movie,2021,"A cold and mysterious new security guard for a Los Angeles cash truck company surprises his co-workers when he unleashes precision skills during a heist. The crew is left wondering who he is and where he came from. Soon, the marksman's ultimate motive becomes clear as he takes dramatic and irrevocable steps to settle a score.",7.575,6142,31.4165,en,/M7SUK85sKjaStg4TKhlAVyGlz3.jpg
Dangerous Relationship: Professor and Female College Student,Movie,2021,"Jin Yi feels skeptical about her accustomed life as a high-class prostitute. The life she wants to run away from. She has a crush on the newly joined boxer Doo San and wants to leave with him, but Doo San decides to stay, contrary to Jin Yi's wishes. On the other hand, Yeon Soo struggled to enter the music school, but continuing her college life alone, she couldn't keep up with her studies and working part-time. A performance wearing a short skirt, ready to give her body to the professor in charge. But the professor in charge doesn't even blink.",6.0,2,31.3244,ko,/3nkTc0zJlzB6oZoOGC89UFm2yW0.jpg
The Tomorrow War,Movie,2021,"The world is stunned when a group of time travelers arrive from the year 2051 to deliver an urgent message: Thirty years in the future, mankind is losing a global war against a deadly alien species. The only hope for survival is for soldiers and civilians from the present to be transported to the future and join the fight. Among those recruited is high school teacher and family man Dan Forester. Determined to save the world for his young daughter, Dan teams up with a brilliant scientist and his estranged father in a desperate quest to rewrite the fate of the planet.",7.51,4236,31.1347,en,/34nDCQZwaEvsy4CFO5hkGRFDCVU.jpg
Dune,Movie,2021,"Paul Atreides, a brilliant and gifted young man born into a great destiny beyond his understanding, must travel to the most dangerous planet in the universe to ensure the future of his family and his people. As malevolent forces explode into conflict over the planet's exclusive supply of the most precious resource in existence-a commodity capable of unlocking humanity's greatest potential-only those who can conquer their fear will survive.",7.78,15019,28.6159,en,/gDzOcq0pfeCeqMBwKIJlSmQpjkZ.jpg
Nobody,Movie,2021,"Hutch Mansell, a suburban dad, overlooked husband, nothing neighbor — a ""nobody."" When two thieves break into his home one night, Hutch's unknown long-simmering rage is ignited and propels him on a brutal path that will uncover dark secrets he fought to leave behind.",7.876,8423,26.9255,en,/oBgWY00bEFeZ9N25wWVyuQddbAo.jpg
No Time to Die,Movie,2021,"Bond has left active service and is enjoying a tranquil life in Jamaica. His peace is short-lived when his old friend Felix Leiter from the CIA turns up asking for help. The mission to rescue a kidnapped scientist turns out to be far more treacherous than expected, leading Bond onto the trail of a mysterious villain armed with dangerous new technology.",7.338,7166,26.3362,en,/iUgygt3fscRoKWCV1d0C7FbM9TP.jpg
A Quiet Place Part II,Movie,2021,"Following the events at home, the Abbott family now face the terrors of the outside world. Forced to venture into the unknown, they realize that the creatures that hunt by sound are not the only threats that lurk beyond the sand path.",7.43,7451,25.104,en,/4q2hz2m8hubgvijz8Ez0T2Os2Yv.jpg
After We Fell,Movie,2021,"Just as Tessa's life begins to become unglued, nothing is what she thought it would be. Not her friends nor her family. The only person that she should be able to rely on is Hardin, who is furious when he discovers the massive secret that she's been keeping. Before Tessa makes the biggest decision of her life, everything changes because of revelations about her family.",7.003,2750,24.7416,en,/dU4HfnTEJDf9KvxGS9hgO7BVeju.jpg
Godzilla vs. Kong,Movie,2021,"In a time when monsters walk the Earth, humanity’s fight for its future sets Godzilla and Kong on a collision course that will see the two most powerful forces of nature on the planet collide in a spectacular battle for the ages.",7.534,10674,24.6544,en,/pgqgaUx1cJb5oZQQ5v0tNARCeBp.jpg
The Matrix Resurrections,Movie,2021,"Plagued by strange memories, Neo's life takes an unexpected turn when he finds himself back inside the Matrix.",6.329,6526,22.5341,en,/8c4a8kE7PizaGQQnditMmI1xbRp.jpg
Mortal Kombat,Movie,2021,"Washed-up MMA fighter Cole Young, unaware of his heritage, and hunted by Emperor Shang Tsung's best warrior, Sub-Zero, seeks out and trains with Earth's greatest champions as he prepares to stand against the enemies of Outworld in a high stakes battle for the universe.",7.049,6839,22.0758,en,/nkayOAUBUu4mMvyNf9iHSUiPjF1.jpg
The Forever Purge,Movie,2021,All the rules are broken as a sect of lawless marauders decides that the annual Purge does not stop at daybreak and instead should never end as they chase a group of immigrants who they want to punish because of their harsh historical past.,6.861,2694,21.0416,en,/lB068qa6bQ0QKYKyC2xnYGvYjl7.jpg
Jungle Cruise,Movie,2021,"Dr. Lily Houghton enlists the aid of wisecracking skipper Frank Wolff to take her down the Amazon in his dilapidated boat. Together, they search for an ancient tree that holds the power to heal – a discovery that will change the future of medicine.",7.285,6202,21.0031,en,/yKy9ELL8CON5sqDg4yIvBb5LTZL.jpg
The Most Reluctant Convert: The Untold Story of C.S. Lewis,Movie,2021,An elder C.S. Lewis looks back on his remarkable journey from hard-boiled atheist to the most renowned Christian writer of the past century.,6.2,13,18.4041,en,/lrYRdwa78Ww1q7oEGbGSep97W16.jpg
Antlers,Movie,2021,"A small-town Oregon teacher and her brother, the local sheriff, discover a young student is harbouring a dangerous secret that could have frightening consequences.",6.212,1245,18.352,en,/cMch3tiexw3FdOEeZxMWVel61Xg.jpg
Girl in the Basement,Movie,2021,"Sara is a teen girl who is looking forward to her 18th birthday to move away from her controlling father Don. But before she could even blow out the candles, Don imprisons her in the basement of their home.",7.568,872,17.5329,en,/tPP9n6r5QrIKPnshnJqE7klptj2.jpg
Beauty Salon: Special Service 5,Movie,2021,"Jimin, who runs a hair salon alone in a recession, hears about Min-woo, who comes as a customer one day, and changes his sales strategy to hire a new employee. What are trade secrets?",8.0,2,17.0062,ko,/vksJwa9P7O2otzqRKe8qDRGQYPK.jpg
Cruella,Movie,2021,"In 1970s London amidst the punk rock revolution, a young grifter named Estella is determined to make a name for herself with her designs. She befriends a pair of young thieves who appreciate her appetite for mischief, and together they are able to build a life for themselves on the London streets. One day, Estella’s flair for fashion catches the eye of the Baroness von Hellman, a fashion legend who is devastatingly chic and terrifyingly haute. But their relationship sets in motion a course of events and revelations that will cause Estella to embrace her wicked side and become the raucous, fashionable and revenge-bent Cruella.",7.971,10112,16.3044,en,/hjS9mH8KvRiGHgjk6VUZH7OT0Ng.jpg
The Suicide Squad,Movie,2021,"Supervillains Harley Quinn, Bloodsport, Peacemaker and a collection of nutty cons at Belle Reve prison join the super-secret, super-shady Task Force X as they are dropped off at the remote, enemy-infused island of Corto Maltese.",7.458,9649,15.7751,en,/q61qEyssk2ku3okWICKArlAdhBn.jpg
Zack Snyder's Justice League,Movie,2021,"Determined to ensure Superman's ultimate sacrifice was not in vain, Bruce Wayne aligns forces with Diana Prince with plans to recruit a team of metahumans to protect the world from an approaching threat of catastrophic proportions.",8.086,10899,14.5356,en,/tnAuB8q5vv7Ax9UAEje5Xi4BXik.jpg
Encanto,Movie,2021,"The tale of an extraordinary family, the Madrigals, who live hidden in the mountains of Colombia, in a magical house, in a vibrant town, in a wondrous, charmed place called an Encanto. The magic of the Encanto has blessed every child in the family—every child except one, Mirabel. But when she discovers that the magic surrounding the Encanto is in danger, Mirabel decides that she, the only ordinary Madrigal, might just be her exceptional family's last hope.",7.567,10244,13.6721,en,/4j0PNHkMr5ax3IA8tjtxcmPU3QT.jpg
CODA,Movie,2021,"As a CODA (Child of Deaf Adults), Ruby is the only hearing person in her deaf family. When the family's fishing business is threatened, Ruby finds herself torn between pursuing her love of music and her fear of abandoning her parents.",7.889,2610,12.4197,en,/BzVjmm8l23rPsijLiNLUzuQtyd.jpg
The Voyeurs,Movie,2021,"When Pippa and Thomas move into their dream apartment, they notice that their windows look directly into the apartment opposite – inviting them to witness the volatile relationship of the attractive couple across the street. But what starts as a simple curiosity turns into full-blown obsession with increasingly dangerous consequences.",6.517,1204,12.1241,en,/8Y4XOIWhpOvSOEn8XrxbkH9yAXO.jpg
Shang-Chi and the Legend of the Ten Rings,Movie,2021,Shang-Chi must confront the past he thought he left behind when he is drawn into the web of the mysterious Ten Rings organization.,7.494,10452,12.0807,en,/9f2Q0U3IOsLgrI2HkvldwSABZy5.jpg
Sing 2,Movie,2021,"Buster and his new cast now have their sights set on debuting a new show at the Crystal Tower Theater in glamorous Redshore City. But with no connections, he and his singers must sneak into the Crystal Entertainment offices, run by the ruthless wolf mogul Jimmy Crystal, where the gang pitches the ridiculous idea of casting the lion rock legend Clay Calloway in their show. Buster must embark on a quest to find the now-isolated Clay and persuade him to return to the stage.",7.833,4800,12.0272,en,/aWeKITRFbbwY8txG5uCj4rMCfSP.jpg
"Paris, 13th District",Movie,2021,"Émilie meets Camille who is attracted to Nora, who crosses paths with Amber. Three girls and a boy – They're friends, sometimes lovers and often both.",6.874,394,11.8138,fr,/kSXPsrausCYVsDnQaJfhzqR9fV7.jpg
Luca,Movie,2021,Luca and his best friend Alberto experience an unforgettable summer on the Italian Riviera. But all the fun is threatened by a deeply-held secret: they are sea monsters from another world just below the water’s surface.,7.78,8983,11.3283,en,/9x4i9uKGXt8IiiIF5Ey0DIoY738.jpg
Pleasure,Movie,2021,"19 year old Linnéa leaves her small town in Sweden and heads for Los Angeles with the aim of becoming the world's next big porn star, but the road to her goal turns out to be bumpier than she imagined.",6.268,799,11.2522,sv,/TcOsu6iO5prSJbDn9oIQgIW655.jpg
Fib the Truth,Movie,2021,"A couple in love spends time away from civilization, but the sudden arrivals of the younger sister and then the girl's ex-boyfriend violate the country idyll.",5.8,91,11.251,ru,/fPUI4KHQKggOdJg9YIBCFEecuU5.jpg
Free Guy,Movie,2021,"A bank teller discovers he is actually a background player in an open-world video game, and decides to become the hero of his own story. Now, in a world where there are no limits, he is determined to be the guy who saves his world his way before it's too late.",7.451,9891,11.2431,en,/dxraF0qPr1OEgJk17ltQTO84kQF.jpg
Raya and the Last Dragon,Movie,2021,"Long ago, in the fantasy world of Kumandra, humans and dragons lived together in harmony. But when an evil force threatened the land, the dragons sacrificed themselves to save humanity. Now, 500 years later, that same evil has returned and it’s up to a lone warrior, Raya, to track down the legendary last dragon to restore the fractured land and its divided people.",7.8,7327,10.5599,en,/5nVhgCzxKbK47OLIKxCR1syulOn.jpg
Black Widow,Movie,2021,"Natasha Romanoff, also known as Black Widow, confronts the darker parts of her ledger when a dangerous conspiracy with ties to her past arises. Pursued by a force that will stop at nothing to bring her down, Natasha must deal with her history as a spy and the broken relationships left in her wake long before she became an Avenger.",7.166,11300,10.5407,en,/qAZ0pzat24kLdO3o8ejmbLxyOac.jpg
Tuck Jagadish,Movie,2021,"In a village with greedy property fights among the families, Jagadish carries on his father's legacy to reform all the property issues in his village while trying to reunite his family, which is also split due to property issues.",4.3,11,10.0128,te,/dwRfi1cV9oKjVEll12DJqjLWyOD.jpg
The Conjuring: The Devil Made Me Do It,Movie,2021,"Paranormal investigators Ed and Lorraine Warren encounter what would become one of the most sensational cases from their files. The fight for the soul of a young boy takes them beyond anything they'd ever seen before, to mark the first time in U.S. history that a murder suspect would claim demonic possession as a defense.",7.347,6575,9.8849,en,/xbSuFiJbbBWCkyCCKIMfuDCA4yV.jpg
The Unknown Man,Movie,2021,"Louis, a Flemish writer, decides to isolate himself at the Côte d’Azur, hoping this place will bring him inspiration.",7.8,9,9.8161,nl,/4TpBhdaSl5ALHbgeaYOLF8Q3haz.jpg
Idol Seungha's R-Rated Film Shooting,Movie,2021,"Film producer Na-eun and director Yeong-tae are on the verge of shelving out cash for an adult film production. They're too busy blaming each other for the messed-up filming. Before another filming begins, Na-eun suggests Yeong-tae to become an actor himself and practice filming. Na-eun leads the shy Yeong-tae very skillfully. How far will the practice go...?",6.522,45,9.7198,ko,/4CVYNzGwTMgOKxycg2LQO9slwfH.jpg
Eternals,Movie,2021,"The Eternals are a team of ancient aliens who have been living on Earth in secret for thousands of years. When an unexpected tragedy forces them out of the shadows, they are forced to reunite against mankind’s most ancient enemy, the Deviants.",6.77,9191,9.6005,en,/lFByFSLV5WDJEv3KabbdAF959F2.jpg
Wish Dragon,Movie,2021,Determined teen Din is longing to reconnect with his childhood best friend when he meets a wish-granting dragon who shows him the magic of possibilities.,7.825,1490,9.4039,en,/lnPf6hzANL6pVQTxUlsNYSuhT5l.jpg
Venom: Let There Be Carnage,Movie,2021,"After finding a host body in investigative reporter Eddie Brock, the alien symbiote must face a new enemy, Carnage, the alter ego of serial killer Cletus Kasady.",6.743,11215,9.2357,en,/pzKsRuKLFmYrW5Q0q8E8G78Tcgo.jpg
The Boss Baby: Family Business,Movie,2021,The Templeton brothers — Tim and his Boss Baby little bro Ted — have become adults and drifted away from each other. But a new boss baby with a cutting-edge approach and a can-do attitude is about to bring them together again … and inspire a new family business.,7.325,2693,7.2389,en,/kv2Qk9MKFFQo4WQPaYta599HkJP.jpg
PAW Patrol: The Movie,Movie,2021,Ryder and the pups are called to Adventure City to stop Mayor Humdinger from turning the bustling metropolis into a state of chaos.,7.334,1275,8.9542,en,/ic0intvXZSfBlYPIvWXpU1ivUCO.jpg
Infinite,Movie,2021,"Evan McCauley has skills he never learned and memories of places he has never visited. Self-medicated and on the brink of a mental breakdown, a secret group that call themselves “Infinites” come to his rescue, revealing that his memories are real.",6.561,2156,7.8039,en,/niw2AKHz6XmwiRMLWaoyAOAti0G.jpg
The Ex,Movie,2021,"The story of how social networks and instant messengers are changing the life of a modern person. It has been several years since a 16-year-old teenager posted a photo of his girlfriend in the general chat, hoping to boast to friends. Now he has a happy adult life: work, friends, fiance Katya, who is about to become his wife. But the Internet makes you remember teenage love, after which a chain of inexplicable mystical events occurs with the future wife of a young man. The girl receives mysterious messages from her fiance's past. Because of them, her life turns into a nightmare.",6.556,135,6.4467,ru,/4JIfgLziJXbczcHi2xD0FyrHeDN.jpg
Red Notice,Movie,2021,"An Interpol-issued Red Notice is a global alert to hunt and capture the world's most wanted. But when a daring heist brings together the FBI's top profiler and two rival criminals, there's no telling what will happen.",6.731,6475,7.752,en,/lAXONuqg41NwUMuzMiFvicDET9Y.jpg
Tom & Jerry,Movie,2021,"Tom the cat and Jerry the mouse get kicked out of their home and relocate to a fancy New York hotel, where a scrappy employee named Kayla will lose her job if she can’t evict Jerry before a high-class wedding at the hotel. Her solution? Hiring Tom to get rid of the pesky mouse.",6.728,2582,7.5425,en,/8XZI9QZ7Pm3fVkigWJPbrXCMzjq.jpg
Don't Look Up,Movie,2021,Two astronomers go on a media tour to warn humankind of a planet-killing comet hurtling toward Earth. The response from a distracted world: Meh.,7.063,9408,8.565,en,/th4E1yqsE8DGpAseLiUrI60Hf8V.jpg
The Cursed,Movie,2021,"In the late 19th century, a brutal land baron slaughters a Roma clan, unleashing a curse on his family and village. In the days that follow, the townspeople are plagued by nightmares, the baron's son goes missing, and a boy is found murdered. The locals suspect a wild animal, but a visiting pathologist warns of a more sinister presence lurking in the woods.",6.563,430,6.3936,en,/bewmBcjJxHeipS1PNu9Lfyvt3zY.jpg
F9,Movie,2021,Dominic Toretto and his crew battle the most skilled assassin and high-performance driver they've ever encountered: his forsaken brother.,6.995,7739,6.7782,en,/deEmLILTPejEb6OGsXRJ5MCvyDW.jpg
Tamil Rockers,Movie,2021,4 Major characters running for the Money facing more challenges by forgetting the fact that it's not the decision of money to reach human.,4.75,4,5.8428,ta,/hOoMQIANxXhRUPkrtSYHYuZaFSm.jpg
Resident Evil: Welcome to Raccoon City,Movie,2021,"Once the booming home of pharmaceutical giant Umbrella Corporation, Raccoon City is now a dying Midwestern town. The company’s exodus left the city a wasteland…with great evil brewing below the surface. When that evil is unleashed, the townspeople are forever…changed…and a small group of survivors must work together to uncover the truth behind Umbrella and make it through the night.",5.932,2713,7.3013,en,/bArhvjRHl535XMaSh9VjInF2mSZ.jpg
The Mitchells vs. the Machines,Movie,2021,"A quirky, dysfunctional family's road trip is upended when they find themselves in the middle of the robot apocalypse and suddenly become humanity's unlikeliest last hope.",7.841,3388,7.1775,en,/mI2Di7HmskQQ34kz0iau6J1vr70.jpg
The Victims,Movie,2021,"Detective Yash believes he closed his toughest murder case by arresting killer, Tanay. But a year after the conviction, Tanay resurfaces with a single, horrifying goal: to inflict the same agonizing loss on the detective by making his son the target of a cold, calculated revenge.",4.0,1,7.0188,en,/wxVa6xILsEM73MC7Dsjpul46003.jpg
Sisters Virus,Movie,2021,"Hyeong-woo is forced to be quarantined with her sisters-in-law for 21 days due to the new virus. Hyeong-woo, who remains with his sister-in-law is shaken by the temptation of prohibition. Eventually, the virus spreads and becomes the beginning of human extinction. However, rumors are circulating that sharing forbidden love can amplify the energy and defeat the new virus, which they cannot help but believe. Their own sex, which began like that, makes them forget even the fear of the virus and makes them unable to break up.",5.5,4,6.9664,ko,/gSvLzCvjA8nVWE3vywODTPQfNei.jpg
The Sadness,Movie,2021,"A young couple is pushed to the limits of sanity as they attempt to be reunited amid the chaos of a pandemic outbreak. The streets erupt into violence and depravity, as those infected are driven to enact the most cruel and ghastly things imaginable.",6.84,1162,7.2554,zh,/mi5lh2brPMzuWYddyUKuCtcnjt1.jpg
Время,Movie,2021,,10.0,1,5.8979,ru,/bCzxvT03ZfVhWAtRFb5oj582Iml.jpg
Rurouni Kenshin: The Final,Movie,2021,"In 1879, Kenshin and his allies face their strongest enemy yet: his former brother-in-law Enishi Yukishiro and his minions, who've vowed their revenge.",7.68,549,6.3243,ja,/7bbEASVf9XWtfxWiuWUMY3uyhTb.jpg
Eleição,Movie,2021,,0.0,0,5.7245,pt,/poBOB2DRUPwYWuINW7bvBOEZEO9.jpg
Ghostbusters: Afterlife,Movie,2021,"When single mom Callie and her two kids Trevor and Phoebe arrive in a small Oklahoma town, they begin to discover their connection to the original Ghostbusters and the secret legacy their grandfather left behind.",7.321,5187,6.6991,en,/sg4xJaufDiQl7caFEskBtQXfD4x.jpg
Rurouni Kenshin: The Beginning,Movie,2021,"Before he was a protector, Kenshin was a fearsome assassin known as Battosai. But when he meets gentle Tomoe Yukishiro, a beautiful young woman who carries a huge burden in her heart, his life will change forever.",7.659,544,6.4612,ja,/rODS466qSdrwMlGdbUwPENhDN2c.jpg
The Unhealer,Movie,2021,"A botched faith healing bestows supernatural Shaman powers on a bullied teenager. When his lifelong tormentors pull a prank that kills someone he loves, he uses his powers for revenge and goes on a bloody rampage to settle the score.",5.922,103,6.435,en,/jEuKhYfeS4dz0uQj1yTZ2Gl8yNH.jpg
The Marksman,Movie,2021,"Jim Hanson’s quiet life is suddenly disturbed by two people crossing the US/Mexico border – a woman and her young son – desperate to flee a Mexican cartel. After a shootout leaves the mother dead, Jim becomes the boy’s reluctant defender. He embraces his role as Miguel’s protector and will stop at nothing to get him to safety, as they go on the run from the relentless assassins.",6.78,1753,6.2909,en,/6vcDalR50RWa309vBH1NLmG2rjQ.jpg
Space Jam: A New Legacy,Movie,2021,"When LeBron and his young son Dom are trapped in a digital space by a rogue A.I., LeBron must get them home safe by leading Bugs, Lola Bunny and the whole gang of notoriously undisciplined Looney Tunes to victory over the A.I.'s digitized champions on the court. It's Tunes versus Goons in the highest-stakes challenge of his life.",6.638,4239,6.2774,en,/5bFK5d3mVTAvBCXi5NPWH0tYjKl.jpg
Willy's Wonderland,Movie,2021,"When his car breaks down, a quiet loner agrees to clean an abandoned family fun center in exchange for repairs. He soon finds himself waging war against possessed animatronic mascots while trapped inside Willy's Wonderland.",5.979,1157,6.2642,en,/keEnkeAvifw8NSEC4f6WsqeLJgF.jpg
Pushpa: The Rise,Movie,2021,"As Pushpa, a labourer, rises in the world of red sandalwood smuggling, he ends up making many enemies. However, violence ensues when the police try to topple his illegal business.",6.8,190,6.2496,te,/4DpNRjV7ITZ1GzCvrvCk86th0w.jpg
Boss Level,Movie,2021,"A former special forces agent is trapped in a time loop and relives his death over and over again. To escape the terrible situation, he must track down those responsible and stop them.",6.874,1943,6.097,en,/nt8on8Ge0Lsw0oF6EbmGiDV69Hf.jpg
Eva,Movie,2021,"When Eva gets involved in a steamy threesome with a houseboy and her lady boss, she realizes she has to choose only one between them.",5.36,25,6.084,tl,/xADCcluh5TaqETZGO45RulKnYDy.jpg
Mother And Daughter Car Center,Movie,2021,"Yeon Ja, a working mother, runs a car center after divorce and is raising her daughter all by herself. Her daughter, Ah Jung, started helping her when she became an adult, however, the customers don't trust weak-looking women to touch machines and the business at the car center is slow. Thanks to Ah Jung's punk boyfriend, Sung Hoon, they came up with an idea to turn the car center into a sexy car center.",4.0,1,6.0441,ko,/saca8CL9kk22AS5BfMbwSYgMvdp.jpg
"Blood Type O, Watermelon Chest Housekeeper",Movie,2021,"Friends Cheol Min and Jae Hyuk meet and talk to each other after a long time. Jae Hyuk said that the domestic helper who recently came to work at his house is strange. He said he was worried because she couldn't do the housework. When Jae Hyuk said she seemed to be trying to seduce him, Cheol Min tells the innocent Jae Hyuk how to get around her. Can Jae Hyuk succeed in having sex with a beautiful housekeeper?",6.688,16,6.0004,ko,/1xdJWTn5Tuqy7yWTywC9WBPyicW.jpg
Evangelion: 3.0+1.0 Thrice Upon a Time,Movie,2021,"In the aftermath of the Fourth Impact, stranded without their Evangelions, Shinji, Asuka and Rei find refuge in one of the rare pockets of humanity that still exist on the ruined planet Earth. There, each lives a life far different from their days as an Evangelion pilot. However, the danger to the world is far from over. A new impact is looming on the horizon—one that will prove to be the true end of Evangelion.",8.2,959,5.9681,ja,/md5wZRRj8biHrGtyitgBZo7674t.jpg
The Last Duel,Movie,2021,"King Charles VI declares that Knight Jean de Carrouges settle his dispute with his squire, Jacques Le Gris, by challenging him to a duel.",7.402,3875,5.8903,en,/zjrJE0fpzPvX8saJXj8VNfcjBoU.jpg
The Pubs,Movie,2021,"Eun-ah (Yoon-yul) and Hee-jeong (Ji-hee) are working together at an izakaya bar. The owner of the izakaya has a crush on Eun-ah, her charming girl, and makes her secret proposal, and Hee-jeong, who reveals her man too much, has a crush on George, a frequent foreign guest… Will these two be able to continue their business smoothly?!",4.0,1,5.8819,ko,/oqfprRSQIAIeModlwdfezeaagVQ.jpg
The Colony,Movie,2021,"In the not-too-distant future: after a global catastrophe has wiped out nearly all of humanity on Earth, an elite astronaut from Space Colony Kepler must make a decision that will seal the fate of the people on both planets.",5.742,357,5.7956,de,/nX7ZUYwgGOCe5nXXwpNg4hAf1xB.jpg
Those Who Wish Me Dead,Movie,2021,"A young boy finds himself pursued by two assassins in the Montana wilderness, with a survival expert determined to protect him, and a forest fire threatening to consume them all.",6.604,1864,5.7387,en,/xCEg6KowNISWvMh8GvPSxtdf9TO.jpg
The Tragedy of Macbeth,Movie,2021,"Macbeth, the Thane of Glamis, receives a prophecy from a trio of witches that one day he will become King of Scotland. Consumed by ambition and spurred to action by his wife, Macbeth murders his king and takes the throne for himself.",6.925,879,5.7019,en,/tDNJEhcLbX3jIk3BMCur9pCdaVD.jpg
The Worst Person in the World,Movie,2021,"The chronicles of four years in the life of Julie, a young woman who navigates the troubled waters of her love life and struggles to find her career path, leading her to take a realistic look at who she really is.",7.4,1860,5.676,no,/1NxGNQchGBTHXJ6RShLY1IlZqWn.jpg
Last Night in Soho,Movie,2021,"A young girl, passionate about fashion design, is mysteriously able to enter the 1960s where she encounters her idol, a dazzling wannabe singer. But 1960s London is not what it seems, and time seems to be falling apart with shady consequences.",7.271,3905,5.5985,en,/n1ZRmjlk1BJTY7aASqACfPAaLn2.jpg
Tom Clancy's Without Remorse,Movie,2021,An elite Navy SEAL uncovers an international conspiracy while seeking justice for the murder of his pregnant wife.,6.936,2742,5.541,en,/6OnlqShdRinhJwV1uGiRE70lD63.jpg
Finch,Movie,2021,"On a post-apocalyptic Earth, a robot, built to protect the life of his dying creator's beloved dog, learns about life, love, friendship, and what it means to be human.",7.808,4025,5.5296,en,/eEJtzD1F05xDipFEDY98CTH5yZn.jpg
Don't Breathe 2,Movie,2021,"The Blind Man has been hiding out for several years in an isolated cabin and has taken in and raised a young girl orphaned from a devastating house fire. Their quiet life together is shattered when a group of criminals kidnap the girl, forcing the Blind Man to leave his safe haven to save her.",6.989,2847,5.4418,en,/aOu6PJVO9RyGAzdUwG6fupu0gpz.jpg
Army of Thieves,Movie,2021,A mysterious woman recruits bank teller Ludwig Dieter to lead a group of aspiring thieves on a top-secret heist during the early stages of the zombie apocalypse.,6.798,2293,5.36,en,/j04Oepj3LGTWSb1ltXm0pcy50Xq.jpg
The Medium,Movie,2021,"A shaman's family learn that their goddess is supposedly controlling one of them. However, their lives take a frightening turn when they realise the goddess has nothing to do with the possession.",6.999,749,5.3302,th,/tWoSE8SH6XhgWKHIL3p0sj7lA3V.jpg
Hitman's Wife's Bodyguard,Movie,2021,"The world’s most lethal odd couple – bodyguard Michael Bryce and hitman Darius Kincaid – are back on another life-threatening mission. Still unlicensed and under scrutiny, Bryce is forced into action by Darius's even more volatile wife, the infamous international con artist Sonia Kincaid. As Bryce is driven over the edge by his two most dangerous protectees, the trio get in over their heads in a global plot and soon find that they are all that stand between Europe and a vengeful and powerful madman.",6.638,2610,5.2295,en,/6zwGWDpY8Zu0L6W4SYWERBR8Msw.jpg
The Night Belongs to Lovers,Movie,2021,"An encounter. Between waves and cliffs. The night. In a week, he gets married. For years, she no longer believes in pleasure. They meet. They play. They speak. They want each other. As a gift - unconditionally. Like a dance - on the edge of the void. For one night. One night only. Their only night.",5.7,20,5.1237,fr,/v7BHluWuDVffDWU1ijWmd2DM5hZ.jpg
Malignant,Movie,2021,"Madison is paralyzed by shocking visions of grisly murders, and her torment worsens as she discovers that these waking dreams are in fact terrifying realities with a mysterious tie to her past.",6.757,2651,5.0803,en,/dGv2BWjzwAz6LB8a8JeRIZL8hSz.jpg
The Fallout,Movie,2021,"In the wake of a school tragedy, Vada, Mia and Quinton form a unique and dynamic bond as they navigate the never linear, often confusing journey to heal in a world that feels forever changed.",7.513,1309,4.9822,en,/4ByHl9XRKR2iXbvF0ZilMRD1RcL.jpg
Bayang,Movie,2021,"Joni, often having a nightmares as if giving a clue to a Cold Case hanging mysteriously. The case became delirious for Azam in searching for answers to the loss of his partner.Joni's dreams and Lisa's antique camera leads to the answer.",0.0,0,4.9681,ms,/8LfrpVVOQlBD3zYhlTIvHWOWMbd.jpg
Upon the Magic Roads,Movie,2021,"Romantic John the Fool and his friend Foal set out on a series of unpredictable adventures in different magical worlds. The two buddies will have to outsmart an evil tyrant king, catch the firebird, and find John’s true love.",6.8,313,4.9169,ru,/kY4tmwZaBZitnDRcWFp3Wy197Um.jpg
Impossible Things,Movie,2021,"After the death of her abusive husband, Matilde finds her new best friend in Miguel, her young, insecure, and disoriented neighbor.",8.395,422,4.8682,es,/t2Ew8NZ8Ci2kqmoecZUNQUFDJnQ.jpg
Mobile Suit Gundam Hathaway,Movie,2021,"Twelve years after Char's rebellion, Hathaway Noa leads an insurgency against Earth Federation, but meeting an enemy officer and a mysterious woman alters his fate.",7.184,147,4.8641,ja,/6gw8onh4FKsruBA7Oouv01EFxzn.jpg
Peter Rabbit 2: The Runaway,Movie,2021,"Peter Rabbit runs away from his human family when he learns they are going to portray him in a bad light in their book. Soon, he crosses paths with an older rabbit who ropes him into a heist.",7.042,897,4.8636,en,/cycDz68DtTjJrDJ1fV8EBq2Xdpb.jpg
A Writer's Odyssey,Movie,2021,"Lu Kongwen is the author of a fantasy novel series following a heroic teenager, also named Kongwen, on a quest to end the tyrannical rule of Lord Redmane, under the guidance of a Black Armor. But through a strange twist of fate, the fantasy world of the novel begins to impact life in the real world, leading Guan Ning to accept a mission from Tu Ling to kill the author.",7.064,367,4.8415,zh,/7hEhhmAF8Tr7g95fkbuxDpeR27b.jpg
FROM,TV Show,2021,"Unravel the mystery of a nightmarish town in middle America that traps all those who enter. As the unwilling residents fight to keep a sense of normalcy and search for a way out, they must also survive the threats of the surrounding forest – including the terrifying creatures that come out when the sun goes down.",8.505,3872,765.3461,en,/pRtJagIxpfODzzb0T0NAvZSzErC.jpg
House of the Dragon,TV Show,2021,"The Targaryen dynasty is at the absolute apex of its power, with more than 15 dragons under their yoke. Most empires crumble from such heights. In the case of the Targaryens, their slow fall begins when King Viserys breaks with a century of tradition by naming his daughter Rhaenyra heir to the Iron Throne. But when Viserys later fathers a son, the court is shocked when Rhaenyra retains her status as his heir, and seeds of division sow friction across the realm.",8.4,6413,494.1472,en,/7V0Ebks0GgpKvQ7QbLAIdX5dos4.jpg
Xplay,TV Show,2021,"Xplay (previously GameSpot TV and Extended Play) is a TV program about video games. The program, known for its reviews and comedy skits, airs on G4 in the United States and had aired on G4 Canada in Canada (and briefly on YTV during its time as GameSpot TV), FUEL TV in Australia, Ego in Israel, GXT in Italy, MTV Russia & Rambler TV in Russia, Solar Sports in the Philippines and Adult Swim and MuchMusic in Latin America. The show ran between July 4, 1998, and January 23, 2013, and returned in November 2021 as a part of G4's relaunch.",8.0,3,400.4115,en,/7ynD7g4U9hOODu1Jzf6VN4zQc6a.jpg
Adam's Sweet Agony,TV Show,2021,"This is the story of a boy, who became the lone Adam among four billion Eves. In a world where a pandemic has rendered all men impotent, high school student Itsuki is the exception who escaped it. In order to protect this secret, he transfers to a very special high school, which turns out to be composed of 90% girls! There, he encounters an upbeat and friendly senior, a sexually frustrated female teacher, a tomboyish school 'prince,' and an heiress from a wealthy family. For Itsuki, who has his pick of any woman in the world, the question remains: which one will he choose?",6.786,35,311.8869,ja,/1n1ZP0KHXUSvVxZG63x7aOzmO4M.jpg
Law & Order: Special Victims Unit,TV Show,2021,"In the criminal justice system, sexually-based offenses are considered especially heinous. In New York City, the dedicated detectives who investigate these vicious felonies are members of an elite squad known as the Special Victims Unit. These are their stories.",7.95,4263,285.3782,en,/iofokHZoUB4Qhik4PflvJl8TT6a.jpg
Knot,TV Show,2021,"A young man’s life changes forever when a powerful Alpha marks him, binding their fates together in an inescapable bond.",9.0,1,281.4824,th,/8z62pp4K602d1y6079oU1GBeiAG.jpg
Off Campus,TV Show,2021,"Hannah Wells tutors hockey captain Garrett Graham to win over her crush. Their deal becomes real connection as they face their pasts. Friends Logan, Dean, Tucker, and Allie navigate college life and love.",8.964,600,262.9005,en,/cbODFqkcmRgrYH8NkG4Q4Hcg8Z1.jpg
Avatar: The Last Airbender,TV Show,2021,A young boy known as the Avatar must master the four elemental powers to save a world at war — and fight a ruthless enemy bent on stopping him.,7.804,1178,286.8657,en,/lzZpWEaqzP0qVA5nkCc5ASbNcSy.jpg
The Rookie,TV Show,2021,"Starting over isn't easy, especially for small-town guy John Nolan who, after a life-altering incident, is pursuing his dream of being an LAPD officer. As the force's oldest rookie, he's met with skepticism from some higher-ups who see him as just a walking midlife crisis.",8.552,3347,230.104,en,/70kTz0OmjjZe7zHvIDrq2iKW7PJ.jpg
Agent Kim Reactivated,TV Show,2021,"When an unassuming dad's daughter goes missing, he dusts off his old black-ops skills to track her down — only to attract the wrong kind of attention.",8.2,13,224.5247,ko,/jruaZAm1KjkFRhgRcdF8tqakhpH.jpg
Law & Order,TV Show,2021,"In cases ripped from the headlines, police investigate serious and often deadly crimes, weighing the evidence and questioning the suspects until someone is taken into custody. The district attorney's office then builds a case to convict the perpetrator by proving the person guilty beyond a reasonable doubt. Working together, these expert teams navigate all sides of the complex criminal justice system to make New York a safer place.",7.3,693,209.9667,en,/haJ9eHytVO3H3JooMJG1DiWwDNm.jpg
Never-Ending Summer,TV Show,2021,"To save her gravely ill grandmother, top student Zhou Wan approaches her mother's stepson, Lu Xixiao, for funds. They fall for each other over the summer after graduation but are torn apart by misunderstandings in reality. Ten years later, they reunite at work. Though Lu Xixiao harbors resentment, his love for Zhou Wan remains. As they uncover the truth behind a ""factory accident,"" they resolve their differences and reunite.",9.0,2,203.4975,zh,/2b4rQPbFY8BnL9xuQKaT3ZELlqx.jpg
Notes from the Last Row,TV Show,2021,"A literature professor discovers a student's talent and offers him writing lessons — but as he sinks into the story, their sessions spiral into chaos.",8.625,16,205.4955,ko,/paRFCxAJRZOypfgnzYLo6KH5jjO.jpg
Dutton Ranch,TV Show,2021,"Rip Wheeler and Beth Dutton gamble everything on a new life in South Texas, but the promise of building a future far from the ghosts of Yellowstone quickly collides with brutal new realities and a rival ranch that will stop at nothing to protect its empire.",9.3,339,213.0244,en,/xsiecCxd8lkcAluw0wWwbW5CwSv.jpg
Grey's Anatomy,TV Show,2021,Follows the personal and professional lives of a group of doctors at Seattle's Grey Sloan Memorial Hospital.,8.21,10948,213.0097,en,/hjJkrLXhWvGHpLeLBDFznpBTY1S.jpg
NCIS,TV Show,2021,"From murder and espionage to terrorism and stolen submarines, a team of special agents investigates any crime that has any connection to Navy and Marine Corps personnel, regardless of rank or position.",7.618,2523,205.3894,en,/mBcu8d6x6zB1el3MPNl7cZQEQ31.jpg
Supernatural,TV Show,2021,"When they were boys, Sam and Dean Winchester lost their mother to a mysterious and demonic supernatural force. Subsequently, their father raised them to be soldiers. He taught them about the paranormal evil that lives in the dark corners and on the back roads of America ... and he taught them how to kill it. Now, the Winchester brothers crisscross the country in their '67 Chevy Impala, battling every kind of supernatural threat they encounter along the way. ",8.311,8501,219.0527,en,/8iixmfGx5EIFPdpNvB2JvI3VIqX.jpg
The Boys,TV Show,2021,A group of vigilantes known informally as “The Boys” set out to take down corrupt superheroes with no more than blue-collar grit and a willingness to fight dirty.,8.448,13022,216.8543,en,/in1R2dDc421JxsoRWaIIAqVI2KE.jpg
The Mentalist,TV Show,2021,"Patrick Jane, a former celebrity psychic medium, uses his razor sharp skills of observation and expertise at ""reading"" people to solve serious crimes with the California Bureau of Investigation.",8.357,4374,206.0103,en,/acYXu4KaDj1NIkMgObnhe4C4a0T.jpg
Game of Thrones,TV Show,2021,"Seven noble families fight for control of the mythical land of Westeros. Friction between the houses leads to full-scale war. All while a very ancient evil awakens in the farthest north. Amidst the war, a neglected military order of misfits, the Night's Watch, is all that stands between the realms of men and icy horrors beyond.",8.464,27138,207.6338,en,/1XS1oqL89opfnbLl8WnZY1O1uJx.jpg
Family Guy,TV Show,2021,"Sick, twisted, politically incorrect and Freakin' Sweet animated series featuring the adventures of the dysfunctional Griffin family. Bumbling Peter and long-suffering Lois have three kids. Stewie (a brilliant but sadistic baby bent on killing his mother and taking over the world), Meg (the oldest, and is the most unpopular girl in town) and Chris (the middle kid, he's not very bright but has a passion for movies). The final member of the family is Brian - a talking dog and much more than a pet, he keeps Stewie in check whilst sipping Martinis and sorting through his own life issues.",7.406,4995,195.3882,en,/3PFsEuAiyLkWsP4GG6dIV37Q6gu.jpg
The Simpsons,TV Show,2021,"Set in Springfield, the average American town, the show focuses on the antics and everyday adventures of the Simpson family; Homer, Marge, Bart, Lisa and Maggie, as well as a virtual cast of thousands. Since the beginning, the series has been a pop culture icon, attracting hundreds of celebrities to guest star. The show has also made name for itself in its fearless satirical take on politics, media and American life in general.",8.019,10847,188.7205,en,/uWpG7GqfKGQqX4YMAo3nv5OrglV.jpg
Teach You a Lesson,TV Show,2021,An inspector from the Educational Rights Protection Bureau (ERPB) who is authorized by the government to use physical intervention and unconventional methods to discipline delinquent students and reform the educational system.,9.475,560,182.5171,ko,/fMECSPrTmRClSViMsXFYmiYIcWP.jpg
A Girl's Guide to 21st Century Sex,TV Show,2021,"A Girl's Guide to 21st Century Sex is a documentary TV series about sex, which ran in eight episodes on Channel 5 and was presented by Dr Catherine Hood. The 45-minute long episodes were broadcast on Monday nights. The series started on 30 October 2006, with the final programme broadcast on 18 December 2006.

Each episode explained a sex position and covered a sexually transmitted disease. Additionally, the following topics were discussed: sex among handicapped and overweight people, penis enlargement devices, penis enlargement surgery, sexual violence against men and penis removal, tantric sex, the g-spot, erectile dysfunction, sex reassignment surgery, cosmetic surgery of the vagina, swinging, lichen sclerosus, the use of recreational drugs during sex, male homosexual sex in public toilets, full body plastic wrap bondage, and sex dolls.",5.2,18,180.7022,en,/9NSX2YrFGBIih0XqRedsSbDVx4U.jpg
Criminal Minds,TV Show,2021,"An elite team of FBI profilers analyze the country's most twisted criminal minds, anticipating their next moves before they strike again. The Behavioral Analysis Unit's most experienced agent is David Rossi, a founding member of the BAU who returns to help the team solve new cases.",8.303,4103,172.0989,en,/hWSb4UnIjlTvnvrP98NbFSO60HA.jpg
The Polygamist,TV Show,2021,"Social media darling, Joyce, is the picture of marital perfection — until her cheating husband's conquests ignite a scandalous emotional meltdown.",8.754,63,169.0685,zu,/emnQZe22rYBCsbZ7h1TUAkYEzrZ.jpg
Souryo to Majiwaru Shikiyoku no Yoru ni...,TV Show,2021,"At a high school reunion, Mio Fukatani reunites with a classmate she has not seen in years—Takahide Kujou. She had always wanted to know more about the kind-hearted boy in high school, but once she realizes that Kujou has become a monk, she believes that any chance of getting to know him romantically is slim. Deciding to drink away her sorrows, she ends up walking home drunk, and surprisingly, running into Kujou who helps her get home.

However, once inside, Kujou's lust for Mio becomes apparent and the two share an erotic night of passion. As this steamy romance blossoms between these two unlikely lovers, Mio and Kujou will undoubtedly spend many nights together in utter ecstasy.",5.3,14,167.2914,ja,/ueI9EeoRdMVa7hWEm21nQEU8Zv3.jpg
Overflow,TV Show,2021,"Kazushi Sudou is a university student who is visited by his two childhood friends, the sisters Ayane and Kotone Shirakawa. When Ayane discovers that Kazushi not only forgot to buy her pudding but is also using her special lotion in the bath, she decides to take revenge and join Kazushi in his bath along with Kotone. Will the perverted Kazushi be able to remain indifferent to them both?",7.3,88,160.1696,ja,/8RtwL5gxUvh9YViqjhNlVRvJpum.jpg
Raakh,TV Show,2021,"When two teenagers vanish, a close-knit family is shattered and the city is left on edge. Determined to uncover the truth, a relentless officer leads a nationwide manhunt that pulls him deep into a world of violence and human depravity.",9.143,7,156.5636,hi,/5MbNy94ia4ZLf8OGtSfSjjlxxWN.jpg
Sesame Street,TV Show,2021,"On a special inner city street, the inhabitants—human and muppet—teach preschoolers basic educational and social concepts using comedy, cartoons, games, and songs.",7.13,284,154.3658,en,/14k9BfZ2p4rQBMeJ5crKTfUZVwD.jpg
Rick and Morty,TV Show,2021,Follows a sociopathic genius scientist who drags his inherently timid grandson on adventures across the universe.,8.678,11038,153.6188,en,/owhkU6KRqdXoUQpjV8uyZGPtX58.jpg
Hunter x Hunter,TV Show,2021,"Gon Freecss discovers that the father he had always been told was dead was actually alive the whole time. Ging is a famous Hunter: an individual who has proven themself an elite member of humanity. Gon becomes determined to follow in his father's footsteps, pass the rigorous Hunter Examination.",8.442,214,153.411,ja,/eobAuhCJA8oRp814V67WhezVXtQ.jpg
Miraculous: Tales of Ladybug & Cat Noir,TV Show,2021,"Marinette and Adrien, two Parisian teenagers, are entrusted with powerful jewels in order to transform into superheroes Ladybug and Cat Noir. But neither hero knows the other's true identity — or that they're classmates!",8.058,4609,149.8966,fr,/acrtAy8gmxcsEvrDP09MpMSCeDZ.jpg
House,TV Show,2021,"Dr. Gregory House, a drug-addicted, unconventional, misanthropic medical genius, leads a team of diagnosticians at the fictional Princeton–Plainsboro Teaching Hospital in New Jersey.",8.566,7654,146.7527,en,/3Cz7ySOQJmqiuTdrc6CY0r65yDI.jpg
Midsomer Murders,TV Show,2021,"The peacefulness of the Midsomer community is shattered by violent crimes, suspects are placed under suspicion, and it is up to a veteran DCI and his young sergeant to calmly and diligently eliminate the innocent and ruthlessly pursue the guilty. ",7.5,357,146.128,en,/pz7tsWxe0TTdfJnWPjZAEnrSl5M.jpg
Stranger Things,TV Show,2021,"When a young boy vanishes, a small town uncovers a mystery involving secret experiments, terrifying supernatural forces, and one strange little girl.",8.6,21382,144.7875,en,/uOOtwVbSr4QDjAGIifLDwpb2Pdl.jpg
6 Lovers,TV Show,2021,"The July issue of Dear+ announced anime adaptions of a series of manga serialized in the magazine in celebration of the magazine's 20th anniversary. Six anime series are collected into an ""in motion"" series titled ""6 Lovers.""",8.3,3,143.0365,ja,/6QCUTINWv4rxmWs6EGYDjqawU8c.jpg
Gram Chikitsalay,TV Show,2021,"The young, idealistic and brilliant Dr. Prabhat, takes charge of a neglected Primary Health Centre in a North India Village hoping to bring about much needed changes only to realise it is he who will have do change before anything else.",6.25,12,142.5123,hi,/peRHZYhvuA6MLTJkpf5nIjgsWx5.jpg
Minnale,TV Show,2021,,0.0,0,139.9211,ta,/wACr0ARXdPXZeakkw2ecg4PrDId.jpg
Breaking Bad,TV Show,2021,"Walter White, a New Mexico chemistry teacher, is diagnosed with Stage III cancer and given a prognosis of only two years left to live. He becomes filled with a sense of fearlessness and an unrelenting desire to secure his family's financial future at any cost as he enters the dangerous world of drugs and crime.",8.947,18027,138.7191,en,/ztkUQFLlC19CCMYHW9o1zWhJRNq.jpg
S.W.A.T.,TV Show,2021,"A Los Angeles S.W.A.T. sergeant is assigned to lead a highly skilled unit in the community where he grew up. Torn between loyalty to the streets, where the cops are sometimes the enemy, and allegiance to his brothers in blue, he strategically straddles the two worlds.",8.041,1575,138.3737,en,/1l7vsAIkqOzrqiPwjO27Cb5QdfJ.jpg
I Will Find You,TV Show,2021,"Wrongfully imprisoned for murdering his own son, a father sets out on a desperate rescue mission after learning the boy may still be alive.",8.31,175,137.9621,en,/pb9oYHHNzauiCQZT03MpDAg46GI.jpg
Bones,TV Show,2021,"Dr. Temperance Brennan and her colleagues at the Jeffersonian's Medico-Legal Lab assist Special Agent Seeley Booth with murder investigations when the remains are so badly decomposed, burned or destroyed that the standard identification methods are useless.",8.187,3515,137.4938,en,/eyTu5c8LniVciRZIOSHTvvkkgJa.jpg
Smallville,TV Show,2021,The origins of the world’s greatest hero–from Krypton refugee Kal-el’s arrival on Earth through his tumultuous teen years to Clark Kent’s final steps toward embracing his destiny as the Man of Steel.,8.191,4491,137.0342,en,/mHZSq8LA5Dt48JjaOZ5tcPXQRVN.jpg
CSI: Crime Scene Investigation,TV Show,2021,"A Las Vegas team of forensic investigators are trained to solve criminal cases by scouring the crime scene, collecting irrefutable evidence and finding the missing pieces that solve the mystery.",7.6,1393,136.4544,en,/i5hmoRjHNWady4AtAGICTUXknKH.jpg
Yellowstone,TV Show,2021,"Follow the violent world of the Dutton family, who controls the largest contiguous ranch in the United States. Led by their patriarch John Dutton, the family defends their property against constant attack by land developers, an Indian reservation, and America’s first National Park.",8.269,3191,135.9528,en,/vOYfRZ0NpUK5hG2CB2dJFnYJlGe.jpg
Secret Mission - Undercover Agents Never Back Down!,TV Show,2021,"Narcotics Enforcement Agent Riko Ikazuchi is undercover with her junior colleague Noma in an apartment that serves as the hideout for a criminal organization. Despite Riko and Noma posing as a newlywed couple, the criminals begin to suspect them after not hearing any marital intimacy during the night. To convince them that they are a loving couple, Noma starts touching Riko's body...",6.1,25,135.8157,ja,/xZV8e1iKi85PFZlbQBdznvtpAVJ.jpg
Shameless,TV Show,2021,"Chicagoan Frank Gallagher is the proud single dad of six smart, industrious, independent kids, who without him would be... perhaps better off. When Frank's not at the bar spending what little money they have, he's passed out on the floor. But the kids have found ways to grow up in spite of him. They may not be like any family you know, but they make no apologies for being exactly who they are.",8.169,3369,135.6926,en,/ifo31fMWLmyOVpdak9K0kY4jldQ.jpg
The Blacklist,TV Show,2021,"Raymond ""Red"" Reddington, one of the FBI's most wanted fugitives, surrenders in person at FBI Headquarters in Washington, D.C. He claims that he and the FBI have the same interests: bringing down dangerous criminals and terrorists. In the last two decades, he's made a list of criminals and terrorists that matter the most but the FBI cannot find because it does not know they exist. Reddington calls this ""The Blacklist"". Reddington will co-operate, but insists that he will speak only to Elizabeth Keen, a rookie FBI profiler.",7.634,3608,131.7577,en,/4HTfd1PhgFUenJxVuBDNdLmdr0c.jpg
American Dad!,TV Show,2021,"The series focuses on an eccentric motley crew that is the Smith family and their three housemates: Father, husband, and breadwinner Stan Smith; his better half housewife, Francine Smith; their college-aged daughter, Hayley Smith; and their high-school-aged son, Steve Smith. Outside of the Smith family, there are three additional main characters, including Hayley's boyfriend turned husband, Jeff Fischer; the family's man-in-a-goldfish-body pet, Klaus; and most notably the family's zany alien, Roger, who is ""full of masquerades, brazenness, and shocking antics.""",7.011,2385,127.4298,en,/eb9sH2am9IUSQ8GhXTNAVoujk8W.jpg
CHILL CLUB 推介,TV Show,2021,,0.0,0,124.0979,cn,/3n0cY8IQTtFf8JSGpVrYbfcR0Wa.jpg
Prison Break,TV Show,2021,"Due to a political conspiracy, an innocent man is sent to death row and his only hope is his brother, who makes it his mission to deliberately get himself sent to the same prison in order to break the both of them out, from the inside out.",8.068,5992,123.1362,en,/wnmNPaLvhnMeOqnWlhNkYCZxtda.jpg
The Bear,TV Show,2021,"Carmy, a young fine-dining chef, comes home to Chicago to run his family sandwich shop. As he fights to transform the shop and himself, he works alongside a rough-around-the-edges crew that ultimately reveal themselves as his chosen family.",8.137,1777,122.9638,en,/eKfVzzEazSIjJMrw9ADa2x8ksLz.jpg
The Prosecutor's Proposal,TV Show,2021,"A victim’s son and a killer’s son reunite as a prosecutor and investigator, fighting systemic corruption while becoming each other's salvation.",0.0,0,122.2712,ko,/lK6DrnFecG0AsA8O5UqEYOrOArd.jpg
Vikings,TV Show,2021,"The adventures of Ragnar Lothbrok, the greatest hero of his age. The series tells the sagas of Ragnar's band of Viking brothers and his family, as he rises to become King of the Viking tribes. As well as being a fearless warrior, Ragnar embodies the Norse traditions of devotion to the gods. Legend has it that he was a direct descendant of Odin, the god of war and warriors.",8.096,7672,122.1404,en,/bQLrHIRNEkE3PdIWQrZHynQZazu.jpg
Lucifer,TV Show,2021,"Bored and unhappy as the Lord of Hell, Lucifer Morningstar abandoned his throne and retired to Los Angeles, where he has teamed up with LAPD detective Chloe Decker to take down criminals. But the longer he's away from the underworld, the greater the threat that the worst of humanity could escape.",8.433,15523,122.0408,en,/ekZobS8isE6mA53RAiGDG93hBxL.jpg
The Flash,TV Show,2021,"After being struck by lightning, CSI investigator Barry Allen awakens from a nine-month coma to discover he has been  granted the gift of super speed.  Teaming up with S.T.A.R. Labs, Barry takes on the persona of The Flash, the Fastest  Man Alive, to protect his city.",7.758,11643,121.2606,en,/yZevl2vHQgmosfwUdVNzviIfaWS.jpg
Arrow,TV Show,2021,"Spoiled billionaire playboy Oliver Queen is missing and presumed dead when his yacht is lost at sea. He returns five years later a changed man, determined to clean up the city as a hooded vigilante armed with a bow.",6.835,6361,121.0449,en,/u8ZHFj1jC384JEkTt3vNg1DfWEb.jpg
Suits,TV Show,2021,"While running from a drug deal gone bad, Mike Ross, a brilliant young college-dropout, slips into a job interview with one of New York City's best legal closers, Harvey Specter. Tired of cookie-cutter law school grads, Harvey takes a gamble by hiring Mike on the spot after he recognizes his raw talent and photographic memory.",8.222,5760,118.5691,en,/vQiryp6LioFxQThywxbC6TuoDjy.jpg
The Office,TV Show,2021,"The everyday lives of office employees in the Scranton, Pennsylvania branch of the fictional Dunder Mifflin Paper Company.",8.6,5260,118.494,en,/7DJKHzAi83BmQrWLrYYOqcoKfhR.jpg
Dexter,TV Show,2021,"Dexter Morgan, a blood spatter pattern analyst for the Miami Metro Police also leads a secret life as a serial killer, hunting down criminals who have slipped through the cracks of justice.",8.239,5603,115.5211,en,/q8dWfc4JwQuv3HayIZeO84jAXED.jpg
Friends,TV Show,2021,"Six young people from New York City, on their own and struggling to survive in the real world, find the companionship, comfort and support they get from each other to be the perfect antidote to the pressures of life.",8.418,9170,115.4045,en,/2koX1xLkpTQM4IZebYvKysFW1Nh.jpg
Watch What Happens Live with Andy Cohen,TV Show,2021,Bravo network executive Andy Cohen discusses pop culture topics with celebrities and reality show personalities.,5.0,87,115.3725,en,/onSD9UXfJwrMXWhq7UY7hGF2S1h.jpg
Running Man,TV Show,2021,"These days, as variety shows are gradually disappearing, this is one of Korea’s representative variety shows that has been responsible for Sunday evenings for over 10 years. This program features numerous stars and members going around various places, playing games, and completing missions. In particular, among the many fun elements of variety shows, this one focuses solely on laughter.

Open your eyes! Big fun is coming in!

Open your mouth! Big laughter is coming in!

Open your heart! Useful lessons are coming in!",8.2,213,115.0627,ko,/2Wmmu1MkqxJ48J7aySET9EKEjXz.jpg
The Last Ship,TV Show,2021,"Their mission is simple: Find a cure. Stop the virus. Save the world. When a global pandemic wipes out eighty percent of the planet's population, the crew of a lone naval destroyer must find a way to pull humanity from the brink of extinction.",6.864,1033,113.4998,en,/xH529hDtPxhslAEeCrN7gD64ZMX.jpg
Doctor Who,TV Show,2021,"The Doctor is a Time Lord: a 900 year old alien with 2 hearts, part of a gifted civilization who mastered time travel. The Doctor saves planets for a living—more of a hobby actually, and the Doctor's very, very good at it.",7.6,3387,112.4783,en,/m6G92osOtSeXwjSfL21jZCUOvxe.jpg
Euphoria,TV Show,2021,"A group of high school students navigate love and friendships in a world of drugs, sex, trauma, and social media.",8.284,10910,111.6242,en,/ypmtwojDd751Peszi62DVLytqqC.jpg
Modern Family,TV Show,2021,"The Pritchett-Dunphy-Tucker clan is a wonderfully large and blended family. They give us an honest and often hilarious look into the sometimes warm, sometimes twisted, embrace of the modern family.",7.912,3394,110.9765,en,/k5Qg5rgPoKdh3yTJJrLtyoyYGwC.jpg
Renegade Immortal,TV Show,2021,"It tells the story of Wang Lin, an ordinary young man in the countryside, who is moved by his heart and cultivates against immortality. His pursuit is not only for longevity, but also for getting rid of the ants behind it. He firmly believed in human beings and entered the path of cultivation with mediocre qualifications. After experiencing ups and downs, with his wise mind, he gradually reached the pinnacle and became famous in the cultivation world with his own strength.",8.4,37,110.799,zh,/2jEJSCLFjniFT7z4YvyY9Ywo1lc.jpg
"Crazy Love, Moo-Moo!",TV Show,2021,"To drive away a persistent admirer, MooMoo interns at his hotel to show off his worst habits, only to find himself falling for the man he hates.",7.5,2,109.7072,th,/bpj6cELj5j3SzkMoncQCYDY19Ve.jpg
The Walking Dead,TV Show,2021,Sheriff's deputy Rick Grimes awakens from a coma to find a post-apocalyptic world dominated by flesh-eating zombies. He sets out to find his family and encounters many other survivors along the way.,8.086,17921,109.0172,en,/aN29llVoCFtBTwDZFtqdD9d8dHb.jpg
The Sopranos,TV Show,2021,"The story of New Jersey-based Italian-American mobster Tony Soprano and the difficulties he faces as he tries to balance the conflicting requirements of his home life and the criminal organization he heads. Those difficulties are often highlighted through his ongoing professional relationship with psychiatrist Jennifer Melfi. The show features Tony's family members and Mafia associates in prominent roles and story arcs, most notably his wife Carmela and his cousin and protégé Christopher Moltisanti.",8.673,3514,107.3645,en,/rTc7ZXdroqjkKivFPvCPX0Ru7uw.jpg
Jimihen!! Jimiko o Kae Chau Jun Isei Kouyuu,TV Show,2021,"The story follows Rena Yukuhasahi, a reserved office lady and Ryouhei Hachiya, a businessman and fellow colleague. Yukuhasahi appears to be the most reserved girl in the company, but becomes a super beautiful woman when she dresses up. Flustered in the presence of her transformed self, Hachiya insists on taking her out, only to find themselves in front of a love hotel.",6.4,25,106.687,ja,/to5FshluwPdO9d3Ucs7fagJL7OU.jpg
Resort,TV Show,2021,A debt-ridden room service boy rises to challenge a ruthless kitchen at a luxurious beachside haven.,0.0,0,106.2553,ta,/cL7iOwqapRRb7eKKlXI4FDaP6rh.jpg
JUJUTSU KAISEN,TV Show,2021,"Yuji Itadori is a boy with tremendous physical strength, though he lives a completely ordinary high school life. One day, to save a classmate who has been attacked by curses, he eats the finger of Ryomen Sukuna, taking the curse into his own soul. From then on, he shares one body with Ryomen Sukuna. Guided by the most powerful of sorcerers, Satoru Gojo, Itadori is admitted to Tokyo Jujutsu High School, an organization that fights the curses... and thus begins the heroic tale of a boy who became a curse to exorcise a curse, a life from which he could never turn back.",8.578,4508,104.7259,ja,/fHpKWq9ayzSk8nSwqRuaAUemRKh.jpg
Reacher,TV Show,2021,"Jack Reacher, a veteran military police investigator, has just recently entered civilian life. Reacher is a drifter, carrying no phone and the barest of essentials as he travels the country and explores the nation he once served.",8.08,2900,104.5994,en,/31GlRQMiDunO8cl3NxTz34U64rf.jpg
Doraemon,TV Show,2021,"Robotic cat Doraemon is sent back in time from the 22nd century to protect 10-year-old Noby, a lazy and uncoordinated boy who is destined to have a tragic future. Doraemon can create secret gadgets from a pocket on his stomach, but they usually cause more bad than good because of Noby's propensity to misuse them.",8.067,232,104.3438,ja,/9ZN1P32SHviL3SV51qLivxycvcx.jpg
PAW Patrol,TV Show,2021,"Marshall, Rocky, Rubble, Zuma and Skye are doing their best to protect the people of their town. Led by Ryder, a tech-savvy 10-year-old boy, each of them is equipped with special equipment and together they help anyone who finds themselves in trouble. No task is too big for them and no puppy is too small.",7.0,812,103.337,en,/8HXkgUBO5OF8ZK9XbY69RM4S5rv.jpg
The Late Show with Stephen Colbert,TV Show,2021,"Stephen Colbert brings his signature satire and comedy to The Late Show with Stephen Colbert, the #1 show in late night, where he talks with an eclectic mix of guests about what is new and relevant in the worlds of politics, entertainment, business, music, technology, and more. Featuring bandleader Jon Batiste with his band Stay Human, the Emmy Award-nominated show is broadcast from the historic Ed Sullivan Theater.",6.093,356,101.5009,en,/9jkThAGYj2yp8jsS6Nriy5mzKFT.jpg
Kamen Rider,TV Show,2021,"Takeshi Hongo is a promising young man with a passion for motorcycle racing. However, his dreams are suddenly ruined when he gets kidnapped by Shocker, the evil secret organization planning to dominate the world. After being remodeled into a cyborg, Takeshi escapes and swears to protect the world from the inhuman monsters.",6.45,101,101.2794,ja,/2DIBDFHiKQawz4WPsYekl9DHwyA.jpg
Homeland,TV Show,2021,"CIA officer Carrie Mathison is tops in her field despite being bipolar, which makes her volatile and unpredictable. With the help of her long-time mentor Saul Berenson, Carrie fearlessly risks everything, including her personal well-being and even sanity, at every turn.",7.584,2594,100.8986,en,/6GAvS2e6VIRsms9FpVt33PsCoEW.jpg
Stargate SG-1,TV Show,2021,"The story of Stargate SG-1 begins about a year after the events of the feature film, when the United States government learns that an ancient alien device called the Stargate can access a network of such devices on a multitude of planets. SG-1 is an elite Air Force special operations team, one of more than two dozen teams from Earth who explore the galaxy and defend against alien threats such as the Goa'uld, Replicators, and the Ori.",8.268,1834,100.3684,en,/dQjmI7XxI47v8IM2MUysHG0LuU2.jpg
The Daily Show,TV Show,2021,"The World's Fakest News Team tackle the biggest stories in news, politics and pop culture.",6.405,641,99.8086,en,/ixcfyK7it6FjRM36Te4OdblAq4X.jpg
Grimm,TV Show,2021,"After Portland homicide detective Nick Burkhardt discovers he's descended from an elite line of criminal profilers known as ""Grimms,"" he increasingly finds his responsibilities as a detective at odds with his new responsibilities as a Grimm.",8.27,3558,99.3419,en,/iOptnt1QHi6bIHmOq6adnZTV0bU.jpg
Lost,TV Show,2021,"Stripped of everything, the survivors of a horrific plane crash must work together to stay alive. But the island holds many secrets.",7.958,5115,99.1839,en,/og6S0aTZU6YUJAbqxeKjCa3kY1E.jpg
Chicago Fire,TV Show,2021,"An edge-of-your-seat view into the lives of everyday heroes committed to one of America's noblest professions. For the firefighters, rescue squad and paramedics of Chicago Firehouse 51, no occupation is more stressful or dangerous, yet so rewarding and exhilarating. These courageous men and women are among the elite who forge headfirst into danger when everyone else is running the other way and whose actions make the difference between life and death.",8.4,2404,98.7013,en,/r915sk2JpthZSjHEgZKifWxgo6L.jpg
Desperate Housewives,TV Show,2021,"Looking down on her friends and family isn't a way of life for Mary Alice Young... it's a way of death. One day, in her perfect house, in the loveliest of suburbs, Mary Alice ended it all. Now she's taking us into the lives of her family, friends and neighbors, commenting from her elevated P.O.V.",7.9,2085,97.6028,en,/sywYmV9c9Vj2U7ocqNyfDt2pz3r.jpg
Harem in the Labyrinth of Another World,TV Show,2021,"High school student Michio Kaga was wandering aimlessly through life and the Internet, when he finds himself transported from a shady website to a fantasy world — reborn as a strong man who can use ""cheat"" powers. He uses his powers to become an adventurer, earn money, and get the right to claim girls that have idol-level beauty to form his very own harem.",7.3,156,97.5001,ja,/drAnsk5w2PX5x3ooPv7I2xr3ksq.jpg
The Tonight Show Starring Jimmy Fallon,TV Show,2021,"After Jay Leno's second retirement from the program, Jimmy Fallon stepped in as his permanent replacement. After 42 years in Los Angeles the program was brought back to New York.",5.802,378,96.9092,en,/1N4o5PmmqhlVDrcdJ2RlCFWbLGX.jpg
Slay the Gods,TV Show,2021,"""If the dark night comes to an end, I will stand in front of tens of thousands of people, slashing my sword into the abyss, staining the sky with blood!"" Have you ever thought that monsters from ancient myths lurk under the bright neon cities? Have you ever thought that above the moon hanging high above the heads of the world, there are gods watching over the world? Have you ever thought that in the crowded modern cities, there are extraordinary people who walk the world in place of gods?",8.3,16,96.3938,zh,/n4lEQkgCDuOP3TNvIjkzn5QjRp.jpg
Crazy Over His Fingers: Just the Two of Us in a Salon After Closing,TV Show,2021,"Fumi works as an assistant at a popular salon in the city and is aiming to become a hairdresser. She receives strict guidance from Sousuke, the salon's charismatic hairdresser and manager. Every time he touches Fumi, she becomes agitated. One day after the salon closed, Fumi stands in as Sousuke's practice partner at the shampoo station. As he touches her and sprinkles her with water, she becomes angry again! Or so the thought...could she actually be attracted to him? Sousuke flashes an evil smile as he senses Fumi's heart, and his fingertips start to stroke every corner of her body...Fumi cannot refuse his fingers anymore.",6.4,19,96.3672,ja,/hlk5xhZw5uSBJvpJD3xbX2k6BhA.jpg
Spartacus,TV Show,2021,"Torn from his homeland and the woman he loves, Spartacus is condemned to the brutal world of the arena where blood and death are primetime entertainment.",8.029,2964,95.9873,en,/c2GKN4VHCj1dnjFMANRpGkCVBae.jpg
The Vampire Diaries,TV Show,2021,"The story of two vampire brothers obsessed with the same girl, who bears a striking resemblance to the beautiful but ruthless vampire they knew and loved in 1864.",8.302,9644,95.8617,en,/b3vl6wV1W8PBezFfntKTrhrehCY.jpg
Hawaii Five-0,TV Show,2021,"Steve McGarrett returns home to Oahu, in order to find his father's killer. The governor offers him the chance to run his own task force (Five-0). Steve's team is joined by Chin Ho Kelly, Danny ""Danno"" Williams, and Kono Kalakaua.",7.736,1867,95.3014,en,/sIdCKlmM2nU4akIvFQaAIiU8YES.jpg
FBI,TV Show,2021,"The New York office of the FBI brings to bear all their talents, intellect and technical expertise on major cases in order to keep their city and the country safe.",7.927,915,94.6697,en,/zfKS4WL0OZ9udpNoSYZw91VB3aH.jpg
Harem Camp!,TV Show,2021,"The story follows teacher and veteran solo camper Kensuke, who forms a camping group with four girls.",7.0,25,94.2118,ja,/dsaYRfBviInhrulwtHOyg1KB4ct.jpg
Bluey,TV Show,2021,"Bluey is an inexhaustible six year-old Blue Heeler dog, who loves to play and turns everyday family life into extraordinary adventures, developing her imagination as well as her mental, physical and emotional resilience.",8.581,707,93.2384,en,/b9mY0X5T20ZM073hoa5n0dgmbfN.jpg
Seinfeld,TV Show,2021,A stand-up comedian and his three offbeat friends weather the pitfalls and payoffs of life in New York City in the '90s. It's a show about nothing.,8.263,2360,93.1675,en,/aCw8ONfyz3AhngVQa1E2Ss4KSUQ.jpg
Castle,TV Show,2021,"After a serial killer imitates the plots of his novels, successful mystery novelist Richard ""Rick"" Castle receives permission from the Mayor of New York City to tag along with an NYPD homicide investigation team for research purposes.",7.973,2106,93.1522,en,/diXBeMzvfJb2iJg3G0kCUaMCzEc.jpg
Fire in His Fingertips,TV Show,2021,"Office worker Ryou Fujihashi is trapped inside her apartment which has set ablaze. The firefighters arrive in time to save her, and one of them happens to be Souma Mizuno, Fujihashi's childhood friend who she had a crush on. As the apartment fire gets put out, an old love gets rekindled.",6.905,21,93.13,ja,/yHUDRf2e9FGeWXPsT5lVF3iCUwc.jpg
Viking,Movie,2022,"Five people are recruited by the Viking Society to collaborate on the first manned mission to Mars. They were chosen because of the psychological similarities they share with the five astronauts who will travel to the red planet. These volunteers therefore form a B-team of alter egos who will experience the adventure in parallel, behind closed doors on Earth.",5.531,32,112.0919,fr,/pkbG9xXZwwXAG8Bb8WXJweOlF1M.jpg
Top Gun: Maverick,Movie,2022,"After more than thirty years of service as one of the Navy’s top aviators, and dodging the advancement in rank that would ground him, Pete “Maverick” Mitchell finds himself training a detachment of TOP GUN graduates for a specialized mission the likes of which no living pilot has ever seen.",8.158,11102,42.4928,en,/n0YuM4f5lvGAP6MAW2kBIzugXnc.jpg
Avatar: The Way of Water,Movie,2022,"Set more than a decade after the events of the first film, learn the story of the Sully family (Jake, Neytiri, and their kids), the trouble that follows them, the lengths they go to keep each other safe, the battles they fight to stay alive, and the tragedies they endure.",7.594,14249,39.5958,en,/t6HIqrRAclMCA60NsSmeqe9RmNV.jpg
Jurassic World Dominion,Movie,2022,"Four years after Isla Nublar was destroyed, dinosaurs now live—and hunt—alongside humans all over the world. This fragile balance will reshape the future and determine, once and for all, whether human beings are to remain the apex predators on a planet they now share with history's most fearsome creatures.",6.598,7097,28.1433,en,/jbAvCACjLf1ZG0unB2tdmx5HAf1.jpg
The Batman,Movie,2022,"In his second year of fighting crime, Batman uncovers corruption in Gotham City that connects to his own family while facing a serial killer known as the Riddler.",7.662,12069,26.751,en,/74xTEgt7R36Fpooo50r9T25onhq.jpg
Prey,Movie,2022,"When danger threatens her camp, the fierce and highly skilled Comanche warrior Naru sets out to protect her people. But the prey she stalks turns out to be a highly evolved alien predator with a technically advanced arsenal.",7.659,7778,24.6407,en,/ujr5pztc1oitbe7ViMUOilFaJ7s.jpg
The Black Phone,Movie,2022,"Finney Blake, a shy but clever 13-year-old boy, is abducted by a sadistic killer and trapped in a soundproof basement where screaming is of little use. When a disconnected phone on the wall begins to ring, Finney discovers that he can hear the voices of the killer’s previous victims. And they are dead set on making sure that what happened to them doesn’t happen to Finney.",7.521,5887,23.3126,en,/p9ZUzCyy9wRTDuuQexkQ78R2BgF.jpg
Smile,Movie,2022,"After witnessing a bizarre, traumatic incident involving a patient, Dr. Rose Cotter starts experiencing frightening occurrences that she can't explain.",6.67,4095,23.181,en,/aPqcQwu4VGEewPhagWNncDbJ9Xp.jpg
The Gray Man,Movie,2022,"When a shadowy CIA agent uncovers damning agency secrets, he's hunted across the globe by a sociopathic rogue operative who's put a bounty on his head.",6.91,4293,23.0235,en,/8cXbitsS6dWQ5gfMTZdorpAAzEH.jpg
M3GAN,Movie,2022,"A brilliant toy company roboticist uses artificial intelligence to develop M3GAN, a life-like doll programmed to emotionally bond with her newly orphaned niece. But when the doll's programming works too well, she becomes overprotective of her new friend with terrifying results.",7.022,4862,22.7483,en,/d9nBoowhjiiYc4FBNtQkPY7c11H.jpg
Elvis,Movie,2022,"The life story of Elvis Presley as seen through the complicated relationship with his enigmatic manager, Colonel Tom Parker.",7.454,3916,21.7492,en,/qBOKWqAFbveZ4ryjJJwbie6tXkQ.jpg
Everything Everywhere All at Once,Movie,2022,"An aging Chinese immigrant is swept up in an insane adventure, where she alone can save what's important to her by connecting with the lives she could have led in other universes.",7.717,8057,21.24,en,/u68AjlvlutfEIcpmbYpKcdi09ut.jpg
Minions: The Rise of Gru,Movie,2022,"A fanboy of a supervillain supergroup known as the Vicious 6, Gru hatches a plan to become evil enough to join them, with the backup of his followers, the Minions.",7.264,4037,21.1285,en,/wKiOkZTN9lUUUNZLmtnwubZYONg.jpg
Puss in Boots: The Last Wish,Movie,2022,"Puss in Boots discovers that his passion for adventure has taken its toll: He has burned through eight of his nine lives, leaving him with only one life left. Puss sets out on an epic journey to find the mythical Last Wish and restore his nine lives.",8.21,8942,20.6588,en,/kuf6dutpsT0vSVehic3EZIqkOBt.jpg
365 Days: This Day,Movie,2022,"Laura and Massimo are back and hotter than ever. But the reunited couple's new beginning is complicated by Massimo’s family ties and a mysterious man who enters Laura’s life to win her heart and trust, at any cost.",5.9,1853,19.737,pl,/7qU0SOVcQ8BTJLodcAlulUAG16C.jpg
Samaritan,Movie,2022,"Thirteen year old Sam Cleary suspects that his mysteriously reclusive neighbor Mr. Smith is actually the legendary vigilante Samaritan, who was reported dead 25 years ago. With crime on the rise and the city on the brink of chaos, Sam makes it his mission to coax his neighbor out of hiding to save the city from ruin.",6.652,2213,19.6803,en,/zgH8Ej50n2cvJCMJrxd4twEwSqz.jpg
Violent Night,Movie,2022,"When a team of mercenaries breaks into a wealthy family compound on Christmas Eve, taking everyone inside hostage, the team isn’t prepared for a surprise combatant: Santa Claus is on the grounds, and he’s about to show why this Nick is no saint.",7.222,2570,18.4128,en,/e8CpMgdyihz9Td7amQDqubPuzfN.jpg
Enola Holmes 2,Movie,2022,"Enola takes on her first official case as a detective, but to solve the mystery of a missing girl, she'll need help from friends — and brother Sherlock.",7.405,3003,17.7644,en,/tegBpjM5ODoYoM1NjaiHVLEA0QM.jpg
Fall,Movie,2022,"For best friends Becky and Hunter, life is all about conquering fears and pushing limits. But after they climb 2,000 feet to the top of a remote, abandoned radio tower, they find themselves stranded with no way down. Now Becky and Hunter's expert climbing skills will be put to the ultimate test as they desperately fight to survive the elements, a lack of supplies, and vertigo-inducing heights.",7.1,4665,16.8256,en,/spCAxD99U1A6jsiePFoqdEcY0dG.jpg
The Bob's Burgers Movie,Movie,2022,"When a ruptured water main creates an enormous sinkhole right in front of Bob's Burgers, it blocks the entrance indefinitely and ruins the Belchers’ plans for a successful summer. While Bob and Linda struggle to keep the business afloat, the kids try to solve a mystery that could save their family's restaurant. As the dangers mount, these underdogs help each other find hope and fight to get back behind the counter, where they belong.",6.929,373,16.7806,en,/AvV2nHEDQMWuRqAUrpcx2fB97CB.jpg
Ray Donovan: The Movie,Movie,2022,"A showdown decades in the making brings the Donovan family legacy full circle. As the events that made Ray who he is today finally come to light, the Donovans find themselves drawn back to Boston to face the past. Each of them struggles to overcome their violent upbringing, but destiny dies hard, and only their fierce love for each other keeps them in the fight.",6.825,231,16.6122,en,/5sw1EvOeXMGRZGWr18R4EiZs036.jpg
Turning Red,Movie,2022,"Thirteen-year-old Mei is experiencing the awkwardness of being a teenager with a twist – when she gets too excited, she transforms into a giant red panda.",7.333,5908,15.5738,en,/qsdjk9oAKSQMWs0Vt5Pyfh6O4GZ.jpg
Doctor Strange in the Multiverse of Madness,Movie,2022,"Doctor Strange, with the help of mystical allies both old and new, traverses the mind-bending and dangerous alternate realities of the Multiverse to confront a mysterious new adversary.",7.231,10417,15.3398,en,/ddJcSKbcp4rKZTmuyWaMhuwcfMz.jpg
swingers ZwingerZ,Movie,2022,,7.2,4,15.3089,es,/lemo5hfG4w7Sm9mKjiIGmJ3hkYB.jpg
The Next 365 Days,Movie,2022,Laura and Massimo's relationship hangs in the balance as they try to overcome trust issues while a tenacious Nacho works to push them apart.,6.374,1324,14.3689,pl,/8AWm7iMcsCI3DdGz4YEJtiMDp8Z.jpg
Tissue,Movie,2022,Max discovers something disturbing while investigating a break-in at his workplace.,0.0,0,13.6724,en,/x6S3rWK4o89lsuIscleSiLXzKT.jpg
Black Adam,Movie,2022,"Nearly 5,000 years after he was bestowed with the almighty powers of the Egyptian gods—and imprisoned just as quickly—Black Adam is freed from his earthly tomb, ready to unleash his unique form of justice on the modern world.",6.798,7064,13.0836,en,/rCtreCr4xiYEWDQTebybolIh6Xe.jpg
The Bad Guys,Movie,2022,"When the Bad Guys, a crew of criminal animals, are finally caught after years of heists and being the world’s most-wanted villains, Mr. Wolf brokers a deal to save them all from prison.",7.526,2584,12.8071,en,/7qop80YfuO0BwJa1uXk1DXUUEwv.jpg
Sonic the Hedgehog 2,Movie,2022,"After settling in Green Hills, Sonic is eager to prove he has what it takes to be a true hero. His test comes when Dr. Robotnik returns, this time with a new partner, Knuckles, in search for an emerald that has the power to destroy civilizations. Sonic teams up with his own sidekick, Tails, and together they embark on a globe-trotting journey to find the emerald before it falls into the wrong hands.",7.427,5901,12.6604,en,/6DrHO1jr3qVrViUO6s6kFiAGM7.jpg
Through My Window,Movie,2022,"Raquel's longtime crush on her next-door neighbor turns into something more when he starts developing feelings for her, despite his family's objections.",7.352,3351,12.3117,es,/jmkpZvMVIRrMFevxzOubSBfG0s0.jpg
Bullet Train,Movie,2022,"Unlucky assassin Ladybug is determined to do his job peacefully after one too many gigs gone off the rails. Fate, however, may have other plans, as Ladybug's latest mission puts him on a collision course with lethal adversaries from around the globe—all with connected, yet conflicting, objectives—on the world's fastest train.",7.412,7610,12.2901,en,/j8szC8OgrejDQjjMKSVXyaAjw3V.jpg
"Son's Girlfriend, Daddy's Girlfriend 2",Movie,2022,"Jeong-goo is in a relationship with his son's girlfriend, Mi-hee. Mi-hee feels guilty and breaks up with Yeong-jin, and Yeong-jin who is struggling because of it, got in a relationship with Joo-eun. Yeong-jin's ex-wife, Yeon-ri meets Jeong-goo by chance and finds out about the whole thing, and Yeon-ri who was curious about Jeong-goo, sleeps with him...",4.333,3,12.1088,ko,/6xu9crDySkzj16gfH89Elc2Yyqc.jpg
Deep Water,Movie,2022,A well-to-do husband who allows his wife to have affairs in order to avoid a divorce becomes a prime suspect in the disappearance of her lovers.,5.83,1658,11.9936,en,/6yRMyWwjuhKg6IU66uiZIGhaSc8.jpg
Black Panther: Wakanda Forever,Movie,2022,"Queen Ramonda, Shuri, M’Baku, Okoye and the Dora Milaje fight to protect their nation from intervening world powers in the wake of King T’Challa’s death.  As the Wakandans strive to embrace their next chapter, the heroes must band together with the help of War Dog Nakia and Everett Ross and forge a new path for the kingdom of Wakanda.",7.006,7520,11.8804,en,/sv1xJUazXeYqALzczSZ3O6nkH75.jpg
X,Movie,2022,"In 1979, a group of young filmmakers set out to make an adult film in rural Texas, but when their reclusive, elderly hosts catch them in the act, the cast find themselves fighting for their lives.",6.713,4000,11.7954,en,/lopZSVtXzhFY603E9OqF7O1YKsh.jpg
Invited Delivery Man 2,Movie,2022,An erotic love film depicting a couple with sexual problems due to the muscular delivery man's erectile dysfunction and a female urologist.,7.0,1,11.458,ko,/41Q9zWeeZXJguvrSmZGDgci1cbB.jpg
Scream,Movie,2022,"Twenty-five years after a streak of brutal murders shocked the quiet town of Woodsboro, a new killer has donned the Ghostface mask and begins targeting a group of teenagers to resurrect secrets from the town’s deadly past.",6.688,3910,11.2282,en,/nD4M4Bx457ryLuKYpxFwQ2IBJ5w.jpg
Uncharted,Movie,2022,"A young street-smart, Nathan Drake and his wisecracking partner Victor “Sully” Sullivan embark on a dangerous pursuit of “the greatest treasure never found” while also tracking clues that may lead to Nathan’s long-lost brother.",6.9,6931,11.2037,en,/rJHC1RUORuUhtfNb4Npclx0xnOf.jpg
Thor: Love and Thunder,Movie,2022,"After his retirement is interrupted by Gorr the God Butcher, a galactic killer who seeks the extinction of the gods, Thor Odinson enlists the help of King Valkyrie, Korg, and ex-girlfriend Jane Foster, who now wields Mjolnir as the Mighty Thor. Together they embark upon a harrowing cosmic adventure to uncover the mystery of the God Butcher’s vengeance and stop him before it’s too late.",6.367,8617,11.1654,en,/pIkRyD18kl4FhoCNQuWxWu5cBLM.jpg
Hotel Transylvania: Transformania,Movie,2022,"When Van Helsing's mysterious invention, the ""Monsterfication Ray,"" goes haywire, Drac and his monster pals are all transformed into humans, and Johnny becomes a monster. In their new mismatched bodies, Drac and Johnny must team up and race across the globe to find a cure before it's too late, and before they drive each other crazy.",7.033,3032,11.159,en,/teCy1egGQa0y8ULJvlrDHQKnxBL.jpg
Luck,Movie,2022,"Suddenly finding herself in the never-before-seen Land of Luck, the unluckiest person in the world must unite with the magical creatures there to turn her luck around.",7.731,1990,11.113,en,/1HOYvwGFioUFL58UVvDRG6beEDm.jpg
Babylon,Movie,2022,"A tale of outsized ambition and outrageous excess, tracing the rise and fall of multiple characters in an era of unbridled decadence and depravity during Hollywood's transition from silent films to sound films in the late 1920s.",7.344,3800,10.8133,en,/wjOHjWCUE0YzDiEzKv8AfqHj3ir.jpg
Grand Jete,Movie,2022,"Dance teacher and mother Nadja left her son Mario with her own mother when he was little. Now she has reappeared on his doorstep, seeking a closeness that knows fewer and fewer boundaries. An uncompromising film about family relationships.",4.9,48,10.7838,de,/awpPWrE5kqIURHotysiR2yBg9Ty.jpg
The Lost City,Movie,2022,"Reclusive author Loretta Sage writes about exotic places in her popular adventure novels that feature a handsome cover model named Alan. While on tour promoting her new book with Alan, Loretta gets kidnapped by an eccentric billionaire who hopes she can lead him to the ancient city's lost treasure that featured in her latest story. Alan, determined to prove he can be a hero in real life and not just on the pages of her books, sets off to rescue her.",6.455,4014,10.5118,en,/rnheO8cFvCYcmZsDrBoabJbKLFE.jpg
Fantastic Beasts: The Secrets of Dumbledore,Movie,2022,"Professor Albus Dumbledore knows the powerful, dark wizard Gellert Grindelwald is moving to seize control of the wizarding world. Unable to stop him alone, he entrusts magizoologist Newt Scamander to lead an intrepid team of wizards and witches. They soon encounter an array of old and new beasts as they clash with Grindelwald's growing legion of followers.",6.626,5128,10.1824,en,/3c5GNLB4yRSLBby0trHoA1DSQxQ.jpg
Redeeming Love,Movie,2022,"A young couple's relationship clashes with the harsh realities of the California Gold Rush of 1850. Angel, experiencing love for the first time and facing demons unsurmountable, runs from the new life she doesn't believe she deserves. When Michael sets out to find her, Angel discovers that she indeed has the power to choose the life she wants.",7.859,753,9.723,en,/2iu0lBF7sfAioLfSnSJtdKxlms6.jpg
Escape Room,Movie,2022,"A man checks into an escape room for the experience, but slowly loses his mind looking for a way out.",0.0,0,9.4592,en,/8nNkQ8nPGjTczLRzsXJ5xaKa3kb.jpg
RRR,Movie,2022,A fictional history of two legendary revolutionaries' journey away from home before they began fighting for their country in the 1920s.,7.714,1618,9.459,te,/u0XUBNQWlOvrh0Gd97ARGpIkL0.jpg
Lightyear,Movie,2022,Legendary Space Ranger Buzz Lightyear embarks on an intergalactic adventure alongside a group of ambitious recruits and his robot companion Sox.,6.866,3837,9.3457,en,/b9t3w1loraDh7hjdWmpc9ZsaYns.jpg
The Witch: Part 2. The Other One,Movie,2022,"A girl wakes up in a huge secret laboratory, then accidentally meets another girl who is trying to protect her house from a gang. The mystery girl overthrows the gang with her unexpected powers, and laboratory staff set out to find her.",7.417,456,9.1729,ko,/9YTuscJXmr9Iua62amCgGSU8PDW.jpg
The Roundup,Movie,2022,"The 'Beast Cop' Ma Seok-do heads to a foreign country to extradite a suspect, but soon after his arrival, he discovers additional murder cases and hears about a vicious killer who has been committing crimes against tourists for several years.",7.3,440,9.1067,ko,/wg9oh3IRDOkdDRRygBNO1ylXskQ.jpg
Hey! Sinamika,Movie,2022,A wife who feels suffocated by her husband's incessant attention hires a psychologist to make him fall in love with her so that she can separate from him.,5.8,25,8.8697,ta,/3t6kgGJqsSMtKitIXXBPgWSqeCf.jpg
Suzume,Movie,2022,"Suzume, 17, lost her mother as a little girl. On her way to school, she meets a mysterious young man. But her curiosity unleashes a calamity that endangers the entire population of Japan, and so Suzume embarks on a journey to set things right.",7.886,1758,8.6585,ja,/yStW1TXF5s7Tbtu9KjIZEaWl6HL.jpg
20th Century Girl,Movie,2022,"In 1999, a teen girl keeps close tabs on a boy in school on behalf of her deeply smitten best friend – then she gets swept up in a love story of her own.",8.158,822,8.6022,ko,/od22ftNnyag0TTxcnJhlsu3aLoU.jpg
Purple Hearts,Movie,2022,"An aspiring musician agrees to a marriage of convenience with a soon-to-deploy Marine, but a tragedy soon turns their fake relationship all too real.",8.046,2889,8.5271,en,/4JyNWkryifWbWXJyxcWh3pVya6N.jpg
Glass Onion: A Knives Out Mystery,Movie,2022,World-famous detective Benoit Blanc heads to Greece to peel back the layers of a mystery surrounding a tech billionaire and his eclectic crew of friends.,7.03,6893,8.506,en,/vDGr1YdrlfbU9wxTOdpf3zChmv9.jpg
The Whale,Movie,2022,A reclusive English teacher suffering from severe obesity attempts to reconnect with his estranged teenage daughter for one last chance at redemption.,7.766,4721,8.4722,en,/jQ0gylJMxWSL490sy0RrPj1Lj7e.jpg
Terrifier 2,Movie,2022,"A year after the Miles County massacre, Art the Clown is resurrected by a sinister entity. Art returns home, where he must hunt down and destroy teenage Sienna and her younger brother Jonathan on Halloween. As the body count rises, the siblings fight to stay alive while uncovering the true nature of Art's evil intent.",6.677,2517,8.4605,en,/qEAlwXbYk6IHA4ztoS2XFFaa7Xo.jpg
All Quiet on the Western Front,Movie,2022,"Paul Baumer and his friends Albert and Muller, egged on by romantic dreams of heroism, voluntarily enlist in the German army. Full of excitement and patriotic fervour, the boys enthusiastically march into a war they believe in. But once on the Western Front, they discover the soul-destroying horror of World War I.",7.728,4726,8.4152,de,/2IRjbi9cADuDMKmHdLK7LaqQDKA.jpg
Pearl,Movie,2022,"Trapped on her family’s isolated farm, Pearl must tend to her ailing father under the bitter and overbearing watch of her devout mother. Lusting for a glamorous life like she’s seen in the movies, Pearl’s ambitions, temptations, and repressions collide.",7.232,2611,8.412,en,/z5uIG81pXyHKg7cUFIu84Wjn4NS.jpg
Sisu,Movie,2022,"When an ex-soldier who discovers gold in the Lapland wilderness tries to take the loot into the city, German soldiers led by a brutal SS officer battle him.",7.412,2858,7.9686,fi,/xgb30M1wL4nibyFvlHh3w4XlDYq.jpg
Project Wolf Hunting,Movie,2022,"While under heavily armed guard, the dangerous convicts aboard a cargo ship unite in a coordinated escape attempt that soon escalates into a bloody, all-out riot. But as the fugitives continue their brutal campaign of terror, they soon discover that not even the most vicious among them is safe from the horror they unknowingly unleashed from the darkness below deck.",6.442,442,7.0386,ko,/hmeIsFSClo5UBWxBiiCDCnDOYJY.jpg
The Banshees of Inisherin,Movie,2022,"Two lifelong friends find themselves at an impasse when one abruptly ends their relationship, with alarming consequences for both of them.",7.463,3391,6.3605,en,/4yFG6cSPaCaPhyJ1vtGOtMD1lgh.jpg
Nope,Movie,2022,"Residents in a lonely gulch of inland California bear witness to an uncanny, chilling discovery.",6.825,4946,7.4933,en,/AcKVlWaNVVVFQwro3nLXqPljcYA.jpg
Alienoid,Movie,2022,"Gurus in the late Goryeo dynasty try to obtain a fabled, holy sword, and humans in 2022 hunt down an alien prisoner that is locked in a human's body. The two parties cross paths when a time-traveling portal opens up.",6.935,567,7.0237,ko,/8QVDXDiOGHRcAD4oM6MXjE0osSj.jpg
The Quintessential Quintuplets Movie,Movie,2022,"When five lovely young girls who hate studying hire part-time tutor Futaro, he guides not only their education but also their hearts. Time spent has brought them all closer, with feelings growing within the girls and Futaro. As they finish their third year of high school and their last school festival approaches, they set their sights on what’s next. Is there a future with one of them and Futaro?",8.284,445,7.9633,ja,/sg7klpt1xwK1IJirBI9EHaqQwJ5.jpg
Morbius,Movie,2022,"Dangerously ill with a rare blood disorder, and determined to save others suffering his same fate, Dr. Michael Morbius attempts a desperate gamble. What at first appears to be a radical success soon reveals itself to be a remedy potentially worse than the disease.",5.9,4851,7.3803,en,/Av8Z2jZhEm1FLkFzMThzz9hndJF.jpg
Decision to Leave,Movie,2022,"From a mountain peak in South Korea, a man plummets to his death. Did he jump, or was he pushed? When detective Hae-joon arrives on the scene, he begins to suspect the dead man’s wife Seo-rae. But as he digs deeper into the investigation, he finds himself trapped in a web of deception and desire.",7.3,1531,6.2774,ko,/zI8KZ4EdLUymWKX1YEkpZ0gtPUa.jpg
Death on the Nile,Movie,2022,Belgian sleuth Hercule Poirot's Egyptian vacation aboard a glamorous river steamer turns into a terrifying search for a murderer when a picture-perfect couple's idyllic honeymoon is tragically cut short.,6.41,4212,7.45,en,/kVr5zIAFSPRQ57Y1zE7KzmhzdMQ.jpg
XXX,Movie,2022,,10.0,2,7.883,es,/y0ovQM35EfbwM7YdPVx3jT9yp4Q.jpg
After Ever Happy,Movie,2022,"As a shocking truth about a couple's families emerges, the two lovers discover they are not so different from each other. Tessa is no longer the sweet, simple, good girl she was when she met Hardin — any more than he is the cruel, moody boy she fell so hard for.",6.772,1374,7.0251,en,/moogpu8rNkEjTgFyLXwhPghft5w.jpg
Hantu Karaoke,Movie,2022,"Abu Bakar, who goes to the karaoke center to alleviate his sadness, meets Cumi, a woman who is inside a karaoke room and sings with him. However, Abu Bakar is unaware that Cumi is the woman who choked on peanuts while singing in the karaoke room and was thrown into a pit by her boyfriend. Abu Bakar is shocked, frightened, and tries to run, but Cumi stops him and pleads to help her complete her body.",0.0,0,5.0882,ms,/tF4SnHqvVeQxsOCJZ2Yv72UgXQ7.jpg
A Man Called Otto,Movie,2022,"When a lively young family moves in next door, grumpy widower Otto Anderson meets his match in a quick-witted, pregnant woman named Marisol, leading to an unlikely friendship that turns his world upside down.",7.749,3614,7.3285,en,/130H1gap9lFfiTF9iDrqNIkFvC9.jpg
"Good Luck to You, Leo Grande",Movie,2022,"Nancy Stokes, a retired schoolteacher, is pretty sure she has never had good sex. Now that her husband has died, she is determined to take a tour of sexual vistas that until now she has only imagined. She even has a plan; it involves an anonymous hotel room, and a sex worker who calls himself Leo Grande.",6.974,682,7.169,en,/dxxOmTq4LgQxiyU4rW53qdj9FoN.jpg
EO,Movie,2022,"The world is a mysterious place when seen through the eyes of an animal. EO, a grey donkey with melancholic eyes, meets good and bad people on his life’s path, experiences joy and pain, endures the wheel of fortune randomly turn his luck into disaster and his despair into unexpected bliss. But not even for a moment does he lose his innocence.",6.499,424,5.8178,en,/1MK86Vr2nf1GSYOtRd8pFvA5RM8.jpg
Don't Worry Darling,Movie,2022,"Alice and Jack are lucky to be living in the idealized community of Victory, the experimental company town housing the men who work for the top-secret Victory Project and their families. But when cracks in their idyllic life begin to appear, exposing flashes of something much more sinister lurking beneath the attractive façade, Alice can’t help questioning exactly what they’re doing in Victory, and why.",6.763,2969,6.1488,en,/jOqxKIOC92BVyinYO1Fm73XY7Tc.jpg
Where the Crawdads Sing,Movie,2022,"Abandoned by her family, Kya raises herself all alone in the marshes outside of her small town. When her former boyfriend is found dead, Kya is instantly branded by the local townspeople and law enforcement as the prime suspect for his murder.",7.5,2329,6.2432,en,/n1el846gLDXfhOvrRCsyvaAOQWv.jpg
The Sea Beast,Movie,2022,"When a young girl stows away on the ship of a legendary sea monster hunter, they launch an epic journey into uncharted waters — and make history to boot.",7.331,1725,6.6547,en,/9Zfv4Ap1e8eKOYnZPtYaWhLkk0d.jpg
Showroom,Movie,2022,"Liezl, an ambitious agent, learns that her colleague, Susanah, uses her body to sell condo units; so she imitates her scheme. When the tables turn, Liezl begins to face her punishments one by one.",4.9,10,6.6031,tl,/rMtfinteQu34A9mGKBOW0BY7zT0.jpg
Jackass 4.5,Movie,2022,"Through outrageous, never-before-seen footage, witness the making of the Jackass crew's last go at wild stunts.",6.409,394,5.8755,en,/bl686OSeMQOvs90IQAgt8QipCsB.jpg
Beast,Movie,2022,"A recently widowed man and his two teenage daughters travel to a game reserve in South Africa. However, their journey of healing soon turns into a fight for survival when a bloodthirsty lion starts to stalk them.",6.5,1767,6.0231,en,/f18rGcLlawKjNC5KRh36S0mvRlY.jpg
Secret Headquarters,Movie,2022,"While hanging out after school, Charlie and his friends discover the headquarters of the world’s most powerful superhero hidden beneath his home. When villains attack, they must team up to defend the headquarters and save the world.",6.4,423,6.2941,en,/v6mvk0YC4o0PUdq82IbNRjIEEv3.jpg
Jerry & Marge Go Large,Movie,2022,"The remarkable true story of how retiree Jerry Selbee discovers a mathematical loophole in the Massachusetts lottery and, with the help of his wife, Marge, wins $27 million dollars and uses the money to revive their small Michigan town.",7.389,477,5.6613,en,/bbBGSm1kjgmZ0O3bPUQIbA0xlKQ.jpg
Incantation,Movie,2022,Inspired by the true story of a family who believed they were possessed by spirits. This film follows a woman who must protect her child from a curse.,6.832,840,6.6428,zh,/cWz28oGV3cSajWdziVQbqrYCmnX.jpg
Moonfall,Movie,2022,A mysterious force knocks the moon from its orbit around Earth and sends it hurtling on a collision course with life as we know it.,6.246,3609,5.671,en,/odVv1sqVs0KxBXiA8bhIBlPgalx.jpg
Serve the People,Movie,2022,"Mu-kwang volunteers to be a kitchen police of Sa-taek, the divisional commander, dreaming of success. One day, Mu-kwang meets Su-ryeon by chance, who is a young and beautiful wife of the commander. Soon, he feels a strong attraction by her.",6.49,50,5.6364,ko,/1V308VhbYx8rr4ubNE28JAgEaQt.jpg
The Adam Project,Movie,2022,"After accidentally crash-landing in 2022, time-traveling fighter pilot Adam Reed teams up with his 12-year-old self on a mission to save the future.",6.988,4977,6.9997,en,/wFjboE0aFZNbVOF05fzrka9Fqyx.jpg
The School for Good and Evil,Movie,2022,Best friends Sophie and Agatha navigate an enchanted school for young heroes and villains — and find themselves on opposing sides of the battle between good and evil.,7.032,1386,6.0322,en,/6oZeEu1GDILdwezmZ5e2xWISf1C.jpg
Obi-Wan Kenobi: A Jedi's Return,Movie,2022,"This special explores the return of Obi-Wan Kenobi and Anakin Skywalker to the screen, as well as Ewan McGregor and Hayden Christensen to their classic roles. Director Deborah Chow leads the cast and crew as they create new heroes and villains that live alongside new incarnations of beloved Star Wars characters, and an epic story that dramatically bridges the saga films.",6.792,1018,6.9348,en,/vQGgvXjoMZf8x1m3BHsMxVXPyck.jpg
That Time I Got Reincarnated as a Slime the Movie: Scarlet Bond,Movie,2022,"A long-running conspiracy is swirling over a mysterious power wielded by the Queen in Raja, a small country west of Tempest. When a slime who evolved into a Demon Lord named Rimuru Tempest crosses paths with Hiiro, a survivor of the Ogre race, an incredible adventure packed with new characters begins. The power of bonds will be put to the test!",7.389,438,5.9647,ja,/xITip9n9uMAUA0TU6niMXU2tbh0.jpg
Lady Chatterley's Lover,Movie,2022,"After a crippling injury leaves her husband impotent, Lady Chatterly is torn between her love for her husband and her physical desires. With her husband's consent, she seeks out other means of fulfilling her needs.",6.685,523,5.2039,en,/aSgl2DxPG3DuQXoaHr500KeULmT.jpg
Jackass Forever,Movie,2022,"The Jackass crew, along with some newcomers, returns for one more round of hilarious, absurd, and dangerous stunts.",6.785,923,5.3765,en,/ruHDFumJfW7F2vEqTZEQQ9xT7CA.jpg
"The Boy, the Mole, the Fox and the Horse",Movie,2022,"The unlikely friendship of a boy, a mole, a fox and a horse traveling together in the boy's search for home.",8.225,730,5.0751,en,/wAKBWRhMmBtrCCuqmFwPm2RGTph.jpg
"The Tunnel to Summer, the Exit of Goodbyes",Movie,2022,"Urashima Tunnel – Once you enter that tunnel, you can get whatever you want, but at a price. Kaoru Tohno, who seems to have an elusive personality and traumatic past, and Anzu Hanashiro, who is struggling to reconcile her ideal image and true-to-heart attitude, team up to investigate the Urashima Tunnel and get what they want. This is an unforgettable summer story of nostalgia and sprinting in a remote countryside.",7.728,290,5.201,ja,/5AGA6pbBKXZTI8k1c6odx30JuQR.jpg
The Getaway,Movie,2022,"In the hit sequel to the Heist, Agent Smith goes down a dangerous road trying to find the man who stole everything, Kyle Irby.",0.0,0,5.0383,en,/w26nn4rDu4pzut4sW4PeNU1nLwr.jpg
Udal,Movie,2022,"A woman, looking after her ailing mother-in-law is at breaking point. What happens when she can't take any more?",5.2,5,5.4054,ml,/lwUjrdFpHU8mWdYqZbjc24uHpv.jpg
FROM,TV Show,2022,"Unravel the mystery of a nightmarish town in middle America that traps all those who enter. As the unwilling residents fight to keep a sense of normalcy and search for a way out, they must also survive the threats of the surrounding forest – including the terrifying creatures that come out when the sun goes down.",8.505,3872,765.3461,en,/pRtJagIxpfODzzb0T0NAvZSzErC.jpg
House of the Dragon,TV Show,2022,"The Targaryen dynasty is at the absolute apex of its power, with more than 15 dragons under their yoke. Most empires crumble from such heights. In the case of the Targaryens, their slow fall begins when King Viserys breaks with a century of tradition by naming his daughter Rhaenyra heir to the Iron Throne. But when Viserys later fathers a son, the court is shocked when Rhaenyra retains her status as his heir, and seeds of division sow friction across the realm.",8.4,6413,494.1472,en,/7V0Ebks0GgpKvQ7QbLAIdX5dos4.jpg
Xplay,TV Show,2022,"Xplay (previously GameSpot TV and Extended Play) is a TV program about video games. The program, known for its reviews and comedy skits, airs on G4 in the United States and had aired on G4 Canada in Canada (and briefly on YTV during its time as GameSpot TV), FUEL TV in Australia, Ego in Israel, GXT in Italy, MTV Russia & Rambler TV in Russia, Solar Sports in the Philippines and Adult Swim and MuchMusic in Latin America. The show ran between July 4, 1998, and January 23, 2013, and returned in November 2021 as a part of G4's relaunch.",8.0,3,400.4115,en,/7ynD7g4U9hOODu1Jzf6VN4zQc6a.jpg
Adam's Sweet Agony,TV Show,2022,"This is the story of a boy, who became the lone Adam among four billion Eves. In a world where a pandemic has rendered all men impotent, high school student Itsuki is the exception who escaped it. In order to protect this secret, he transfers to a very special high school, which turns out to be composed of 90% girls! There, he encounters an upbeat and friendly senior, a sexually frustrated female teacher, a tomboyish school 'prince,' and an heiress from a wealthy family. For Itsuki, who has his pick of any woman in the world, the question remains: which one will he choose?",6.786,35,311.8869,ja,/1n1ZP0KHXUSvVxZG63x7aOzmO4M.jpg
Law & Order: Special Victims Unit,TV Show,2022,"In the criminal justice system, sexually-based offenses are considered especially heinous. In New York City, the dedicated detectives who investigate these vicious felonies are members of an elite squad known as the Special Victims Unit. These are their stories.",7.95,4263,285.3782,en,/iofokHZoUB4Qhik4PflvJl8TT6a.jpg
Knot,TV Show,2022,"A young man’s life changes forever when a powerful Alpha marks him, binding their fates together in an inescapable bond.",9.0,1,281.4824,th,/8z62pp4K602d1y6079oU1GBeiAG.jpg
Off Campus,TV Show,2022,"Hannah Wells tutors hockey captain Garrett Graham to win over her crush. Their deal becomes real connection as they face their pasts. Friends Logan, Dean, Tucker, and Allie navigate college life and love.",8.964,600,262.9005,en,/cbODFqkcmRgrYH8NkG4Q4Hcg8Z1.jpg
Avatar: The Last Airbender,TV Show,2022,A young boy known as the Avatar must master the four elemental powers to save a world at war — and fight a ruthless enemy bent on stopping him.,7.804,1178,286.8657,en,/lzZpWEaqzP0qVA5nkCc5ASbNcSy.jpg
The Rookie,TV Show,2022,"Starting over isn't easy, especially for small-town guy John Nolan who, after a life-altering incident, is pursuing his dream of being an LAPD officer. As the force's oldest rookie, he's met with skepticism from some higher-ups who see him as just a walking midlife crisis.",8.552,3347,230.104,en,/70kTz0OmjjZe7zHvIDrq2iKW7PJ.jpg
Agent Kim Reactivated,TV Show,2022,"When an unassuming dad's daughter goes missing, he dusts off his old black-ops skills to track her down — only to attract the wrong kind of attention.",8.2,13,224.5247,ko,/jruaZAm1KjkFRhgRcdF8tqakhpH.jpg
Law & Order,TV Show,2022,"In cases ripped from the headlines, police investigate serious and often deadly crimes, weighing the evidence and questioning the suspects until someone is taken into custody. The district attorney's office then builds a case to convict the perpetrator by proving the person guilty beyond a reasonable doubt. Working together, these expert teams navigate all sides of the complex criminal justice system to make New York a safer place.",7.3,693,209.9667,en,/haJ9eHytVO3H3JooMJG1DiWwDNm.jpg
Never-Ending Summer,TV Show,2022,"To save her gravely ill grandmother, top student Zhou Wan approaches her mother's stepson, Lu Xixiao, for funds. They fall for each other over the summer after graduation but are torn apart by misunderstandings in reality. Ten years later, they reunite at work. Though Lu Xixiao harbors resentment, his love for Zhou Wan remains. As they uncover the truth behind a ""factory accident,"" they resolve their differences and reunite.",9.0,2,203.4975,zh,/2b4rQPbFY8BnL9xuQKaT3ZELlqx.jpg
Notes from the Last Row,TV Show,2022,"A literature professor discovers a student's talent and offers him writing lessons — but as he sinks into the story, their sessions spiral into chaos.",8.625,16,205.4955,ko,/paRFCxAJRZOypfgnzYLo6KH5jjO.jpg
Dutton Ranch,TV Show,2022,"Rip Wheeler and Beth Dutton gamble everything on a new life in South Texas, but the promise of building a future far from the ghosts of Yellowstone quickly collides with brutal new realities and a rival ranch that will stop at nothing to protect its empire.",9.3,339,213.0244,en,/xsiecCxd8lkcAluw0wWwbW5CwSv.jpg
Grey's Anatomy,TV Show,2022,Follows the personal and professional lives of a group of doctors at Seattle's Grey Sloan Memorial Hospital.,8.21,10948,213.0097,en,/hjJkrLXhWvGHpLeLBDFznpBTY1S.jpg
NCIS,TV Show,2022,"From murder and espionage to terrorism and stolen submarines, a team of special agents investigates any crime that has any connection to Navy and Marine Corps personnel, regardless of rank or position.",7.618,2523,205.3894,en,/mBcu8d6x6zB1el3MPNl7cZQEQ31.jpg
Supernatural,TV Show,2022,"When they were boys, Sam and Dean Winchester lost their mother to a mysterious and demonic supernatural force. Subsequently, their father raised them to be soldiers. He taught them about the paranormal evil that lives in the dark corners and on the back roads of America ... and he taught them how to kill it. Now, the Winchester brothers crisscross the country in their '67 Chevy Impala, battling every kind of supernatural threat they encounter along the way. ",8.311,8501,219.0527,en,/8iixmfGx5EIFPdpNvB2JvI3VIqX.jpg
The Boys,TV Show,2022,A group of vigilantes known informally as “The Boys” set out to take down corrupt superheroes with no more than blue-collar grit and a willingness to fight dirty.,8.448,13022,216.8543,en,/in1R2dDc421JxsoRWaIIAqVI2KE.jpg
The Mentalist,TV Show,2022,"Patrick Jane, a former celebrity psychic medium, uses his razor sharp skills of observation and expertise at ""reading"" people to solve serious crimes with the California Bureau of Investigation.",8.357,4374,206.0103,en,/acYXu4KaDj1NIkMgObnhe4C4a0T.jpg
Game of Thrones,TV Show,2022,"Seven noble families fight for control of the mythical land of Westeros. Friction between the houses leads to full-scale war. All while a very ancient evil awakens in the farthest north. Amidst the war, a neglected military order of misfits, the Night's Watch, is all that stands between the realms of men and icy horrors beyond.",8.464,27138,207.6338,en,/1XS1oqL89opfnbLl8WnZY1O1uJx.jpg
Family Guy,TV Show,2022,"Sick, twisted, politically incorrect and Freakin' Sweet animated series featuring the adventures of the dysfunctional Griffin family. Bumbling Peter and long-suffering Lois have three kids. Stewie (a brilliant but sadistic baby bent on killing his mother and taking over the world), Meg (the oldest, and is the most unpopular girl in town) and Chris (the middle kid, he's not very bright but has a passion for movies). The final member of the family is Brian - a talking dog and much more than a pet, he keeps Stewie in check whilst sipping Martinis and sorting through his own life issues.",7.406,4995,195.3882,en,/3PFsEuAiyLkWsP4GG6dIV37Q6gu.jpg
The Simpsons,TV Show,2022,"Set in Springfield, the average American town, the show focuses on the antics and everyday adventures of the Simpson family; Homer, Marge, Bart, Lisa and Maggie, as well as a virtual cast of thousands. Since the beginning, the series has been a pop culture icon, attracting hundreds of celebrities to guest star. The show has also made name for itself in its fearless satirical take on politics, media and American life in general.",8.019,10847,188.7205,en,/uWpG7GqfKGQqX4YMAo3nv5OrglV.jpg
Teach You a Lesson,TV Show,2022,An inspector from the Educational Rights Protection Bureau (ERPB) who is authorized by the government to use physical intervention and unconventional methods to discipline delinquent students and reform the educational system.,9.475,560,182.5171,ko,/fMECSPrTmRClSViMsXFYmiYIcWP.jpg
A Girl's Guide to 21st Century Sex,TV Show,2022,"A Girl's Guide to 21st Century Sex is a documentary TV series about sex, which ran in eight episodes on Channel 5 and was presented by Dr Catherine Hood. The 45-minute long episodes were broadcast on Monday nights. The series started on 30 October 2006, with the final programme broadcast on 18 December 2006.

Each episode explained a sex position and covered a sexually transmitted disease. Additionally, the following topics were discussed: sex among handicapped and overweight people, penis enlargement devices, penis enlargement surgery, sexual violence against men and penis removal, tantric sex, the g-spot, erectile dysfunction, sex reassignment surgery, cosmetic surgery of the vagina, swinging, lichen sclerosus, the use of recreational drugs during sex, male homosexual sex in public toilets, full body plastic wrap bondage, and sex dolls.",5.2,18,180.7022,en,/9NSX2YrFGBIih0XqRedsSbDVx4U.jpg
Criminal Minds,TV Show,2022,"An elite team of FBI profilers analyze the country's most twisted criminal minds, anticipating their next moves before they strike again. The Behavioral Analysis Unit's most experienced agent is David Rossi, a founding member of the BAU who returns to help the team solve new cases.",8.303,4103,172.0989,en,/hWSb4UnIjlTvnvrP98NbFSO60HA.jpg
The Polygamist,TV Show,2022,"Social media darling, Joyce, is the picture of marital perfection — until her cheating husband's conquests ignite a scandalous emotional meltdown.",8.754,63,169.0685,zu,/emnQZe22rYBCsbZ7h1TUAkYEzrZ.jpg
Souryo to Majiwaru Shikiyoku no Yoru ni...,TV Show,2022,"At a high school reunion, Mio Fukatani reunites with a classmate she has not seen in years—Takahide Kujou. She had always wanted to know more about the kind-hearted boy in high school, but once she realizes that Kujou has become a monk, she believes that any chance of getting to know him romantically is slim. Deciding to drink away her sorrows, she ends up walking home drunk, and surprisingly, running into Kujou who helps her get home.

However, once inside, Kujou's lust for Mio becomes apparent and the two share an erotic night of passion. As this steamy romance blossoms between these two unlikely lovers, Mio and Kujou will undoubtedly spend many nights together in utter ecstasy.",5.3,14,167.2914,ja,/ueI9EeoRdMVa7hWEm21nQEU8Zv3.jpg
Overflow,TV Show,2022,"Kazushi Sudou is a university student who is visited by his two childhood friends, the sisters Ayane and Kotone Shirakawa. When Ayane discovers that Kazushi not only forgot to buy her pudding but is also using her special lotion in the bath, she decides to take revenge and join Kazushi in his bath along with Kotone. Will the perverted Kazushi be able to remain indifferent to them both?",7.3,88,160.1696,ja,/8RtwL5gxUvh9YViqjhNlVRvJpum.jpg
Raakh,TV Show,2022,"When two teenagers vanish, a close-knit family is shattered and the city is left on edge. Determined to uncover the truth, a relentless officer leads a nationwide manhunt that pulls him deep into a world of violence and human depravity.",9.143,7,156.5636,hi,/5MbNy94ia4ZLf8OGtSfSjjlxxWN.jpg
Sesame Street,TV Show,2022,"On a special inner city street, the inhabitants—human and muppet—teach preschoolers basic educational and social concepts using comedy, cartoons, games, and songs.",7.13,284,154.3658,en,/14k9BfZ2p4rQBMeJ5crKTfUZVwD.jpg
Rick and Morty,TV Show,2022,Follows a sociopathic genius scientist who drags his inherently timid grandson on adventures across the universe.,8.678,11038,153.6188,en,/owhkU6KRqdXoUQpjV8uyZGPtX58.jpg
Hunter x Hunter,TV Show,2022,"Gon Freecss discovers that the father he had always been told was dead was actually alive the whole time. Ging is a famous Hunter: an individual who has proven themself an elite member of humanity. Gon becomes determined to follow in his father's footsteps, pass the rigorous Hunter Examination.",8.442,214,153.411,ja,/eobAuhCJA8oRp814V67WhezVXtQ.jpg
Miraculous: Tales of Ladybug & Cat Noir,TV Show,2022,"Marinette and Adrien, two Parisian teenagers, are entrusted with powerful jewels in order to transform into superheroes Ladybug and Cat Noir. But neither hero knows the other's true identity — or that they're classmates!",8.058,4609,149.8966,fr,/acrtAy8gmxcsEvrDP09MpMSCeDZ.jpg
House,TV Show,2022,"Dr. Gregory House, a drug-addicted, unconventional, misanthropic medical genius, leads a team of diagnosticians at the fictional Princeton–Plainsboro Teaching Hospital in New Jersey.",8.566,7654,146.7527,en,/3Cz7ySOQJmqiuTdrc6CY0r65yDI.jpg
Midsomer Murders,TV Show,2022,"The peacefulness of the Midsomer community is shattered by violent crimes, suspects are placed under suspicion, and it is up to a veteran DCI and his young sergeant to calmly and diligently eliminate the innocent and ruthlessly pursue the guilty. ",7.5,357,146.128,en,/pz7tsWxe0TTdfJnWPjZAEnrSl5M.jpg
Stranger Things,TV Show,2022,"When a young boy vanishes, a small town uncovers a mystery involving secret experiments, terrifying supernatural forces, and one strange little girl.",8.6,21382,144.7875,en,/uOOtwVbSr4QDjAGIifLDwpb2Pdl.jpg
6 Lovers,TV Show,2022,"The July issue of Dear+ announced anime adaptions of a series of manga serialized in the magazine in celebration of the magazine's 20th anniversary. Six anime series are collected into an ""in motion"" series titled ""6 Lovers.""",8.3,3,143.0365,ja,/6QCUTINWv4rxmWs6EGYDjqawU8c.jpg
Gram Chikitsalay,TV Show,2022,"The young, idealistic and brilliant Dr. Prabhat, takes charge of a neglected Primary Health Centre in a North India Village hoping to bring about much needed changes only to realise it is he who will have do change before anything else.",6.25,12,142.5123,hi,/peRHZYhvuA6MLTJkpf5nIjgsWx5.jpg
Minnale,TV Show,2022,,0.0,0,139.9211,ta,/wACr0ARXdPXZeakkw2ecg4PrDId.jpg
Breaking Bad,TV Show,2022,"Walter White, a New Mexico chemistry teacher, is diagnosed with Stage III cancer and given a prognosis of only two years left to live. He becomes filled with a sense of fearlessness and an unrelenting desire to secure his family's financial future at any cost as he enters the dangerous world of drugs and crime.",8.947,18027,138.7191,en,/ztkUQFLlC19CCMYHW9o1zWhJRNq.jpg
S.W.A.T.,TV Show,2022,"A Los Angeles S.W.A.T. sergeant is assigned to lead a highly skilled unit in the community where he grew up. Torn between loyalty to the streets, where the cops are sometimes the enemy, and allegiance to his brothers in blue, he strategically straddles the two worlds.",8.041,1575,138.3737,en,/1l7vsAIkqOzrqiPwjO27Cb5QdfJ.jpg
I Will Find You,TV Show,2022,"Wrongfully imprisoned for murdering his own son, a father sets out on a desperate rescue mission after learning the boy may still be alive.",8.31,175,137.9621,en,/pb9oYHHNzauiCQZT03MpDAg46GI.jpg
Bones,TV Show,2022,"Dr. Temperance Brennan and her colleagues at the Jeffersonian's Medico-Legal Lab assist Special Agent Seeley Booth with murder investigations when the remains are so badly decomposed, burned or destroyed that the standard identification methods are useless.",8.187,3515,137.4938,en,/eyTu5c8LniVciRZIOSHTvvkkgJa.jpg
Smallville,TV Show,2022,The origins of the world’s greatest hero–from Krypton refugee Kal-el’s arrival on Earth through his tumultuous teen years to Clark Kent’s final steps toward embracing his destiny as the Man of Steel.,8.191,4491,137.0342,en,/mHZSq8LA5Dt48JjaOZ5tcPXQRVN.jpg
CSI: Crime Scene Investigation,TV Show,2022,"A Las Vegas team of forensic investigators are trained to solve criminal cases by scouring the crime scene, collecting irrefutable evidence and finding the missing pieces that solve the mystery.",7.6,1393,136.4544,en,/i5hmoRjHNWady4AtAGICTUXknKH.jpg
Yellowstone,TV Show,2022,"Follow the violent world of the Dutton family, who controls the largest contiguous ranch in the United States. Led by their patriarch John Dutton, the family defends their property against constant attack by land developers, an Indian reservation, and America’s first National Park.",8.269,3191,135.9528,en,/vOYfRZ0NpUK5hG2CB2dJFnYJlGe.jpg
Secret Mission - Undercover Agents Never Back Down!,TV Show,2022,"Narcotics Enforcement Agent Riko Ikazuchi is undercover with her junior colleague Noma in an apartment that serves as the hideout for a criminal organization. Despite Riko and Noma posing as a newlywed couple, the criminals begin to suspect them after not hearing any marital intimacy during the night. To convince them that they are a loving couple, Noma starts touching Riko's body...",6.1,25,135.8157,ja,/xZV8e1iKi85PFZlbQBdznvtpAVJ.jpg
Shameless,TV Show,2022,"Chicagoan Frank Gallagher is the proud single dad of six smart, industrious, independent kids, who without him would be... perhaps better off. When Frank's not at the bar spending what little money they have, he's passed out on the floor. But the kids have found ways to grow up in spite of him. They may not be like any family you know, but they make no apologies for being exactly who they are.",8.169,3369,135.6926,en,/ifo31fMWLmyOVpdak9K0kY4jldQ.jpg
The Blacklist,TV Show,2022,"Raymond ""Red"" Reddington, one of the FBI's most wanted fugitives, surrenders in person at FBI Headquarters in Washington, D.C. He claims that he and the FBI have the same interests: bringing down dangerous criminals and terrorists. In the last two decades, he's made a list of criminals and terrorists that matter the most but the FBI cannot find because it does not know they exist. Reddington calls this ""The Blacklist"". Reddington will co-operate, but insists that he will speak only to Elizabeth Keen, a rookie FBI profiler.",7.634,3608,131.7577,en,/4HTfd1PhgFUenJxVuBDNdLmdr0c.jpg
American Dad!,TV Show,2022,"The series focuses on an eccentric motley crew that is the Smith family and their three housemates: Father, husband, and breadwinner Stan Smith; his better half housewife, Francine Smith; their college-aged daughter, Hayley Smith; and their high-school-aged son, Steve Smith. Outside of the Smith family, there are three additional main characters, including Hayley's boyfriend turned husband, Jeff Fischer; the family's man-in-a-goldfish-body pet, Klaus; and most notably the family's zany alien, Roger, who is ""full of masquerades, brazenness, and shocking antics.""",7.011,2385,127.4298,en,/eb9sH2am9IUSQ8GhXTNAVoujk8W.jpg
CHILL CLUB 推介,TV Show,2022,,0.0,0,124.0979,cn,/3n0cY8IQTtFf8JSGpVrYbfcR0Wa.jpg
Prison Break,TV Show,2022,"Due to a political conspiracy, an innocent man is sent to death row and his only hope is his brother, who makes it his mission to deliberately get himself sent to the same prison in order to break the both of them out, from the inside out.",8.068,5992,123.1362,en,/wnmNPaLvhnMeOqnWlhNkYCZxtda.jpg
The Bear,TV Show,2022,"Carmy, a young fine-dining chef, comes home to Chicago to run his family sandwich shop. As he fights to transform the shop and himself, he works alongside a rough-around-the-edges crew that ultimately reveal themselves as his chosen family.",8.137,1777,122.9638,en,/eKfVzzEazSIjJMrw9ADa2x8ksLz.jpg
The Prosecutor's Proposal,TV Show,2022,"A victim’s son and a killer’s son reunite as a prosecutor and investigator, fighting systemic corruption while becoming each other's salvation.",0.0,0,122.2712,ko,/lK6DrnFecG0AsA8O5UqEYOrOArd.jpg
Vikings,TV Show,2022,"The adventures of Ragnar Lothbrok, the greatest hero of his age. The series tells the sagas of Ragnar's band of Viking brothers and his family, as he rises to become King of the Viking tribes. As well as being a fearless warrior, Ragnar embodies the Norse traditions of devotion to the gods. Legend has it that he was a direct descendant of Odin, the god of war and warriors.",8.096,7672,122.1404,en,/bQLrHIRNEkE3PdIWQrZHynQZazu.jpg
Lucifer,TV Show,2022,"Bored and unhappy as the Lord of Hell, Lucifer Morningstar abandoned his throne and retired to Los Angeles, where he has teamed up with LAPD detective Chloe Decker to take down criminals. But the longer he's away from the underworld, the greater the threat that the worst of humanity could escape.",8.433,15523,122.0408,en,/ekZobS8isE6mA53RAiGDG93hBxL.jpg
The Flash,TV Show,2022,"After being struck by lightning, CSI investigator Barry Allen awakens from a nine-month coma to discover he has been  granted the gift of super speed.  Teaming up with S.T.A.R. Labs, Barry takes on the persona of The Flash, the Fastest  Man Alive, to protect his city.",7.758,11643,121.2606,en,/yZevl2vHQgmosfwUdVNzviIfaWS.jpg
Arrow,TV Show,2022,"Spoiled billionaire playboy Oliver Queen is missing and presumed dead when his yacht is lost at sea. He returns five years later a changed man, determined to clean up the city as a hooded vigilante armed with a bow.",6.835,6361,121.0449,en,/u8ZHFj1jC384JEkTt3vNg1DfWEb.jpg
Suits,TV Show,2022,"While running from a drug deal gone bad, Mike Ross, a brilliant young college-dropout, slips into a job interview with one of New York City's best legal closers, Harvey Specter. Tired of cookie-cutter law school grads, Harvey takes a gamble by hiring Mike on the spot after he recognizes his raw talent and photographic memory.",8.222,5760,118.5691,en,/vQiryp6LioFxQThywxbC6TuoDjy.jpg
The Office,TV Show,2022,"The everyday lives of office employees in the Scranton, Pennsylvania branch of the fictional Dunder Mifflin Paper Company.",8.6,5260,118.494,en,/7DJKHzAi83BmQrWLrYYOqcoKfhR.jpg
Dexter,TV Show,2022,"Dexter Morgan, a blood spatter pattern analyst for the Miami Metro Police also leads a secret life as a serial killer, hunting down criminals who have slipped through the cracks of justice.",8.239,5603,115.5211,en,/q8dWfc4JwQuv3HayIZeO84jAXED.jpg
Friends,TV Show,2022,"Six young people from New York City, on their own and struggling to survive in the real world, find the companionship, comfort and support they get from each other to be the perfect antidote to the pressures of life.",8.418,9170,115.4045,en,/2koX1xLkpTQM4IZebYvKysFW1Nh.jpg
Watch What Happens Live with Andy Cohen,TV Show,2022,Bravo network executive Andy Cohen discusses pop culture topics with celebrities and reality show personalities.,5.0,87,115.3725,en,/onSD9UXfJwrMXWhq7UY7hGF2S1h.jpg
Running Man,TV Show,2022,"These days, as variety shows are gradually disappearing, this is one of Korea’s representative variety shows that has been responsible for Sunday evenings for over 10 years. This program features numerous stars and members going around various places, playing games, and completing missions. In particular, among the many fun elements of variety shows, this one focuses solely on laughter.

Open your eyes! Big fun is coming in!

Open your mouth! Big laughter is coming in!

Open your heart! Useful lessons are coming in!",8.2,213,115.0627,ko,/2Wmmu1MkqxJ48J7aySET9EKEjXz.jpg
The Last Ship,TV Show,2022,"Their mission is simple: Find a cure. Stop the virus. Save the world. When a global pandemic wipes out eighty percent of the planet's population, the crew of a lone naval destroyer must find a way to pull humanity from the brink of extinction.",6.864,1033,113.4998,en,/xH529hDtPxhslAEeCrN7gD64ZMX.jpg
Doctor Who,TV Show,2022,"The Doctor is a Time Lord: a 900 year old alien with 2 hearts, part of a gifted civilization who mastered time travel. The Doctor saves planets for a living—more of a hobby actually, and the Doctor's very, very good at it.",7.6,3387,112.4783,en,/m6G92osOtSeXwjSfL21jZCUOvxe.jpg
Euphoria,TV Show,2022,"A group of high school students navigate love and friendships in a world of drugs, sex, trauma, and social media.",8.284,10910,111.6242,en,/ypmtwojDd751Peszi62DVLytqqC.jpg
Modern Family,TV Show,2022,"The Pritchett-Dunphy-Tucker clan is a wonderfully large and blended family. They give us an honest and often hilarious look into the sometimes warm, sometimes twisted, embrace of the modern family.",7.912,3394,110.9765,en,/k5Qg5rgPoKdh3yTJJrLtyoyYGwC.jpg
Renegade Immortal,TV Show,2022,"It tells the story of Wang Lin, an ordinary young man in the countryside, who is moved by his heart and cultivates against immortality. His pursuit is not only for longevity, but also for getting rid of the ants behind it. He firmly believed in human beings and entered the path of cultivation with mediocre qualifications. After experiencing ups and downs, with his wise mind, he gradually reached the pinnacle and became famous in the cultivation world with his own strength.",8.4,37,110.799,zh,/2jEJSCLFjniFT7z4YvyY9Ywo1lc.jpg
"Crazy Love, Moo-Moo!",TV Show,2022,"To drive away a persistent admirer, MooMoo interns at his hotel to show off his worst habits, only to find himself falling for the man he hates.",7.5,2,109.7072,th,/bpj6cELj5j3SzkMoncQCYDY19Ve.jpg
The Walking Dead,TV Show,2022,Sheriff's deputy Rick Grimes awakens from a coma to find a post-apocalyptic world dominated by flesh-eating zombies. He sets out to find his family and encounters many other survivors along the way.,8.086,17921,109.0172,en,/aN29llVoCFtBTwDZFtqdD9d8dHb.jpg
The Sopranos,TV Show,2022,"The story of New Jersey-based Italian-American mobster Tony Soprano and the difficulties he faces as he tries to balance the conflicting requirements of his home life and the criminal organization he heads. Those difficulties are often highlighted through his ongoing professional relationship with psychiatrist Jennifer Melfi. The show features Tony's family members and Mafia associates in prominent roles and story arcs, most notably his wife Carmela and his cousin and protégé Christopher Moltisanti.",8.673,3514,107.3645,en,/rTc7ZXdroqjkKivFPvCPX0Ru7uw.jpg
Jimihen!! Jimiko o Kae Chau Jun Isei Kouyuu,TV Show,2022,"The story follows Rena Yukuhasahi, a reserved office lady and Ryouhei Hachiya, a businessman and fellow colleague. Yukuhasahi appears to be the most reserved girl in the company, but becomes a super beautiful woman when she dresses up. Flustered in the presence of her transformed self, Hachiya insists on taking her out, only to find themselves in front of a love hotel.",6.4,25,106.687,ja,/to5FshluwPdO9d3Ucs7fagJL7OU.jpg
Resort,TV Show,2022,A debt-ridden room service boy rises to challenge a ruthless kitchen at a luxurious beachside haven.,0.0,0,106.2553,ta,/cL7iOwqapRRb7eKKlXI4FDaP6rh.jpg
JUJUTSU KAISEN,TV Show,2022,"Yuji Itadori is a boy with tremendous physical strength, though he lives a completely ordinary high school life. One day, to save a classmate who has been attacked by curses, he eats the finger of Ryomen Sukuna, taking the curse into his own soul. From then on, he shares one body with Ryomen Sukuna. Guided by the most powerful of sorcerers, Satoru Gojo, Itadori is admitted to Tokyo Jujutsu High School, an organization that fights the curses... and thus begins the heroic tale of a boy who became a curse to exorcise a curse, a life from which he could never turn back.",8.578,4508,104.7259,ja,/fHpKWq9ayzSk8nSwqRuaAUemRKh.jpg
Reacher,TV Show,2022,"Jack Reacher, a veteran military police investigator, has just recently entered civilian life. Reacher is a drifter, carrying no phone and the barest of essentials as he travels the country and explores the nation he once served.",8.08,2900,104.5994,en,/31GlRQMiDunO8cl3NxTz34U64rf.jpg
Doraemon,TV Show,2022,"Robotic cat Doraemon is sent back in time from the 22nd century to protect 10-year-old Noby, a lazy and uncoordinated boy who is destined to have a tragic future. Doraemon can create secret gadgets from a pocket on his stomach, but they usually cause more bad than good because of Noby's propensity to misuse them.",8.067,232,104.3438,ja,/9ZN1P32SHviL3SV51qLivxycvcx.jpg
PAW Patrol,TV Show,2022,"Marshall, Rocky, Rubble, Zuma and Skye are doing their best to protect the people of their town. Led by Ryder, a tech-savvy 10-year-old boy, each of them is equipped with special equipment and together they help anyone who finds themselves in trouble. No task is too big for them and no puppy is too small.",7.0,812,103.337,en,/8HXkgUBO5OF8ZK9XbY69RM4S5rv.jpg
The Late Show with Stephen Colbert,TV Show,2022,"Stephen Colbert brings his signature satire and comedy to The Late Show with Stephen Colbert, the #1 show in late night, where he talks with an eclectic mix of guests about what is new and relevant in the worlds of politics, entertainment, business, music, technology, and more. Featuring bandleader Jon Batiste with his band Stay Human, the Emmy Award-nominated show is broadcast from the historic Ed Sullivan Theater.",6.093,356,101.5009,en,/9jkThAGYj2yp8jsS6Nriy5mzKFT.jpg
Kamen Rider,TV Show,2022,"Takeshi Hongo is a promising young man with a passion for motorcycle racing. However, his dreams are suddenly ruined when he gets kidnapped by Shocker, the evil secret organization planning to dominate the world. After being remodeled into a cyborg, Takeshi escapes and swears to protect the world from the inhuman monsters.",6.45,101,101.2794,ja,/2DIBDFHiKQawz4WPsYekl9DHwyA.jpg
Homeland,TV Show,2022,"CIA officer Carrie Mathison is tops in her field despite being bipolar, which makes her volatile and unpredictable. With the help of her long-time mentor Saul Berenson, Carrie fearlessly risks everything, including her personal well-being and even sanity, at every turn.",7.584,2594,100.8986,en,/6GAvS2e6VIRsms9FpVt33PsCoEW.jpg
Stargate SG-1,TV Show,2022,"The story of Stargate SG-1 begins about a year after the events of the feature film, when the United States government learns that an ancient alien device called the Stargate can access a network of such devices on a multitude of planets. SG-1 is an elite Air Force special operations team, one of more than two dozen teams from Earth who explore the galaxy and defend against alien threats such as the Goa'uld, Replicators, and the Ori.",8.268,1834,100.3684,en,/dQjmI7XxI47v8IM2MUysHG0LuU2.jpg
The Daily Show,TV Show,2022,"The World's Fakest News Team tackle the biggest stories in news, politics and pop culture.",6.405,641,99.8086,en,/ixcfyK7it6FjRM36Te4OdblAq4X.jpg
Grimm,TV Show,2022,"After Portland homicide detective Nick Burkhardt discovers he's descended from an elite line of criminal profilers known as ""Grimms,"" he increasingly finds his responsibilities as a detective at odds with his new responsibilities as a Grimm.",8.27,3558,99.3419,en,/iOptnt1QHi6bIHmOq6adnZTV0bU.jpg
Lost,TV Show,2022,"Stripped of everything, the survivors of a horrific plane crash must work together to stay alive. But the island holds many secrets.",7.958,5115,99.1839,en,/og6S0aTZU6YUJAbqxeKjCa3kY1E.jpg
Chicago Fire,TV Show,2022,"An edge-of-your-seat view into the lives of everyday heroes committed to one of America's noblest professions. For the firefighters, rescue squad and paramedics of Chicago Firehouse 51, no occupation is more stressful or dangerous, yet so rewarding and exhilarating. These courageous men and women are among the elite who forge headfirst into danger when everyone else is running the other way and whose actions make the difference between life and death.",8.4,2404,98.7013,en,/r915sk2JpthZSjHEgZKifWxgo6L.jpg
Desperate Housewives,TV Show,2022,"Looking down on her friends and family isn't a way of life for Mary Alice Young... it's a way of death. One day, in her perfect house, in the loveliest of suburbs, Mary Alice ended it all. Now she's taking us into the lives of her family, friends and neighbors, commenting from her elevated P.O.V.",7.9,2085,97.6028,en,/sywYmV9c9Vj2U7ocqNyfDt2pz3r.jpg
Harem in the Labyrinth of Another World,TV Show,2022,"High school student Michio Kaga was wandering aimlessly through life and the Internet, when he finds himself transported from a shady website to a fantasy world — reborn as a strong man who can use ""cheat"" powers. He uses his powers to become an adventurer, earn money, and get the right to claim girls that have idol-level beauty to form his very own harem.",7.3,156,97.5001,ja,/drAnsk5w2PX5x3ooPv7I2xr3ksq.jpg
The Tonight Show Starring Jimmy Fallon,TV Show,2022,"After Jay Leno's second retirement from the program, Jimmy Fallon stepped in as his permanent replacement. After 42 years in Los Angeles the program was brought back to New York.",5.802,378,96.9092,en,/1N4o5PmmqhlVDrcdJ2RlCFWbLGX.jpg
Slay the Gods,TV Show,2022,"""If the dark night comes to an end, I will stand in front of tens of thousands of people, slashing my sword into the abyss, staining the sky with blood!"" Have you ever thought that monsters from ancient myths lurk under the bright neon cities? Have you ever thought that above the moon hanging high above the heads of the world, there are gods watching over the world? Have you ever thought that in the crowded modern cities, there are extraordinary people who walk the world in place of gods?",8.3,16,96.3938,zh,/n4lEQkgCDuOP3TNvIjkzn5QjRp.jpg
Crazy Over His Fingers: Just the Two of Us in a Salon After Closing,TV Show,2022,"Fumi works as an assistant at a popular salon in the city and is aiming to become a hairdresser. She receives strict guidance from Sousuke, the salon's charismatic hairdresser and manager. Every time he touches Fumi, she becomes agitated. One day after the salon closed, Fumi stands in as Sousuke's practice partner at the shampoo station. As he touches her and sprinkles her with water, she becomes angry again! Or so the thought...could she actually be attracted to him? Sousuke flashes an evil smile as he senses Fumi's heart, and his fingertips start to stroke every corner of her body...Fumi cannot refuse his fingers anymore.",6.4,19,96.3672,ja,/hlk5xhZw5uSBJvpJD3xbX2k6BhA.jpg
Spartacus,TV Show,2022,"Torn from his homeland and the woman he loves, Spartacus is condemned to the brutal world of the arena where blood and death are primetime entertainment.",8.029,2964,95.9873,en,/c2GKN4VHCj1dnjFMANRpGkCVBae.jpg
The Vampire Diaries,TV Show,2022,"The story of two vampire brothers obsessed with the same girl, who bears a striking resemblance to the beautiful but ruthless vampire they knew and loved in 1864.",8.302,9644,95.8617,en,/b3vl6wV1W8PBezFfntKTrhrehCY.jpg
Hawaii Five-0,TV Show,2022,"Steve McGarrett returns home to Oahu, in order to find his father's killer. The governor offers him the chance to run his own task force (Five-0). Steve's team is joined by Chin Ho Kelly, Danny ""Danno"" Williams, and Kono Kalakaua.",7.736,1867,95.3014,en,/sIdCKlmM2nU4akIvFQaAIiU8YES.jpg
FBI,TV Show,2022,"The New York office of the FBI brings to bear all their talents, intellect and technical expertise on major cases in order to keep their city and the country safe.",7.927,915,94.6697,en,/zfKS4WL0OZ9udpNoSYZw91VB3aH.jpg
Harem Camp!,TV Show,2022,"The story follows teacher and veteran solo camper Kensuke, who forms a camping group with four girls.",7.0,25,94.2118,ja,/dsaYRfBviInhrulwtHOyg1KB4ct.jpg
Bluey,TV Show,2022,"Bluey is an inexhaustible six year-old Blue Heeler dog, who loves to play and turns everyday family life into extraordinary adventures, developing her imagination as well as her mental, physical and emotional resilience.",8.581,707,93.2384,en,/b9mY0X5T20ZM073hoa5n0dgmbfN.jpg
Seinfeld,TV Show,2022,A stand-up comedian and his three offbeat friends weather the pitfalls and payoffs of life in New York City in the '90s. It's a show about nothing.,8.263,2360,93.1675,en,/aCw8ONfyz3AhngVQa1E2Ss4KSUQ.jpg
Castle,TV Show,2022,"After a serial killer imitates the plots of his novels, successful mystery novelist Richard ""Rick"" Castle receives permission from the Mayor of New York City to tag along with an NYPD homicide investigation team for research purposes.",7.973,2106,93.1522,en,/diXBeMzvfJb2iJg3G0kCUaMCzEc.jpg
Fire in His Fingertips,TV Show,2022,"Office worker Ryou Fujihashi is trapped inside her apartment which has set ablaze. The firefighters arrive in time to save her, and one of them happens to be Souma Mizuno, Fujihashi's childhood friend who she had a crush on. As the apartment fire gets put out, an old love gets rekindled.",6.905,21,93.13,ja,/yHUDRf2e9FGeWXPsT5lVF3iCUwc.jpg
Graphic Desires,Movie,2023,"When reclusive Franklin cheats on his partner with a mysterious girl he meets on a dating app, it becomes the start of a deadly obsession.",7.093,108,121.7614,en,/3BjLdTWRiHc1ISIZMFvToOmghOM.jpg
My Fault,Movie,2023,"Noah must leave her city, boyfriend, and friends to move into William Leister's mansion, the flashy and wealthy husband of her mother Rafaela. As a proud and independent 17 year old, Noah resists living in a mansion surrounded by luxury. However, it is there where she meets Nick, her new stepbrother, and the clash of their strong personalities becomes evident from the very beginning.",7.733,4113,45.9679,es,/w46Vw536HwNnEzOa7J24YH9DPRS.jpg
Pedro Had a Horse,Movie,2023,"While Pedro Américo denies having fabricated fake news, Paulo Setubal reveals the Emperor’s innermost secrets.",8.5,2,33.9636,pt,/kCyMKMFxFQX3X6yFiUj67O50XLy.jpg
John Wick: Chapter 4,Movie,2023,"With the price on his head ever increasing, John Wick uncovers a path to defeating The High Table. But before he can earn his freedom, Wick must face off against a new enemy with powerful alliances across the globe and forces that turn old friends into foes.",7.71,8015,32.8048,en,/vZloFAK7NmvMGKE7VkF5UHaz0I.jpg
Spider-Man: Across the Spider-Verse,Movie,2023,"After reuniting with Gwen Stacy, Brooklyn’s full-time, friendly neighborhood Spider-Man is catapulted across the Multiverse, where he encounters the Spider Society, a team of Spider-People charged with protecting the Multiverse's very existence. But when the heroes clash on how to handle a new threat, Miles finds himself pitted against the other Spiders and must set out on his own to save those he loves most.",8.338,8724,30.3915,en,/8Vt6mWEReuy4Of61Lnj5Xj704m8.jpg
Meg 2: The Trench,Movie,2023,An exploratory dive into the deepest depths of the ocean of a daring research team spirals into chaos when a malevolent mining operation threatens their mission and forces them into a high-stakes battle for survival.,6.4,4007,29.2224,en,/4m1Au3YkjqsxF8iwQy0fPYSxE0h.jpg
Oppenheimer,Movie,2023,The story of J. Robert Oppenheimer's role in the development of the atomic bomb during World War II.,8.025,11916,28.605,en,/8Gxv8gSFCU0XGDykEGv7zR1n2ua.jpg
Godzilla Minus One,Movie,2023,"In postwar Japan, Godzilla brings new devastation to an already scorched landscape. With no military intervention or government help in sight, the survivors must join together in the face of despair and fight back against an unrelenting horror.",7.574,3216,25.0896,ja,/2E2WTX0TJEflAged6kzErwqX1kt.jpg
The Super Mario Bros. Movie,Movie,2023,"While working underground to fix a water main, Brooklyn plumbers—and brothers—Mario and Luigi are transported down a mysterious pipe and wander into a magical new world. But when the brothers are separated, Mario embarks on an epic quest to find Luigi.",7.603,10846,24.1332,en,/qNBAXBIQlnOThrVvA6mA2B5ggV6.jpg
Barbie,Movie,2023,"Barbie and Ken are having the time of their lives in the colorful and seemingly perfect world of Barbie Land. However, when they get a chance to go to the real world, they soon discover the joys and perils of living among humans.",6.918,11186,23.8057,en,/iuFNMS8U5cb6xfzi51Dbkovj7vM.jpg
The Killer,Movie,2023,"After a fateful miss, an assassin battles his employers, and himself, on an international manhunt he insists isn't personal.",6.577,2850,22.5819,en,/ipkcgvN7h3yZnbYowthloHLKsf4.jpg
Porn,Movie,2023,,7.4,7,22.1935,fr,/rbzySQcXmTvWOaaJAsFDlCjW8eG.jpg
Cocaine Bear,Movie,2023,"Inspired by a true story, an oddball group of cops, criminals, tourists and teens converge in a Georgia forest where a 500-pound black bear goes on a murderous rampage after unintentionally ingesting cocaine.",5.996,2456,20.5607,en,/gOnmaxHo0412UVr1QM5Nekv1xPi.jpg
The Pope's Exorcist,Movie,2023,"Father Gabriele Amorth, Chief Exorcist of the Vatican, investigates a young boy's terrifying possession and ends up uncovering a centuries-old conspiracy the Vatican has desperately tried to keep hidden.",6.922,3191,19.5546,en,/jFC4LS5qTAT3PinzdEzINfu1CV9.jpg
Fast X,Movie,2023,"Over many missions and against impossible odds, Dom Toretto and his family have outsmarted, out-nerved and outdriven every foe in their path. Now, they confront the most lethal opponent they've ever faced: A terrifying threat emerging from the shadows of the past who's fueled by blood revenge, and who is determined to shatter this family and destroy everything—and everyone—that Dom loves, forever.",6.992,6363,19.2885,en,/fiVW06jE7z9YnO4trhaMEdclSiC.jpg
Knock at the Cabin,Movie,2023,"While vacationing at a remote cabin, a young girl and her two fathers are taken hostage by four armed strangers who demand that the family make an unthinkable choice to avert the apocalypse. With limited access to the outside world, the family must decide what they believe before all is lost.",6.245,3112,19.242,en,/dm06L9pxDOL9jNSK4Cb6y139rrG.jpg
Resident Evil: Death Island,Movie,2023,"In San Francisco, Jill Valentine is dealing with a zombie outbreak and a new T-Virus, Leon Kennedy is on the trail of a kidnapped DARPA scientist, and Claire Redfield is investigating a monstrous fish that is killing whales in the bay. Joined by Chris Redfield and Rebecca Chambers, they discover the trail of clues from their separate cases all converge on the same location, Alcatraz Island, where a new evil has taken residence and awaits their arrival.",7.269,1120,19.093,ja,/qayga07ICNDswm0cMJ8P3VwklFZ.jpg
The Boogeyman,Movie,2023,"Still reeling from the tragic death of their mother, a teenage girl and her younger sister find themselves plagued by a sadistic presence in their house and struggle to get their grieving father to pay attention before it’s too late.",6.384,1111,19.0894,en,/pYwZdnXVnVxAr7dx4MEK7tTK9gI.jpg
Dime lo que quieres (de verdad),Movie,2023,"Diego and Emilia are a conservative couple with 16 years of marriage who have lost the spark, until Tomás and Betina rescue them and introduce them to the forbidden world, changing what they know about intimacy, relationships, and sex.",7.773,33,18.833,es,/2ynUMfrwnEdGmkZmpiiJmTdTi4w.jpg
Aquaman and the Lost Kingdom,Movie,2023,"Black Manta seeks revenge on Aquaman for his father's death. Wielding the Black Trident's power, he becomes a formidable foe. To defend Atlantis, Arthur (Aquaman) forges an alliance with his imprisoned brother. They must protect the kingdom.",6.524,3521,18.6878,en,/7lTnXOy0iNtBAdRP3TZvaKJ77F6.jpg
Elemental,Movie,2023,"In a city where fire, water, land and air residents live together, a fiery young woman and a go-with-the-flow guy will discover something elemental: how much they have in common.",7.582,5365,13.4841,en,/4Y1WNkd88JXmGfhtWR7dmDAo1T2.jpg
Scream VI,Movie,2023,"Following the latest Ghostface killings, the four survivors leave Woodsboro behind and start a fresh chapter.",6.941,3229,14.4831,en,/wDWwtvkRRlgTiUr6TyLSMX8FCuZ.jpg
GGS - Ganteng-Ganteng Sange,Movie,2023,Kelas Bintang is back with this pack of drama called GGS - Ganteng-Ganteng Sange.,6.1,7,11.9597,id,/39fFH027tOpTyZwSNOydSAsOCzb.jpg
Evil Dead Rise,Movie,2023,"A reunion between two estranged sisters gets cut short by the rise of flesh-possessing demons, thrusting them into a primal battle for survival as they face the most nightmarish version of family imaginable.",6.938,3728,14.8127,en,/5ik4ATKmNtmJU6AYD0bLm56BCVM.jpg
Migration,Movie,2023,"After a migrating duck family alights on their pond with thrilling tales of far-flung places, the Mallard family embarks on a family road trip, from New England, to New York City, to tropical Jamaica.",7.352,2260,12.7007,en,/ldfCF9RhR40mppkzmftxapaHeTo.jpg
Transformers: Rise of the Beasts,Movie,2023,"When a new threat capable of destroying the entire planet emerges, Optimus Prime and the Autobots must team up with a powerful faction known as the Maximals. With the fate of humanity hanging in the balance, humans Noah and Elena will do whatever it takes to help the Transformers as they engage in the ultimate battle to save Earth.",7.168,5306,11.5314,en,/gPbM0MK8CP8A174rmUwGsADNYKD.jpg
Past Lives,Movie,2023,"After decades apart, childhood friends Nora and Hae Sung are reunited in New York for one fateful weekend as they confront notions of destiny, love, and the choices that make a life.",7.7,2346,12.8834,en,/k3waqVXSnvCZWfJYNtdamTgTtTA.jpg
Naughty,Movie,2023,"In order to prevent the construction of a skyscraper in an urban forest, Elya, a young environmental activist, accepts a challenge from the mega wealthy developer: If after spending seven days with him, she doesn't fall for him, he'll stop the project. During this time of luxury and passion, Elya becomes increasingly attracted to him.",6.229,106,14.4628,ru,/9vUEWR3LjQcPqaev2Rfm5uKvV9i.jpg
Anyone But You,Movie,2023,"After an amazing first date, Bea and Ben’s fiery attraction turns ice cold — until they find themselves unexpectedly reunited at a destination wedding in Australia. So they do what any two mature adults would do: pretend to be a couple.",6.766,3102,13.0563,en,/5qHoazZiaLe7oFBok7XlUhg96f2.jpg
The Wandering Earth II,Movie,2023,"Humans built huge engines on the surface of the earth to find a new home. But the road to the universe is perilous. In order to save earth, young people once again have to step forward to start a race against time for life and death.",7.286,727,11.9,zh,/hEA7bpWw5IRKOW2MVjvx46SWevU.jpg
Mission: Impossible - Dead Reckoning Part One,Movie,2023,"Ethan Hunt and his IMF team embark on their most dangerous mission yet: To track down a terrifying new weapon that threatens all of humanity before it falls into the wrong hands. With control of the future and the world's fate at stake and dark forces from Ethan's past closing in, a deadly race around the globe begins. Confronted by a mysterious, all-powerful enemy, Ethan must consider that nothing can matter more than his mission—not even the lives of those he cares about most.",7.505,5165,11.9617,en,/NNxYkU70HPurnNCSiCjYAmacwm.jpg
The Creator,Movie,2023,"Amid a future war between the human race and the forces of artificial intelligence, a hardened ex-special forces agent grieving the disappearance of his wife, is recruited to hunt down and kill the Creator, the elusive architect of advanced AI who has developed a mysterious weapon with the power to end the war—and mankind itself.",7.04,3955,11.0395,en,/3dSivDtOuyxLDxPH4v2tcNG1fP7.jpg
The Equalizer 3,Movie,2023,"Robert McCall finds himself at home in Southern Italy but he discovers his friends are under the control of local crime bosses. As events turn deadly, McCall knows what he has to do: become his friends' protector by taking on the mafia.",7.296,3761,11.8034,en,/b0Ej6fnXAP8fK75hlyi2jKqdhHz.jpg
Poor Things,Movie,2023,"Brought back to life by an unorthodox scientist, a young woman runs off with a lawyer on a whirlwind adventure across the continents. Free from the prejudices of her times, she grows steadfast in her purpose to stand for equality and liberation.",7.638,5534,11.5145,en,/kCGlIMHnOm8JPXq3rXM6c5wMxcT.jpg
¿Quieres ser mi hijo?,Movie,2023,"Lu, a conformist woman in her forties, learns that her 15-year partner has been having extramarital affairs. Starting from scratch, she gets involved in an unexpected relationship with a young womanizer.",8.5,355,11.3984,en,/6PQJsmuvSMZQMmlJfTpjIkrizUh.jpg
The Little Mermaid,Movie,2023,"The youngest of King Triton’s daughters, and the most defiant, Ariel longs to find out more about the world beyond the sea, and while visiting the surface, falls for the dashing Prince Eric. With mermaids forbidden to interact with humans, Ariel makes a deal with the evil sea witch, Ursula, which gives her a chance to experience life on land, but ultimately places her life – and her father’s crown – in jeopardy.",6.269,3335,10.3142,en,/ym1dxyOk4jFcSl4Q2zmRrA5BEEN.jpg
Animal,Movie,2023,The hardened son of a powerful industrialist returns home after years abroad and vows to take bloody revenge on those threatening his father's life.,6.156,196,10.012,hi,/hr9rjR3J0xBBKmlJ4n3gHId9ccx.jpg
Perfect Days,Movie,2023,"Hirayama is content with his life as a toilet cleaner in Tokyo. Outside of his structured routine, he cherishes music on cassette tapes, books, and taking photos of trees. Through unexpected encounters, he reflects on finding beauty in the world.",7.8,1936,17.4889,ja,/mjEk5Wwx6TYVqw29zSaUHclMIgp.jpg
The Boy and the Heron,Movie,2023,"While the Second World War rages, the teenage Mahito, haunted by his mother's tragic death, is relocated from Tokyo to the serene rural home of his new stepmother Natsuko, a woman who bears a striking resemblance to the boy's mother.  As he tries to adjust, this strange new world grows even stranger following the appearance of a persistent gray heron, who perplexes and bedevils Mahito, dubbing him the ""long-awaited one.""",7.396,2665,11.2824,ja,/f4oZTcfGrVTXKTWg157AwikXqmP.jpg
Female Workers: Romance at Work 3,Movie,2023,"Yoo-ra succeeded in finding a job after a difficult time. Despite her stunning beauty, her family's financial situation is difficult. Her male assistant manager knows of her difficult situation, so he asks for her body with money as bait. On the other hand, Hye-seon, the female manager of the same company, seduces the handsome new employee, Min-soo. Employees enjoy the world of animals in the workplace without knowing each other.",4.0,1,11.0423,ko,/c4HACOcvKsWAaNTsyYs1JzfwXWi.jpg
Five Nights at Freddy's,Movie,2023,"Recently fired and desperate for work, a troubled young man named Mike agrees to take a position as a night security guard at an abandoned theme restaurant: Freddy Fazbear's Pizzeria. But he soon discovers that nothing at Freddy's is what it seems.",7.308,5062,10.9751,en,/7BpNtNfxuocYEVREzVMO75hso1l.jpg
Dungeons & Dragons: Honor Among Thieves,Movie,2023,"A charming thief and a band of unlikely adventurers undertake an epic heist to retrieve a lost relic, but things go dangerously awry when they run afoul of the wrong people.",7.354,4700,10.1067,en,/v7UF7ypAqjsFZFdjksjQ7IUpXdn.jpg
Drifter,Movie,2023,"Moritz follows a boyfriend to Berlin and is soon abandoned by him. Alone in the big city, he embarks on a journey through a wide range of queer experience. Only through a new circle of queer friends does he develop his own ideas of sexuality and masculinity, leading him to a clearer self-identity.",5.2,13,10.0751,de,/7BYYRIeaCxPIYuBIhSz9Zc5H1u8.jpg
Guy Ritchie's The Covenant,Movie,2023,"After an ambush, Afghan interpreter Ahmed goes to Herculean lengths to save US Army Sergeant John Kinley's life. When Kinley learns that Ahmed and his family were not given safe passage to America as promised, he must return to the war zone and repay his debt.",7.719,3221,9.9661,en,/kVG8zFFYrpyYLoHChuEeOGAd6Ru.jpg
How to Have Sex,Movie,2023,"Three British teenage girls go on a rites-of-passage holiday—drinking, clubbing and hooking up, in what should be the best summer of their lives.",6.23,511,8.7524,en,/yQyoFCBLGJH5HXESmJAzaiXw9zU.jpg
Indiana Jones and the Dial of Destiny,Movie,2023,"Finding himself in a new era, and approaching retirement, Indy wrestles with fitting into a world that seems to have outgrown him. But as the tentacles of an all-too-familiar evil return in the form of an old rival, Indy must don his hat and pick up his whip once more to make sure an ancient and powerful artifact doesn't fall into the wrong hands.",6.51,4194,9.1752,en,/Af4bXE63pVsb2FtbW8uYIyPBadD.jpg
Anatomy of a Fall,Movie,2023,"A woman is suspected of her husband's murder, and their blind son faces a moral dilemma as the sole witness.",7.514,3340,8.5596,fr,/1ho0d4LNZw3Y0voeKmSvPSgJOJ2.jpg
The Family Plan,Movie,2023,"Dan Morgan is many things: a devoted husband, a loving father, a celebrated car salesman. He's also a former assassin. And when his past catches up to his present, he's forced to take his unsuspecting family on a road trip unlike any other.",7.213,1904,9.5194,en,/jLLtx3nTRSLGPAKl4RoIv1FbEBr.jpg
Killers of the Flower Moon,Movie,2023,"When oil is discovered in 1920s Oklahoma under Osage Nation land, the Osage people are murdered one by one—until the FBI steps in to unravel the mystery.",7.399,4166,9.4842,en,/dB6Krk806zeqd0YNp2ngQ9zXteH.jpg
Insidious: The Red Door,Movie,2023,"To put their demons to rest once and for all, Josh Lambert and a college-aged Dalton Lambert must go deeper into The Further than ever before, facing their family's dark past and a host of new and more horrifying terrors that lurk behind the red door.",6.511,1986,9.4757,en,/d07phJqCx6z5wILDYqkyraorDPi.jpg
Gran Turismo,Movie,2023,The ultimate wish-fulfillment tale of a teenage Gran Turismo player whose gaming skills won him a series of Nissan competitions to become an actual professional racecar driver.,7.701,3443,9.1958,en,/51tqzRtKMMZEYUpSYkrUE7v9ehm.jpg
Extraction 2,Movie,2023,"Back from the brink of death, highly skilled commando Tyler Rake takes on another dangerous mission: saving the imprisoned family of a ruthless gangster.",7.39,2936,9.2837,en,/7gKI9hpEMcZUQpNgKrkDzJpbnNS.jpg
The Marvels,Movie,2023,"When her duties send her to an anomalous wormhole linked to a Kree revolutionary, Carol's powers become entangled with that of Jersey City super-fan Kamala Khan, aka Ms. Marvel, and Carol's estranged niece, now S.A.B.E.R. astronaut Captain Monica Rambeau. Together, this unlikely trio must team up and learn to work in concert to save the universe.",5.935,3431,9.7086,en,/9GBhzXMFjgcZ3FdR9w3bUMMTps5.jpg
The Ship Show,Movie,2023,"In the reality show ""The Ship Show,"" Araw (Marco Gallo) reluctantly participates as a finalist. He is paired with Chia (Heaven Paralejo), and they compete against other couples to become the next big love team. Despite initial challenges and partner switches, Araw and Chia develop a strong bond. Meanwhile, Nestor (Thomas Rodriguez) and Tintin (Ashtine Olviga) emerge as frontrunners, but their relationship is threatened by Belline's (Angelic Guzman) actions. Chia's parents intervene to protect her, and Araw realizes he must support her. In the end, Nestor and Tintin win the show, but Araw and Chia remain together and continue pursuing their dreams.",8.0,1,9.2659,tl,/tHRFwdi3mV36klGfiiA5BNoy9JA.jpg
Talk to Me,Movie,2023,"When a group of friends discover how to conjure spirits using an embalmed hand, they become hooked on the new thrill, until one of them goes too far and unleashes terrifying supernatural forces.",7.14,3784,9.08,en,/kdPMUMJzyYAc4roD52qavX0nLIC.jpg
Ant-Man and the Wasp: Quantumania,Movie,2023,"Super-Hero partners Scott Lang and Hope van Dyne, along with with Hope's parents Janet van Dyne and Hank Pym, and Scott's daughter Cassie Lang, find themselves exploring the Quantum Realm, interacting with strange new creatures and embarking on an adventure that will push them beyond the limits of what they thought possible.",6.228,5886,9.0367,en,/qnqGbB22YJ7dSs4o6M7exTpNxPz.jpg
In Your Dreams,Movie,2023,"You know the feeling. It feels like time slows down as your eyes meet a stranger’s. Then you walk pass each other, neither of you looking back. That’s what happened with Pelin and Engin. Lo and behold, they open their eyes in the same bed. And you may want to brace yourself for this one, as a two-year married couple! It must be a dream. No, a nightmare. But now, to wake up they must fall in love.",7.298,99,10.9248,tr,/rZe2lT3G9C7JrwB7Avu22mVhqFw.jpg
"Red, White & Royal Blue",Movie,2023,"After an altercation between Alex, the president's son, and Britain's Prince Henry at a royal event becomes tabloid fodder, their long-running feud now threatens to drive a wedge in U.S./British relations. When the rivals are forced into a staged truce, their icy relationship begins to thaw and the friction between them sparks something deeper than they ever expected.",7.9,1577,8.8385,en,/ta3ReqbdEcLJM3mcHMzbYFZI8v7.jpg
Shazam! Fury of the Gods,Movie,2023,"Billy Batson and his foster siblings, who transform into superheroes by saying ""Shazam!"", are forced to get back into action and fight the Daughters of Atlas, who they must stop from using a weapon that could destroy the world.",6.415,3663,7.9173,en,/3GrRgt6CiLIUXUtoktcv1g2iwT5.jpg
Expend4bles,Movie,2023,"Armed with every weapon they can get their hands on and the skills to use them, The Expendables are the world’s last line of defense and the team that gets called when all other options are off the table. But new team members with new styles and tactics are going to give “new blood” a whole new meaning.",6.058,1908,8.5961,en,/iwsMu0ehRPbtaSxqiaUDQB9qMWT.jpg
The Hunger Games: The Ballad of Songbirds & Snakes,Movie,2023,"64 years before he becomes the tyrannical president of Panem, Coriolanus Snow sees a chance for a change in fortunes when he mentors Lucy Gray Baird, the female tribute from District 12.",6.978,3531,8.7171,en,/mBaXZ95R2OxueZhvQbcEWy2DqyO.jpg
Wonka,Movie,2023,"Willy Wonka – chock-full of ideas and determined to change the world one delectable bite at a time – is proof that the best things in life begin with a dream, and if you’re lucky enough to meet Willy Wonka, anything is possible.",7.036,4417,8.5885,en,/qhb1qOilapbapxWQn9jtRCMwXJF.jpg
The Three Musketeers: D'Artagnan,Movie,2023,"D'Artagnan, a spirited young Gascon, is left for dead after trying to save a noblewoman from being kidnapped. Once in Paris, he tries by all means to find his attackers, unaware that his quest will lead him to the very heart of a war where the future of France is at stake. Aided by King's Musketeers Athos, Porthos and Aramis, he faces the machinations of villainous Cardinal Richelieu and Milady de Winter, while falling in love with Constance, the Queen's confidante.",6.925,1404,7.9173,fr,/hfExJPcbBtDeFDEb7I1By72Drlr.jpg
Ruthless,Movie,2023,"A high school coach, whose teenage daughter was murdered, takes matters into his own hands by going after the men who kidnap his students for their sex trafficking operation.",6.439,140,9.34,en,/4ndp1pnHWRuiZLNpFJvO4Kh6Tav.jpg
Wish,Movie,2023,"Asha, a sharp-witted idealist, makes a wish so powerful that it is answered by a cosmic force – a little ball of boundless energy called Star. Together, Asha and Star confront a most formidable foe - the ruler of Rosas, King Magnifico - to save her community and prove that when the will of one courageous human connects with the magic of the stars, wondrous things can happen.",6.22,1789,8.5104,en,/nesuSdJakNkf0zs7OfoasB6Clxf.jpg
Last Summer,Movie,2023,"One summer, a French teenager who has been living with his mother in the city moves in with his estranged father’s family in the countryside, where he clashes with his stepmother.",6.095,247,8.5492,fr,/a94IHwd6t2oXKy5KWTvaEnAs6Ux.jpg
The Roundup: No Way Out,Movie,2023,"Detective Ma Seok-do changes his affiliation from the Geumcheon Police Station to the Metropolitan Investigation Team, in order to eradicate Japanese gangsters who enter Korea to commit heinous crimes.",7.2,546,7.6353,ko,/n7qqzqhxBn4eiJLb0cVQjSnXjGy.jpg
Robot Dreams,Movie,2023,A lonely dog's friendship with his robot companion takes a sad turn when an unexpected malfunction forces him to abandon Robot at the beach. Will Dog ever meet Robot again?,7.943,809,7.0257,es,/ds402Qq09ybgBcXKiQNTZfzsP5o.jpg
Frontier Documentary,Movie,2023,An NHS nurse of twenty years reflects on a challenging and strenuous career as time dwindles to her retirement.,10.0,1,5.7343,en,/sVV3zm1FYUKoVWmjF0rJHT4me26.jpg
Monster,Movie,2023,"After an outburst at school involving her son, a concerned single mother demands answers, triggering a sequence of deepening suspicion and turmoil.",7.9,904,8.007,ja,/kvUJUyUGOhEoiWWNH04IXoExPE2.jpg
Burning Betrayal,Movie,2023,"Babi discovers a betrayal by her long-term partner and decides to embark on a new adventure in life. On this journey, she meets judge Marco and they begin to live a story permeated by a lot of sexual tension.",6.235,247,7.6011,pt,/3MxgXI3VO7QCNnP0mPBjxLIemNM.jpg
Saw X,Movie,2023,"Between the events of 'Saw' and 'Saw II', a sick and desperate John Kramer travels to Mexico for a risky and experimental medical procedure in hopes of a miracle cure for his cancer, only to discover the entire operation is a scam to defraud the most vulnerable. Armed with a newfound purpose, the infamous serial killer returns to his work, turning the tables on the con artists in his signature visceral way through devious, deranged, and ingenious traps.",7.162,2393,7.4829,en,/u7Lp1Hi8aBS73jv4KRMIv5aK4ax.jpg
Minhas Mãos,Movie,2023,,10.0,1,6.214,pt,/kzrponkziI2kMXeFshAjQkj9sAr.jpg
Blue Beetle,Movie,2023,"Recent college grad Jaime Reyes returns home full of aspirations for his future, only to find that home is not quite as he left it. As he searches to find his purpose in the world, fate intervenes when Jaime unexpectedly finds himself in possession of an ancient relic of alien biotechnology: the Scarab.",6.636,3140,8.0198,en,/mXLOHHc1Zeuwsl4xYKjKh2280oL.jpg
Trolls Band Together,Movie,2023,"When Branch's brother, Floyd, is kidnapped for his musical talents by a pair of nefarious pop-star villains, Branch and Poppy embark on a harrowing and emotional journey to reunite the other brothers and rescue Floyd from a fate even worse than pop-culture obscurity.",7.249,993,7.9948,en,/3ySgD2xwasTHOK6R9bNZiEwKgYo.jpg
Operation Fortune: Ruse de Guerre,Movie,2023,Special agent Orson Fortune and his team of operatives recruit one of Hollywood's biggest movie stars to help them on an undercover mission when the sale of a deadly new weapons technology threatens to disrupt the world order.,6.467,1973,6.4883,en,/uo7vWfQUlVwueYTDRicXOJa8Oow.jpg
The Nun II,Movie,2023,"In 1956 France, a priest is violently murdered, and Sister Irene begins to investigate. She once again comes face-to-face with a powerful evil.",6.641,2493,7.2083,en,/5gzzkR7y3hnY8AD1wXjCnVlHba5.jpg
Creation of the Gods I: Kingdom of Storms,Movie,2023,"Based on the most well-known classical fantasy novel of China, Fengshenyanyi, the trilogy is a magnificent eastern high fantasy epic that recreates the prolonged mythical wars between humans, immortals and monsters, which happened more than three thousand years ago.",7.077,483,6.5682,zh,/6VOV2wU3WEyN0H1QtrbAS6whXPc.jpg
Brave Citizen,Movie,2023,"An expelled boxing champion, who now is a high-school teacher, witnesses intolerable violence and throws her first punch to build justice against it, while putting on a mask.",7.622,147,6.7574,ko,/ixQoOExnnvIxYvnqGgfhaWqXeXc.jpg
"Ruby Gillman, Teenage Kraken",Movie,2023,"Ruby Gillman, a sweet and awkward high school student, discovers she's a direct descendant of the warrior kraken queens. The kraken are sworn to protect the oceans of the world against the vain, power-hungry mermaids. Destined to inherit the throne from her commanding grandmother, Ruby must use her newfound powers to protect those she loves most.",7.152,1115,6.4634,en,/8ChIb3WzYAcza1vrXR56v510MWk.jpg
After Everything,Movie,2023,"Besieged by writer’s block and the crushing breakup with Tessa, Hardin travels to Portugal in search of a woman he wronged in the past – and to find himself. Hoping to win back Tessa, he realizes he needs to change his ways before he can make the ultimate commitment.",6.882,1000,6.5649,en,/uQxjZGU6rxSPSMeAJPJQlmfV3ys.jpg
In the Morning of La Petite Mort,Movie,2023,"A provocative erotic drama about a Japanese food delivery man, a Taiwanese prostitute and a Filipino cleaner who are swept up by their insatiable appetites for sex.",6.8,5,6.4901,zh,/8lkpsMdOODEoLAxbhnzjEhoZWwt.jpg
Ghosted,Movie,2023,"Salt-of-the-earth Cole falls head over heels for enigmatic Sadie—but then makes the shocking discovery that she's a secret agent. Before they can decide on a second date, Cole and Sadie are swept away on an international adventure to save the world.",6.874,2206,6.5914,en,/liLN69YgoovHVgmlHJ876PKi5Yi.jpg
Napoleon,Movie,2023,"An epic that details the checkered rise and fall of French Emperor Napoleon Bonaparte and his relentless journey to power through the prism of his addictive, volatile relationship with his wife, Josephine.",6.301,3120,6.4387,en,/ytFOXyghxLzAM4KZyazDdEkM66q.jpg
Tante Siska,Movie,2023,,0.0,0,6.4169,hi,/ui5arpwdiTrnAJ3P5Ue6XPSBMQx.jpg
65,Movie,2023,"65 million years ago, the only 2 survivors of a spaceship from Somaris that crash-landed on Earth, must fend off dinosaurs to reach the escape vessel in time before an imminent asteroid strike threatens to destroy the planet.",5.9,2874,6.1988,en,/rzRb63TldOKdKydCvWJM8B6EkPM.jpg
Leave the World Behind,Movie,2023,A family's getaway to a luxurious rental home takes an ominous turn when a cyberattack knocks out their devices—and two strangers appear at their door.,6.374,3275,6.1272,en,/29rhl1xopxA7JlGVVsf1UHfYPvN.jpg
Teen Wolf: The Movie,Movie,2023,"The wolves are howling once again, as a terrifying ancient evil emerges in Beacon Hills. Scott McCall, no longer a teenager yet still an Alpha, must gather new allies and reunite trusted friends to fight back against this powerful and deadly enemy.",7.454,970,7.709,en,/wAkpPm3wcHRqZl8XjUI3Y2chYq2.jpg
Girl Upstairs Who Likes Big Things,Movie,2023,"A female college student upstairs who likes big things! Instead of her boyfriend, she became more addicted to sex with the owner downstairs.",1.0,1,6.3933,ko,/fny6wiBD6BwkB0UXKnMaQda2lH9.jpg
La Perfezione,Movie,2023,,10.0,1,5.5928,it,/tZ9x02sH2HqNYNksMaw0Dy9i3Qn.jpg
Ballerina,Movie,2023,"Grieving the loss of a best friend she couldn't protect, an ex-bodyguard sets out to fulfill her dear friend's last wish: sweet revenge.",7.009,708,6.2583,ko,/oE7xtGDqZnr7tFHfwb8oM9iRW6H.jpg
The Holdovers,Movie,2023,"A curmudgeonly instructor at a New England prep school is forced to remain on campus during Christmas break to babysit the handful of students with nowhere to go. Eventually, he forms an unlikely bond with one of them — a damaged, brainy troublemaker — and with the school’s head cook, who has just lost a son in Vietnam.",7.644,2534,6.2131,en,/VHSzNBTwxV8vh7wylo7O9CLdac.jpg
Totally Killer,Movie,2023,"When the infamous ""Sweet Sixteen Killer"" returns 35 years after his first murder spree to claim another victim, 17-year-old Jamie accidentally travels back in time to 1987, determined to stop the killer before he can start.",6.79,1131,6.3586,en,/52YBwGJ3cJs54fpBzwnT1lnqgTo.jpg
FROM,TV Show,2023,"Unravel the mystery of a nightmarish town in middle America that traps all those who enter. As the unwilling residents fight to keep a sense of normalcy and search for a way out, they must also survive the threats of the surrounding forest – including the terrifying creatures that come out when the sun goes down.",8.505,3872,765.3461,en,/pRtJagIxpfODzzb0T0NAvZSzErC.jpg
House of the Dragon,TV Show,2023,"The Targaryen dynasty is at the absolute apex of its power, with more than 15 dragons under their yoke. Most empires crumble from such heights. In the case of the Targaryens, their slow fall begins when King Viserys breaks with a century of tradition by naming his daughter Rhaenyra heir to the Iron Throne. But when Viserys later fathers a son, the court is shocked when Rhaenyra retains her status as his heir, and seeds of division sow friction across the realm.",8.4,6413,494.1472,en,/7V0Ebks0GgpKvQ7QbLAIdX5dos4.jpg
Xplay,TV Show,2023,"Xplay (previously GameSpot TV and Extended Play) is a TV program about video games. The program, known for its reviews and comedy skits, airs on G4 in the United States and had aired on G4 Canada in Canada (and briefly on YTV during its time as GameSpot TV), FUEL TV in Australia, Ego in Israel, GXT in Italy, MTV Russia & Rambler TV in Russia, Solar Sports in the Philippines and Adult Swim and MuchMusic in Latin America. The show ran between July 4, 1998, and January 23, 2013, and returned in November 2021 as a part of G4's relaunch.",8.0,3,400.4115,en,/7ynD7g4U9hOODu1Jzf6VN4zQc6a.jpg
Adam's Sweet Agony,TV Show,2023,"This is the story of a boy, who became the lone Adam among four billion Eves. In a world where a pandemic has rendered all men impotent, high school student Itsuki is the exception who escaped it. In order to protect this secret, he transfers to a very special high school, which turns out to be composed of 90% girls! There, he encounters an upbeat and friendly senior, a sexually frustrated female teacher, a tomboyish school 'prince,' and an heiress from a wealthy family. For Itsuki, who has his pick of any woman in the world, the question remains: which one will he choose?",6.786,35,311.8869,ja,/1n1ZP0KHXUSvVxZG63x7aOzmO4M.jpg
Law & Order: Special Victims Unit,TV Show,2023,"In the criminal justice system, sexually-based offenses are considered especially heinous. In New York City, the dedicated detectives who investigate these vicious felonies are members of an elite squad known as the Special Victims Unit. These are their stories.",7.95,4263,285.3782,en,/iofokHZoUB4Qhik4PflvJl8TT6a.jpg
Knot,TV Show,2023,"A young man’s life changes forever when a powerful Alpha marks him, binding their fates together in an inescapable bond.",9.0,1,281.4824,th,/8z62pp4K602d1y6079oU1GBeiAG.jpg
Off Campus,TV Show,2023,"Hannah Wells tutors hockey captain Garrett Graham to win over her crush. Their deal becomes real connection as they face their pasts. Friends Logan, Dean, Tucker, and Allie navigate college life and love.",8.964,600,262.9005,en,/cbODFqkcmRgrYH8NkG4Q4Hcg8Z1.jpg
Avatar: The Last Airbender,TV Show,2023,A young boy known as the Avatar must master the four elemental powers to save a world at war — and fight a ruthless enemy bent on stopping him.,7.804,1178,286.8657,en,/lzZpWEaqzP0qVA5nkCc5ASbNcSy.jpg
The Rookie,TV Show,2023,"Starting over isn't easy, especially for small-town guy John Nolan who, after a life-altering incident, is pursuing his dream of being an LAPD officer. As the force's oldest rookie, he's met with skepticism from some higher-ups who see him as just a walking midlife crisis.",8.552,3347,230.104,en,/70kTz0OmjjZe7zHvIDrq2iKW7PJ.jpg
Agent Kim Reactivated,TV Show,2023,"When an unassuming dad's daughter goes missing, he dusts off his old black-ops skills to track her down — only to attract the wrong kind of attention.",8.2,13,224.5247,ko,/jruaZAm1KjkFRhgRcdF8tqakhpH.jpg
Law & Order,TV Show,2023,"In cases ripped from the headlines, police investigate serious and often deadly crimes, weighing the evidence and questioning the suspects until someone is taken into custody. The district attorney's office then builds a case to convict the perpetrator by proving the person guilty beyond a reasonable doubt. Working together, these expert teams navigate all sides of the complex criminal justice system to make New York a safer place.",7.3,693,209.9667,en,/haJ9eHytVO3H3JooMJG1DiWwDNm.jpg
Never-Ending Summer,TV Show,2023,"To save her gravely ill grandmother, top student Zhou Wan approaches her mother's stepson, Lu Xixiao, for funds. They fall for each other over the summer after graduation but are torn apart by misunderstandings in reality. Ten years later, they reunite at work. Though Lu Xixiao harbors resentment, his love for Zhou Wan remains. As they uncover the truth behind a ""factory accident,"" they resolve their differences and reunite.",9.0,2,203.4975,zh,/2b4rQPbFY8BnL9xuQKaT3ZELlqx.jpg
Notes from the Last Row,TV Show,2023,"A literature professor discovers a student's talent and offers him writing lessons — but as he sinks into the story, their sessions spiral into chaos.",8.625,16,205.4955,ko,/paRFCxAJRZOypfgnzYLo6KH5jjO.jpg
Dutton Ranch,TV Show,2023,"Rip Wheeler and Beth Dutton gamble everything on a new life in South Texas, but the promise of building a future far from the ghosts of Yellowstone quickly collides with brutal new realities and a rival ranch that will stop at nothing to protect its empire.",9.3,339,213.0244,en,/xsiecCxd8lkcAluw0wWwbW5CwSv.jpg
Grey's Anatomy,TV Show,2023,Follows the personal and professional lives of a group of doctors at Seattle's Grey Sloan Memorial Hospital.,8.21,10948,213.0097,en,/hjJkrLXhWvGHpLeLBDFznpBTY1S.jpg
NCIS,TV Show,2023,"From murder and espionage to terrorism and stolen submarines, a team of special agents investigates any crime that has any connection to Navy and Marine Corps personnel, regardless of rank or position.",7.618,2523,205.3894,en,/mBcu8d6x6zB1el3MPNl7cZQEQ31.jpg
Supernatural,TV Show,2023,"When they were boys, Sam and Dean Winchester lost their mother to a mysterious and demonic supernatural force. Subsequently, their father raised them to be soldiers. He taught them about the paranormal evil that lives in the dark corners and on the back roads of America ... and he taught them how to kill it. Now, the Winchester brothers crisscross the country in their '67 Chevy Impala, battling every kind of supernatural threat they encounter along the way. ",8.311,8501,219.0527,en,/8iixmfGx5EIFPdpNvB2JvI3VIqX.jpg
The Boys,TV Show,2023,A group of vigilantes known informally as “The Boys” set out to take down corrupt superheroes with no more than blue-collar grit and a willingness to fight dirty.,8.448,13022,216.8543,en,/in1R2dDc421JxsoRWaIIAqVI2KE.jpg
The Mentalist,TV Show,2023,"Patrick Jane, a former celebrity psychic medium, uses his razor sharp skills of observation and expertise at ""reading"" people to solve serious crimes with the California Bureau of Investigation.",8.357,4374,206.0103,en,/acYXu4KaDj1NIkMgObnhe4C4a0T.jpg
Game of Thrones,TV Show,2023,"Seven noble families fight for control of the mythical land of Westeros. Friction between the houses leads to full-scale war. All while a very ancient evil awakens in the farthest north. Amidst the war, a neglected military order of misfits, the Night's Watch, is all that stands between the realms of men and icy horrors beyond.",8.464,27138,207.6338,en,/1XS1oqL89opfnbLl8WnZY1O1uJx.jpg
Family Guy,TV Show,2023,"Sick, twisted, politically incorrect and Freakin' Sweet animated series featuring the adventures of the dysfunctional Griffin family. Bumbling Peter and long-suffering Lois have three kids. Stewie (a brilliant but sadistic baby bent on killing his mother and taking over the world), Meg (the oldest, and is the most unpopular girl in town) and Chris (the middle kid, he's not very bright but has a passion for movies). The final member of the family is Brian - a talking dog and much more than a pet, he keeps Stewie in check whilst sipping Martinis and sorting through his own life issues.",7.406,4995,195.3882,en,/3PFsEuAiyLkWsP4GG6dIV37Q6gu.jpg
The Simpsons,TV Show,2023,"Set in Springfield, the average American town, the show focuses on the antics and everyday adventures of the Simpson family; Homer, Marge, Bart, Lisa and Maggie, as well as a virtual cast of thousands. Since the beginning, the series has been a pop culture icon, attracting hundreds of celebrities to guest star. The show has also made name for itself in its fearless satirical take on politics, media and American life in general.",8.019,10847,188.7205,en,/uWpG7GqfKGQqX4YMAo3nv5OrglV.jpg
Teach You a Lesson,TV Show,2023,An inspector from the Educational Rights Protection Bureau (ERPB) who is authorized by the government to use physical intervention and unconventional methods to discipline delinquent students and reform the educational system.,9.475,560,182.5171,ko,/fMECSPrTmRClSViMsXFYmiYIcWP.jpg
A Girl's Guide to 21st Century Sex,TV Show,2023,"A Girl's Guide to 21st Century Sex is a documentary TV series about sex, which ran in eight episodes on Channel 5 and was presented by Dr Catherine Hood. The 45-minute long episodes were broadcast on Monday nights. The series started on 30 October 2006, with the final programme broadcast on 18 December 2006.

Each episode explained a sex position and covered a sexually transmitted disease. Additionally, the following topics were discussed: sex among handicapped and overweight people, penis enlargement devices, penis enlargement surgery, sexual violence against men and penis removal, tantric sex, the g-spot, erectile dysfunction, sex reassignment surgery, cosmetic surgery of the vagina, swinging, lichen sclerosus, the use of recreational drugs during sex, male homosexual sex in public toilets, full body plastic wrap bondage, and sex dolls.",5.2,18,180.7022,en,/9NSX2YrFGBIih0XqRedsSbDVx4U.jpg
Criminal Minds,TV Show,2023,"An elite team of FBI profilers analyze the country's most twisted criminal minds, anticipating their next moves before they strike again. The Behavioral Analysis Unit's most experienced agent is David Rossi, a founding member of the BAU who returns to help the team solve new cases.",8.303,4103,172.0989,en,/hWSb4UnIjlTvnvrP98NbFSO60HA.jpg
The Polygamist,TV Show,2023,"Social media darling, Joyce, is the picture of marital perfection — until her cheating husband's conquests ignite a scandalous emotional meltdown.",8.754,63,169.0685,zu,/emnQZe22rYBCsbZ7h1TUAkYEzrZ.jpg
Souryo to Majiwaru Shikiyoku no Yoru ni...,TV Show,2023,"At a high school reunion, Mio Fukatani reunites with a classmate she has not seen in years—Takahide Kujou. She had always wanted to know more about the kind-hearted boy in high school, but once she realizes that Kujou has become a monk, she believes that any chance of getting to know him romantically is slim. Deciding to drink away her sorrows, she ends up walking home drunk, and surprisingly, running into Kujou who helps her get home.

However, once inside, Kujou's lust for Mio becomes apparent and the two share an erotic night of passion. As this steamy romance blossoms between these two unlikely lovers, Mio and Kujou will undoubtedly spend many nights together in utter ecstasy.",5.3,14,167.2914,ja,/ueI9EeoRdMVa7hWEm21nQEU8Zv3.jpg
Overflow,TV Show,2023,"Kazushi Sudou is a university student who is visited by his two childhood friends, the sisters Ayane and Kotone Shirakawa. When Ayane discovers that Kazushi not only forgot to buy her pudding but is also using her special lotion in the bath, she decides to take revenge and join Kazushi in his bath along with Kotone. Will the perverted Kazushi be able to remain indifferent to them both?",7.3,88,160.1696,ja,/8RtwL5gxUvh9YViqjhNlVRvJpum.jpg
Raakh,TV Show,2023,"When two teenagers vanish, a close-knit family is shattered and the city is left on edge. Determined to uncover the truth, a relentless officer leads a nationwide manhunt that pulls him deep into a world of violence and human depravity.",9.143,7,156.5636,hi,/5MbNy94ia4ZLf8OGtSfSjjlxxWN.jpg
Sesame Street,TV Show,2023,"On a special inner city street, the inhabitants—human and muppet—teach preschoolers basic educational and social concepts using comedy, cartoons, games, and songs.",7.13,284,154.3658,en,/14k9BfZ2p4rQBMeJ5crKTfUZVwD.jpg
Rick and Morty,TV Show,2023,Follows a sociopathic genius scientist who drags his inherently timid grandson on adventures across the universe.,8.678,11038,153.6188,en,/owhkU6KRqdXoUQpjV8uyZGPtX58.jpg
Hunter x Hunter,TV Show,2023,"Gon Freecss discovers that the father he had always been told was dead was actually alive the whole time. Ging is a famous Hunter: an individual who has proven themself an elite member of humanity. Gon becomes determined to follow in his father's footsteps, pass the rigorous Hunter Examination.",8.442,214,153.411,ja,/eobAuhCJA8oRp814V67WhezVXtQ.jpg
Miraculous: Tales of Ladybug & Cat Noir,TV Show,2023,"Marinette and Adrien, two Parisian teenagers, are entrusted with powerful jewels in order to transform into superheroes Ladybug and Cat Noir. But neither hero knows the other's true identity — or that they're classmates!",8.058,4609,149.8966,fr,/acrtAy8gmxcsEvrDP09MpMSCeDZ.jpg
House,TV Show,2023,"Dr. Gregory House, a drug-addicted, unconventional, misanthropic medical genius, leads a team of diagnosticians at the fictional Princeton–Plainsboro Teaching Hospital in New Jersey.",8.566,7654,146.7527,en,/3Cz7ySOQJmqiuTdrc6CY0r65yDI.jpg
Midsomer Murders,TV Show,2023,"The peacefulness of the Midsomer community is shattered by violent crimes, suspects are placed under suspicion, and it is up to a veteran DCI and his young sergeant to calmly and diligently eliminate the innocent and ruthlessly pursue the guilty. ",7.5,357,146.128,en,/pz7tsWxe0TTdfJnWPjZAEnrSl5M.jpg
Stranger Things,TV Show,2023,"When a young boy vanishes, a small town uncovers a mystery involving secret experiments, terrifying supernatural forces, and one strange little girl.",8.6,21382,144.7875,en,/uOOtwVbSr4QDjAGIifLDwpb2Pdl.jpg
6 Lovers,TV Show,2023,"The July issue of Dear+ announced anime adaptions of a series of manga serialized in the magazine in celebration of the magazine's 20th anniversary. Six anime series are collected into an ""in motion"" series titled ""6 Lovers.""",8.3,3,143.0365,ja,/6QCUTINWv4rxmWs6EGYDjqawU8c.jpg
Gram Chikitsalay,TV Show,2023,"The young, idealistic and brilliant Dr. Prabhat, takes charge of a neglected Primary Health Centre in a North India Village hoping to bring about much needed changes only to realise it is he who will have do change before anything else.",6.25,12,142.5123,hi,/peRHZYhvuA6MLTJkpf5nIjgsWx5.jpg
Minnale,TV Show,2023,,0.0,0,139.9211,ta,/wACr0ARXdPXZeakkw2ecg4PrDId.jpg
Breaking Bad,TV Show,2023,"Walter White, a New Mexico chemistry teacher, is diagnosed with Stage III cancer and given a prognosis of only two years left to live. He becomes filled with a sense of fearlessness and an unrelenting desire to secure his family's financial future at any cost as he enters the dangerous world of drugs and crime.",8.947,18027,138.7191,en,/ztkUQFLlC19CCMYHW9o1zWhJRNq.jpg
S.W.A.T.,TV Show,2023,"A Los Angeles S.W.A.T. sergeant is assigned to lead a highly skilled unit in the community where he grew up. Torn between loyalty to the streets, where the cops are sometimes the enemy, and allegiance to his brothers in blue, he strategically straddles the two worlds.",8.041,1575,138.3737,en,/1l7vsAIkqOzrqiPwjO27Cb5QdfJ.jpg
I Will Find You,TV Show,2023,"Wrongfully imprisoned for murdering his own son, a father sets out on a desperate rescue mission after learning the boy may still be alive.",8.31,175,137.9621,en,/pb9oYHHNzauiCQZT03MpDAg46GI.jpg
Bones,TV Show,2023,"Dr. Temperance Brennan and her colleagues at the Jeffersonian's Medico-Legal Lab assist Special Agent Seeley Booth with murder investigations when the remains are so badly decomposed, burned or destroyed that the standard identification methods are useless.",8.187,3515,137.4938,en,/eyTu5c8LniVciRZIOSHTvvkkgJa.jpg
Smallville,TV Show,2023,The origins of the world’s greatest hero–from Krypton refugee Kal-el’s arrival on Earth through his tumultuous teen years to Clark Kent’s final steps toward embracing his destiny as the Man of Steel.,8.191,4491,137.0342,en,/mHZSq8LA5Dt48JjaOZ5tcPXQRVN.jpg
CSI: Crime Scene Investigation,TV Show,2023,"A Las Vegas team of forensic investigators are trained to solve criminal cases by scouring the crime scene, collecting irrefutable evidence and finding the missing pieces that solve the mystery.",7.6,1393,136.4544,en,/i5hmoRjHNWady4AtAGICTUXknKH.jpg
Yellowstone,TV Show,2023,"Follow the violent world of the Dutton family, who controls the largest contiguous ranch in the United States. Led by their patriarch John Dutton, the family defends their property against constant attack by land developers, an Indian reservation, and America’s first National Park.",8.269,3191,135.9528,en,/vOYfRZ0NpUK5hG2CB2dJFnYJlGe.jpg
Secret Mission - Undercover Agents Never Back Down!,TV Show,2023,"Narcotics Enforcement Agent Riko Ikazuchi is undercover with her junior colleague Noma in an apartment that serves as the hideout for a criminal organization. Despite Riko and Noma posing as a newlywed couple, the criminals begin to suspect them after not hearing any marital intimacy during the night. To convince them that they are a loving couple, Noma starts touching Riko's body...",6.1,25,135.8157,ja,/xZV8e1iKi85PFZlbQBdznvtpAVJ.jpg
Shameless,TV Show,2023,"Chicagoan Frank Gallagher is the proud single dad of six smart, industrious, independent kids, who without him would be... perhaps better off. When Frank's not at the bar spending what little money they have, he's passed out on the floor. But the kids have found ways to grow up in spite of him. They may not be like any family you know, but they make no apologies for being exactly who they are.",8.169,3369,135.6926,en,/ifo31fMWLmyOVpdak9K0kY4jldQ.jpg
The Blacklist,TV Show,2023,"Raymond ""Red"" Reddington, one of the FBI's most wanted fugitives, surrenders in person at FBI Headquarters in Washington, D.C. He claims that he and the FBI have the same interests: bringing down dangerous criminals and terrorists. In the last two decades, he's made a list of criminals and terrorists that matter the most but the FBI cannot find because it does not know they exist. Reddington calls this ""The Blacklist"". Reddington will co-operate, but insists that he will speak only to Elizabeth Keen, a rookie FBI profiler.",7.634,3608,131.7577,en,/4HTfd1PhgFUenJxVuBDNdLmdr0c.jpg
American Dad!,TV Show,2023,"The series focuses on an eccentric motley crew that is the Smith family and their three housemates: Father, husband, and breadwinner Stan Smith; his better half housewife, Francine Smith; their college-aged daughter, Hayley Smith; and their high-school-aged son, Steve Smith. Outside of the Smith family, there are three additional main characters, including Hayley's boyfriend turned husband, Jeff Fischer; the family's man-in-a-goldfish-body pet, Klaus; and most notably the family's zany alien, Roger, who is ""full of masquerades, brazenness, and shocking antics.""",7.011,2385,127.4298,en,/eb9sH2am9IUSQ8GhXTNAVoujk8W.jpg
CHILL CLUB 推介,TV Show,2023,,0.0,0,124.0979,cn,/3n0cY8IQTtFf8JSGpVrYbfcR0Wa.jpg
Prison Break,TV Show,2023,"Due to a political conspiracy, an innocent man is sent to death row and his only hope is his brother, who makes it his mission to deliberately get himself sent to the same prison in order to break the both of them out, from the inside out.",8.068,5992,123.1362,en,/wnmNPaLvhnMeOqnWlhNkYCZxtda.jpg
The Bear,TV Show,2023,"Carmy, a young fine-dining chef, comes home to Chicago to run his family sandwich shop. As he fights to transform the shop and himself, he works alongside a rough-around-the-edges crew that ultimately reveal themselves as his chosen family.",8.137,1777,122.9638,en,/eKfVzzEazSIjJMrw9ADa2x8ksLz.jpg
The Prosecutor's Proposal,TV Show,2023,"A victim’s son and a killer’s son reunite as a prosecutor and investigator, fighting systemic corruption while becoming each other's salvation.",0.0,0,122.2712,ko,/lK6DrnFecG0AsA8O5UqEYOrOArd.jpg
Vikings,TV Show,2023,"The adventures of Ragnar Lothbrok, the greatest hero of his age. The series tells the sagas of Ragnar's band of Viking brothers and his family, as he rises to become King of the Viking tribes. As well as being a fearless warrior, Ragnar embodies the Norse traditions of devotion to the gods. Legend has it that he was a direct descendant of Odin, the god of war and warriors.",8.096,7672,122.1404,en,/bQLrHIRNEkE3PdIWQrZHynQZazu.jpg
Lucifer,TV Show,2023,"Bored and unhappy as the Lord of Hell, Lucifer Morningstar abandoned his throne and retired to Los Angeles, where he has teamed up with LAPD detective Chloe Decker to take down criminals. But the longer he's away from the underworld, the greater the threat that the worst of humanity could escape.",8.433,15523,122.0408,en,/ekZobS8isE6mA53RAiGDG93hBxL.jpg
The Flash,TV Show,2023,"After being struck by lightning, CSI investigator Barry Allen awakens from a nine-month coma to discover he has been  granted the gift of super speed.  Teaming up with S.T.A.R. Labs, Barry takes on the persona of The Flash, the Fastest  Man Alive, to protect his city.",7.758,11643,121.2606,en,/yZevl2vHQgmosfwUdVNzviIfaWS.jpg
Arrow,TV Show,2023,"Spoiled billionaire playboy Oliver Queen is missing and presumed dead when his yacht is lost at sea. He returns five years later a changed man, determined to clean up the city as a hooded vigilante armed with a bow.",6.835,6361,121.0449,en,/u8ZHFj1jC384JEkTt3vNg1DfWEb.jpg
Suits,TV Show,2023,"While running from a drug deal gone bad, Mike Ross, a brilliant young college-dropout, slips into a job interview with one of New York City's best legal closers, Harvey Specter. Tired of cookie-cutter law school grads, Harvey takes a gamble by hiring Mike on the spot after he recognizes his raw talent and photographic memory.",8.222,5760,118.5691,en,/vQiryp6LioFxQThywxbC6TuoDjy.jpg
The Office,TV Show,2023,"The everyday lives of office employees in the Scranton, Pennsylvania branch of the fictional Dunder Mifflin Paper Company.",8.6,5260,118.494,en,/7DJKHzAi83BmQrWLrYYOqcoKfhR.jpg
Dexter,TV Show,2023,"Dexter Morgan, a blood spatter pattern analyst for the Miami Metro Police also leads a secret life as a serial killer, hunting down criminals who have slipped through the cracks of justice.",8.239,5603,115.5211,en,/q8dWfc4JwQuv3HayIZeO84jAXED.jpg
Friends,TV Show,2023,"Six young people from New York City, on their own and struggling to survive in the real world, find the companionship, comfort and support they get from each other to be the perfect antidote to the pressures of life.",8.418,9170,115.4045,en,/2koX1xLkpTQM4IZebYvKysFW1Nh.jpg
Watch What Happens Live with Andy Cohen,TV Show,2023,Bravo network executive Andy Cohen discusses pop culture topics with celebrities and reality show personalities.,5.0,87,115.3725,en,/onSD9UXfJwrMXWhq7UY7hGF2S1h.jpg
Running Man,TV Show,2023,"These days, as variety shows are gradually disappearing, this is one of Korea’s representative variety shows that has been responsible for Sunday evenings for over 10 years. This program features numerous stars and members going around various places, playing games, and completing missions. In particular, among the many fun elements of variety shows, this one focuses solely on laughter.

Open your eyes! Big fun is coming in!

Open your mouth! Big laughter is coming in!

Open your heart! Useful lessons are coming in!",8.2,213,115.0627,ko,/2Wmmu1MkqxJ48J7aySET9EKEjXz.jpg
The Last Ship,TV Show,2023,"Their mission is simple: Find a cure. Stop the virus. Save the world. When a global pandemic wipes out eighty percent of the planet's population, the crew of a lone naval destroyer must find a way to pull humanity from the brink of extinction.",6.864,1033,113.4998,en,/xH529hDtPxhslAEeCrN7gD64ZMX.jpg
Doctor Who,TV Show,2023,"The Doctor is a Time Lord: a 900 year old alien with 2 hearts, part of a gifted civilization who mastered time travel. The Doctor saves planets for a living—more of a hobby actually, and the Doctor's very, very good at it.",7.6,3387,112.4783,en,/m6G92osOtSeXwjSfL21jZCUOvxe.jpg
Euphoria,TV Show,2023,"A group of high school students navigate love and friendships in a world of drugs, sex, trauma, and social media.",8.284,10910,111.6242,en,/ypmtwojDd751Peszi62DVLytqqC.jpg
Modern Family,TV Show,2023,"The Pritchett-Dunphy-Tucker clan is a wonderfully large and blended family. They give us an honest and often hilarious look into the sometimes warm, sometimes twisted, embrace of the modern family.",7.912,3394,110.9765,en,/k5Qg5rgPoKdh3yTJJrLtyoyYGwC.jpg
Renegade Immortal,TV Show,2023,"It tells the story of Wang Lin, an ordinary young man in the countryside, who is moved by his heart and cultivates against immortality. His pursuit is not only for longevity, but also for getting rid of the ants behind it. He firmly believed in human beings and entered the path of cultivation with mediocre qualifications. After experiencing ups and downs, with his wise mind, he gradually reached the pinnacle and became famous in the cultivation world with his own strength.",8.4,37,110.799,zh,/2jEJSCLFjniFT7z4YvyY9Ywo1lc.jpg
"Crazy Love, Moo-Moo!",TV Show,2023,"To drive away a persistent admirer, MooMoo interns at his hotel to show off his worst habits, only to find himself falling for the man he hates.",7.5,2,109.7072,th,/bpj6cELj5j3SzkMoncQCYDY19Ve.jpg
The Walking Dead,TV Show,2023,Sheriff's deputy Rick Grimes awakens from a coma to find a post-apocalyptic world dominated by flesh-eating zombies. He sets out to find his family and encounters many other survivors along the way.,8.086,17921,109.0172,en,/aN29llVoCFtBTwDZFtqdD9d8dHb.jpg
The Sopranos,TV Show,2023,"The story of New Jersey-based Italian-American mobster Tony Soprano and the difficulties he faces as he tries to balance the conflicting requirements of his home life and the criminal organization he heads. Those difficulties are often highlighted through his ongoing professional relationship with psychiatrist Jennifer Melfi. The show features Tony's family members and Mafia associates in prominent roles and story arcs, most notably his wife Carmela and his cousin and protégé Christopher Moltisanti.",8.673,3514,107.3645,en,/rTc7ZXdroqjkKivFPvCPX0Ru7uw.jpg
Jimihen!! Jimiko o Kae Chau Jun Isei Kouyuu,TV Show,2023,"The story follows Rena Yukuhasahi, a reserved office lady and Ryouhei Hachiya, a businessman and fellow colleague. Yukuhasahi appears to be the most reserved girl in the company, but becomes a super beautiful woman when she dresses up. Flustered in the presence of her transformed self, Hachiya insists on taking her out, only to find themselves in front of a love hotel.",6.4,25,106.687,ja,/to5FshluwPdO9d3Ucs7fagJL7OU.jpg
Resort,TV Show,2023,A debt-ridden room service boy rises to challenge a ruthless kitchen at a luxurious beachside haven.,0.0,0,106.2553,ta,/cL7iOwqapRRb7eKKlXI4FDaP6rh.jpg
JUJUTSU KAISEN,TV Show,2023,"Yuji Itadori is a boy with tremendous physical strength, though he lives a completely ordinary high school life. One day, to save a classmate who has been attacked by curses, he eats the finger of Ryomen Sukuna, taking the curse into his own soul. From then on, he shares one body with Ryomen Sukuna. Guided by the most powerful of sorcerers, Satoru Gojo, Itadori is admitted to Tokyo Jujutsu High School, an organization that fights the curses... and thus begins the heroic tale of a boy who became a curse to exorcise a curse, a life from which he could never turn back.",8.578,4508,104.7259,ja,/fHpKWq9ayzSk8nSwqRuaAUemRKh.jpg
Reacher,TV Show,2023,"Jack Reacher, a veteran military police investigator, has just recently entered civilian life. Reacher is a drifter, carrying no phone and the barest of essentials as he travels the country and explores the nation he once served.",8.08,2900,104.5994,en,/31GlRQMiDunO8cl3NxTz34U64rf.jpg
Doraemon,TV Show,2023,"Robotic cat Doraemon is sent back in time from the 22nd century to protect 10-year-old Noby, a lazy and uncoordinated boy who is destined to have a tragic future. Doraemon can create secret gadgets from a pocket on his stomach, but they usually cause more bad than good because of Noby's propensity to misuse them.",8.067,232,104.3438,ja,/9ZN1P32SHviL3SV51qLivxycvcx.jpg
PAW Patrol,TV Show,2023,"Marshall, Rocky, Rubble, Zuma and Skye are doing their best to protect the people of their town. Led by Ryder, a tech-savvy 10-year-old boy, each of them is equipped with special equipment and together they help anyone who finds themselves in trouble. No task is too big for them and no puppy is too small.",7.0,812,103.337,en,/8HXkgUBO5OF8ZK9XbY69RM4S5rv.jpg
The Late Show with Stephen Colbert,TV Show,2023,"Stephen Colbert brings his signature satire and comedy to The Late Show with Stephen Colbert, the #1 show in late night, where he talks with an eclectic mix of guests about what is new and relevant in the worlds of politics, entertainment, business, music, technology, and more. Featuring bandleader Jon Batiste with his band Stay Human, the Emmy Award-nominated show is broadcast from the historic Ed Sullivan Theater.",6.093,356,101.5009,en,/9jkThAGYj2yp8jsS6Nriy5mzKFT.jpg
Kamen Rider,TV Show,2023,"Takeshi Hongo is a promising young man with a passion for motorcycle racing. However, his dreams are suddenly ruined when he gets kidnapped by Shocker, the evil secret organization planning to dominate the world. After being remodeled into a cyborg, Takeshi escapes and swears to protect the world from the inhuman monsters.",6.45,101,101.2794,ja,/2DIBDFHiKQawz4WPsYekl9DHwyA.jpg
Homeland,TV Show,2023,"CIA officer Carrie Mathison is tops in her field despite being bipolar, which makes her volatile and unpredictable. With the help of her long-time mentor Saul Berenson, Carrie fearlessly risks everything, including her personal well-being and even sanity, at every turn.",7.584,2594,100.8986,en,/6GAvS2e6VIRsms9FpVt33PsCoEW.jpg
Stargate SG-1,TV Show,2023,"The story of Stargate SG-1 begins about a year after the events of the feature film, when the United States government learns that an ancient alien device called the Stargate can access a network of such devices on a multitude of planets. SG-1 is an elite Air Force special operations team, one of more than two dozen teams from Earth who explore the galaxy and defend against alien threats such as the Goa'uld, Replicators, and the Ori.",8.268,1834,100.3684,en,/dQjmI7XxI47v8IM2MUysHG0LuU2.jpg
The Daily Show,TV Show,2023,"The World's Fakest News Team tackle the biggest stories in news, politics and pop culture.",6.405,641,99.8086,en,/ixcfyK7it6FjRM36Te4OdblAq4X.jpg
Grimm,TV Show,2023,"After Portland homicide detective Nick Burkhardt discovers he's descended from an elite line of criminal profilers known as ""Grimms,"" he increasingly finds his responsibilities as a detective at odds with his new responsibilities as a Grimm.",8.27,3558,99.3419,en,/iOptnt1QHi6bIHmOq6adnZTV0bU.jpg
Lost,TV Show,2023,"Stripped of everything, the survivors of a horrific plane crash must work together to stay alive. But the island holds many secrets.",7.958,5115,99.1839,en,/og6S0aTZU6YUJAbqxeKjCa3kY1E.jpg
Chicago Fire,TV Show,2023,"An edge-of-your-seat view into the lives of everyday heroes committed to one of America's noblest professions. For the firefighters, rescue squad and paramedics of Chicago Firehouse 51, no occupation is more stressful or dangerous, yet so rewarding and exhilarating. These courageous men and women are among the elite who forge headfirst into danger when everyone else is running the other way and whose actions make the difference between life and death.",8.4,2404,98.7013,en,/r915sk2JpthZSjHEgZKifWxgo6L.jpg
Desperate Housewives,TV Show,2023,"Looking down on her friends and family isn't a way of life for Mary Alice Young... it's a way of death. One day, in her perfect house, in the loveliest of suburbs, Mary Alice ended it all. Now she's taking us into the lives of her family, friends and neighbors, commenting from her elevated P.O.V.",7.9,2085,97.6028,en,/sywYmV9c9Vj2U7ocqNyfDt2pz3r.jpg
Harem in the Labyrinth of Another World,TV Show,2023,"High school student Michio Kaga was wandering aimlessly through life and the Internet, when he finds himself transported from a shady website to a fantasy world — reborn as a strong man who can use ""cheat"" powers. He uses his powers to become an adventurer, earn money, and get the right to claim girls that have idol-level beauty to form his very own harem.",7.3,156,97.5001,ja,/drAnsk5w2PX5x3ooPv7I2xr3ksq.jpg
The Tonight Show Starring Jimmy Fallon,TV Show,2023,"After Jay Leno's second retirement from the program, Jimmy Fallon stepped in as his permanent replacement. After 42 years in Los Angeles the program was brought back to New York.",5.802,378,96.9092,en,/1N4o5PmmqhlVDrcdJ2RlCFWbLGX.jpg
Slay the Gods,TV Show,2023,"""If the dark night comes to an end, I will stand in front of tens of thousands of people, slashing my sword into the abyss, staining the sky with blood!"" Have you ever thought that monsters from ancient myths lurk under the bright neon cities? Have you ever thought that above the moon hanging high above the heads of the world, there are gods watching over the world? Have you ever thought that in the crowded modern cities, there are extraordinary people who walk the world in place of gods?",8.3,16,96.3938,zh,/n4lEQkgCDuOP3TNvIjkzn5QjRp.jpg
Crazy Over His Fingers: Just the Two of Us in a Salon After Closing,TV Show,2023,"Fumi works as an assistant at a popular salon in the city and is aiming to become a hairdresser. She receives strict guidance from Sousuke, the salon's charismatic hairdresser and manager. Every time he touches Fumi, she becomes agitated. One day after the salon closed, Fumi stands in as Sousuke's practice partner at the shampoo station. As he touches her and sprinkles her with water, she becomes angry again! Or so the thought...could she actually be attracted to him? Sousuke flashes an evil smile as he senses Fumi's heart, and his fingertips start to stroke every corner of her body...Fumi cannot refuse his fingers anymore.",6.4,19,96.3672,ja,/hlk5xhZw5uSBJvpJD3xbX2k6BhA.jpg
Spartacus,TV Show,2023,"Torn from his homeland and the woman he loves, Spartacus is condemned to the brutal world of the arena where blood and death are primetime entertainment.",8.029,2964,95.9873,en,/c2GKN4VHCj1dnjFMANRpGkCVBae.jpg
The Vampire Diaries,TV Show,2023,"The story of two vampire brothers obsessed with the same girl, who bears a striking resemblance to the beautiful but ruthless vampire they knew and loved in 1864.",8.302,9644,95.8617,en,/b3vl6wV1W8PBezFfntKTrhrehCY.jpg
Hawaii Five-0,TV Show,2023,"Steve McGarrett returns home to Oahu, in order to find his father's killer. The governor offers him the chance to run his own task force (Five-0). Steve's team is joined by Chin Ho Kelly, Danny ""Danno"" Williams, and Kono Kalakaua.",7.736,1867,95.3014,en,/sIdCKlmM2nU4akIvFQaAIiU8YES.jpg
FBI,TV Show,2023,"The New York office of the FBI brings to bear all their talents, intellect and technical expertise on major cases in order to keep their city and the country safe.",7.927,915,94.6697,en,/zfKS4WL0OZ9udpNoSYZw91VB3aH.jpg
Harem Camp!,TV Show,2023,"The story follows teacher and veteran solo camper Kensuke, who forms a camping group with four girls.",7.0,25,94.2118,ja,/dsaYRfBviInhrulwtHOyg1KB4ct.jpg
Bluey,TV Show,2023,"Bluey is an inexhaustible six year-old Blue Heeler dog, who loves to play and turns everyday family life into extraordinary adventures, developing her imagination as well as her mental, physical and emotional resilience.",8.581,707,93.2384,en,/b9mY0X5T20ZM073hoa5n0dgmbfN.jpg
Seinfeld,TV Show,2023,A stand-up comedian and his three offbeat friends weather the pitfalls and payoffs of life in New York City in the '90s. It's a show about nothing.,8.263,2360,93.1675,en,/aCw8ONfyz3AhngVQa1E2Ss4KSUQ.jpg
Castle,TV Show,2023,"After a serial killer imitates the plots of his novels, successful mystery novelist Richard ""Rick"" Castle receives permission from the Mayor of New York City to tag along with an NYPD homicide investigation team for research purposes.",7.973,2106,93.1522,en,/diXBeMzvfJb2iJg3G0kCUaMCzEc.jpg
Fire in His Fingertips,TV Show,2023,"Office worker Ryou Fujihashi is trapped inside her apartment which has set ablaze. The firefighters arrive in time to save her, and one of them happens to be Souma Mizuno, Fujihashi's childhood friend who she had a crush on. As the apartment fire gets put out, an old love gets rekindled.",6.905,21,93.13,ja,/yHUDRf2e9FGeWXPsT5lVF3iCUwc.jpg
Salitan,Movie,2024,A suspicious wife follows her husband in Bali. She meets a dashing man who captures her heart. She soon wants her husband to really have an affair to alleviate the guilt she is feeling.,4.727,11,161.3716,tl,/rMgG7cWuq9O6zhhLs2CbqIKVA8V.jpg
Rita,Movie,2024,"Rita, who finds herself alone when husband Ariel works abroad. They both find solace and sexual satisfaction in other people. When Ariel comes back, they both act like nothing happened. But will this keep their marriage from falling apart?",6.1,25,68.7352,tl,/pXENxAzOBrTSDJGxDcUnlNTNmWr.jpg
Subservience,Movie,2024,"With his wife out sick, a struggling father brings home a lifelike AI, only to have his self-aware new help want everything her new family has to offer... Like the affection of her owner and she'll kill to get it.",6.611,1027,50.5826,en,/gBenxR01Uy0Ev9RTIw6dVBPoyQU.jpg
Deadpool & Wolverine,Movie,2024,"A listless Wade Wilson toils away in civilian life with his days as the morally flexible mercenary, Deadpool, behind him. But when his homeworld faces an existential threat, Wade must reluctantly suit-up again with an even more reluctant Wolverine.",7.574,8843,45.3118,en,/8cdWjvZQUExUUTzyp4t6EDMubfO.jpg
Beware the Boogeyman,Movie,2024,"For her first day of orientation, Dr. Tristian Mackenzie makes her way to the Silverdale Psychiatric Hospital for the criminally insane, where she learns of the strange series of cases from the similarly strange Dr. Moon.",3.2,6,43.7476,en,/2Hm5IP9lPW9DfwNSGkghCEMeUBK.jpg
The Substance,Movie,2024,"A fading celebrity decides to use a black market drug, a cell-replicating substance that temporarily creates a younger, better version of herself.",7.133,6115,40.8431,en,/lqoMzCcZYEFK729d6qzt349fB4o.jpg
Heresy,Movie,2024,"In a medieval Dutch village, a young woman is caught between her faith, fanatic townsfolk and the dark forces lurking in the woods.",5.911,28,40.3318,nl,/gGStwXLjGe9WaodCCgeVwkDDwS3.jpg
True Fear,Movie,2024,"When two female best friends hosting an online horror-themed history show together decide to make an episode about the site of a 17th century witch hunt, they find themselves seemingly terrorized by evil supernatural forces.",6.6,9,39.8807,sv,/8ZZYWJbKVz1g8gCr5Ghm6V7CwYp.jpg
Virgin,Movie,2024,"Iris, an 18-year old virgin marries Joaquin, a rich widower, because of money. However, when he learns that Iris is not really a virgin, their honeymoon turns to a bloodbath.",6.76,25,39.5361,tl,/iVS3ZiPsKy8Hhc5Dipqgrjmoj2b.jpg
The Wild Robot,Movie,2024,"After a shipwreck, an intelligent robot called Roz is stranded on an uninhabited island. To survive the harsh environment, Roz bonds with the island's animals and cares for an orphaned baby goose.",8.315,6205,35.3142,en,/eG9lz41mJqsI4J6ubMtVqD26q2J.jpg
Alien: Romulus,Movie,2024,"While scavenging the deep ends of a derelict space station, a group of young space colonizers come face to face with the most terrifying life form in the universe.",7.162,4611,34.0523,en,/b33nnKl1GSFbao4l3fZDDqsMx0F.jpg
Despicable Me 4,Movie,2024,"Gru and Lucy and their girls—Margo, Edith and Agnes—welcome a new member to the Gru family, Gru Jr., who is intent on tormenting his dad. Gru also faces a new nemesis in Maxime Le Mal and his femme fatale girlfriend Valentina, forcing the family to go on the run.",6.985,3236,30.8857,en,/wWba3TaojhK7NdycRhoQpsG0FaH.jpg
Inside Out 2,Movie,2024,"Teenager Riley's mind headquarters is undergoing a sudden demolition to make room for something entirely unexpected: new Emotions! Joy, Sadness, Anger, Fear and Disgust, who’ve long been running a successful operation by all accounts, aren’t sure how to feel when Anxiety shows up. And it looks like she’s not alone.",7.542,6750,30.1737,en,/vpnVM9B6NMmQpWeZvzLvDESb2QY.jpg
Godzilla x Kong: The New Empire,Movie,2024,"Following their explosive showdown, Godzilla and Kong must reunite against a colossal undiscovered threat hidden within our world, challenging their very existence – and our own.",7.049,4709,29.9724,en,/z1p34vh7dEOnLDmyCrlUVLuoDzd.jpg
The Beekeeper,Movie,2024,One man's campaign for vengeance takes on national stakes after he is revealed to be a former operative of a powerful and clandestine organization known as Beekeepers.,7.271,4310,28.1276,en,/A7EByudX0eOzlkQ2FIbogzyazm2.jpg
Kraven the Hunter,Movie,2024,"Kraven Kravinoff's complex relationship with his ruthless gangster father, Nikolai, starts him down a path of vengeance with brutal consequences, motivating him to become not only the greatest hunter in the world, but also one of its most feared.",6.437,2371,27.0633,en,/1GvBhRxY6MELDfxFrete6BNhBB5.jpg
Dune: Part Two,Movie,2024,"Follow the mythic journey of Paul Atreides as he unites with Chani and the Fremen while on a path of revenge against the conspirators who destroyed his family. Facing a choice between the love of his life and the fate of the known universe, Paul endeavors to prevent a terrible future only he can foresee.",8.126,8086,26.5056,en,/heM4XKC0jA8fTSNe8F7oUkcJV7Z.jpg
Moana 2,Movie,2024,"After receiving an unexpected call from her wayfinding ancestors, Moana journeys alongside Maui and a new crew to the far seas of Oceania and into dangerous, long-lost waters for an adventure unlike anything she's ever faced.",7.005,3114,26.4274,en,/aLVkiINlIeCkcZIzb7XHzPYgO6L.jpg
Your Fault,Movie,2024,The love between Noah and Nick seems unwavering despite their parents' attempts to separate them. But his job and her entry into college open up their lives to new relationships that will shake the foundations of both their relationship and the Leister family itself.,7.084,1573,26.3658,es,/1sQA7lfcF9yUyoLYC0e6Zo3jmxE.jpg
Road House,Movie,2024,"Ex-UFC fighter Dalton takes a job as a bouncer at a Florida Keys roadhouse, only to discover that this paradise is not all it seems.",6.945,3090,26.1688,en,/fDEdtS4P0gJsxHDIt8dG8TR5dx1.jpg
Pin/Ya,Movie,2024,"A strong childhood bond between two girls grows into something more. Learning to play with fire as they explore their bodies, Pin and Aya soon learn that their feelings for each other are beyond friendship. With their friendship at stake, will they take a chance at love?",5.7,10,19.8884,tl,/jGKreGg9s4ruL25UFt7budrGJfy.jpg
Venom: The Last Dance,Movie,2024,"Eddie and Venom are on the run. Hunted by both of their worlds and with the net closing in, the duo are forced into a devastating decision that will bring the curtains down on Venom and Eddie's last dance.",6.673,4283,19.1073,en,/vGXptEdgZIhPg3cGlc7e8sNPC2e.jpg
The Last Stand of Ellen Cole,Movie,2024,"When an evil contractor goes to extreme measures to evict a testy tenant who is standing in the way of his new project, he fails to take into account that this seemingly harmless old woman is a trained killer and will do anything to protect her beloved home.",7.936,47,18.561,en,/oq1pGVQ2t3Cy4v7sA4LRhNjtZuJ.jpg
Solo Leveling -ReAwakening-,Movie,2024,"Over a decade after 'gates' connecting worlds appeared, awakening 'hunters' with superpowers, weakest hunter Sung Jinwoo encounters a double dungeon and accepts a mysterious quest, becoming the only one able to level up, changing his fate. A catch-up recap of the first season coupled with an exclusive sneak peek of the first two episodes of the highly anticipated second season in one momentous theatrical fan experience.",7.16,272,17.0879,ja,/dblIFen0bNZAq8icJXHwrjfymDW.jpg
The Idea of You,Movie,2024,"40-year-old single mom Solène begins an unexpected romance with 24-year-old Hayes Campbell, the lead singer of August Moon, the hottest boy band on the planet. As they begin a whirlwind romance, it isn't long before Hayes' superstar status poses unavoidable challenges to their relationship, and Solène soon discovers that life in the glare of his spotlight might be more than she bargained for.",7.278,1968,16.9135,en,/Y5P4Q3q8nrruZ9aD3wXeJS2Plg.jpg
Love Kills,Movie,2024,"Infidelity comes crashing down when Lia is torn between her long-time boyfriend, Milo, and their captivating new roommate, Brianna. As Lia grapples with her feelings for Brianna, tensions rise and secrets are revealed. But when Milo catches them cheating and Brianna mysteriously disappears, Lia is thrust into a dark and dangerous world where nothing is as it seems.",5.0,4,13.6171,en,/tNDQmXduXUXKq07mVrCTM2tBaRZ.jpg
Flow,Movie,2024,"A solitary cat, displaced by a great flood, finds refuge on a boat with various species and must navigate the challenges of adapting to a transformed world together.",8.075,2885,14.1253,lv,/z2sG41PxfL1hnL1mHbxzSREUtOf.jpg
Wicked,Movie,2024,"In the land of Oz, ostracized and misunderstood green-skinned Elphaba is forced to share a room with the popular aristocrat Glinda at Shiz University, and the two's unlikely friendship is tested as they begin to fulfill their respective destinies as Glinda the Good and the Wicked Witch of the West.",6.9,3078,15.6387,en,/xDGbZ0JJ3mYaGKy4Nzd9Kph6M9L.jpg
Furiosa: A Mad Max Saga,Movie,2024,"As the world falls, young Furiosa is snatched from the Green Place of Many Mothers into the hands of a great biker horde led by the warlord Dementus. Sweeping through the wasteland, they encounter the citadel presided over by Immortan Joe. The two tyrants wage war for dominance, and Furiosa must survive many trials as she puts together the means to find her way home.",7.454,4940,15.563,en,/iADOJ8Zymht2JPMoy3R7xceZprc.jpg
Mufasa: The Lion King,Movie,2024,"Mufasa, a cub lost and alone, meets a sympathetic lion named Taka, the heir to a royal bloodline. The chance meeting sets in motion an expansive journey of a group of misfits searching for their destiny.",7.302,2690,14.1723,en,/jbOSUAWMGzGL1L4EaUF8K6zYFo7.jpg
Tell Me What You Want,Movie,2024,"After his father's death, Eric Zimmerman travels to Spain to oversee his company's branches. In Madrid, he falls for Judith and engage in an intense, erotic relationship full of exploration. However, Eric fears his secret may end their affair.",6.1,296,15.2859,es,/yZXYCiZQPB7Ui6D5206W1zDKv8P.jpg
Bad Boys: Ride or Die,Movie,2024,"After their late former Captain is framed, Lowrey and Burnett try to clear his name, only to end up on the run themselves.",7.323,3362,15.1423,en,/oGythE98MYleE6mZlGs5oBGkux1.jpg
The Count of Monte Cristo,Movie,2024,"Edmond Dantès becomes the target of a sinister plot and is arrested on his wedding day for a crime he did not commit. After 14 years in the island prison of Château d’If, he manages a daring escape. Now rich beyond his dreams, he assumes the identity of the Count of Monte-Cristo and exacts his revenge on the three men who betrayed him.",7.906,2051,13.5223,fr,/sAT1P3FGhtJ68anUyJScnMu8t1l.jpg
Anora,Movie,2024,"A young sex worker from Brooklyn gets her chance at a Cinderella story when she meets and impulsively marries the son of an oligarch. Once the news reaches Russia, her fairytale is threatened as his parents set out to get the marriage annulled.",7.072,3204,12.0767,en,/cgXk2tNYhJZLXdBDO5DidAVzQ82.jpg
Nosferatu,Movie,2024,"A gothic tale of obsession between a haunted young woman and the terrifying vampire infatuated with her, causing untold horror in its wake.",6.714,3715,12.887,en,/5qGIxdEO841C0tdY8vOdLoRVrr0.jpg
Terrifier 3,Movie,2024,"Five years after surviving Art the Clown's Halloween massacre, Sienna and Jonathan are still struggling to rebuild their shattered lives. As the holiday season approaches, they try to embrace the Christmas spirit and leave the horrors of the past behind. But just when they think they're safe, Art returns, determined to turn their holiday cheer into a new nightmare. The festive season quickly unravels as Art unleashes his twisted brand of terror, proving that no holiday is safe.",6.786,1981,12.1593,en,/ju10W5gl3PPK3b7TjEmVOZap51I.jpg
The Fall Guy,Movie,2024,"Fresh off an almost career-ending accident, stuntman Colt Seavers has to track down a missing movie star, solve a conspiracy and try to win back the love of his life while still doing his day job.",6.954,3824,12.5452,en,/e7olqFmzcIX5c23kX4zSmLPJi8c.jpg
Gladiator II,Movie,2024,"Years after witnessing the death of the revered hero Maximus at the hands of his uncle, Lucius is forced to enter the Colosseum after his home is conquered by the tyrannical Emperors who now lead Rome with an iron fist. With rage in his heart and the future of the Empire at stake, Lucius must look to his past to find strength and honor to return the glory of Rome to its people.",6.608,4502,12.3746,en,/2cxhvwyEwRlysAmRH4iodkvo0z5.jpg
Kingdom of the Planet of the Apes,Movie,2024,"Several generations following Caesar's reign, apes – now the dominant species – live harmoniously while humans have been reduced to living in the shadows. As a new tyrannical ape leader builds his empire, one young ape undertakes a harrowing journey that will cause him to question all he's known about the past and to make choices that will define a future for apes and humans alike.",7.054,4292,10.8809,en,/gKkl37BQuKTanygYQG1pyYgLVgf.jpg
Babygirl,Movie,2024,A high-powered CEO puts her career and family on the line when she begins a torrid affair with her much younger intern.,5.706,1222,10.9232,en,/ilwO6elz3mLV9CToT7C8pjVeKX0.jpg
Land of Bad,Movie,2024,"When a Delta Force special ops mission goes terribly wrong, Air Force drone pilot Reaper has 48 hours to remedy what has devolved into a wild rescue operation. With no weapons and no communication other than the drone above, the ground mission suddenly becomes a full-scale battle when the team is discovered by the enemy.",7.262,1512,25.3259,en,/h3jYanWMEJq6JJsCopy1h7cT2Hs.jpg
Malta,Movie,2024,"Mariana is a systematic girl. She studies English and German at a language school. She works in a call center as many hours as possible and saves everything she earns. To entertain herself a little, she looks for men in bars with whom she only plans to spend one night. Why compromise if she just wants to travel? That is Mariana's plan, to go away and what better than to an island in the Mediterranean. But Gabriel, an unlikely boy who keeps getting into her life with bad jokes and uncomfortable questions, forces her to look at herself and wonder what she wants to run away from.",5.4,8,10.0259,es,/64cVvqAGgxlRXRGue6Aw5BPDSRF.jpg
The Ministry of Ungentlemanly Warfare,Movie,2024,"During World War II, the British Army assigns a group of competent soldiers to carry out a mission against the Nazi forces behind enemy lines... A true story about a secret British WWII organization — the Special Operations Executive. Founded by Winston Churchill, their irregular warfare against the Germans helped to change the course of the war, and gave birth to modern black operations.",7.013,1915,9.6538,en,/8aF0iAKH9MJMYAZdi0Slg77RYa2.jpg
Taboo: Family Secrets,Movie,2024,"A family is fractured by Lukas, the patriarch, and his ongoing infidelities. When the son Tyler comes home for a visit, a taboo passion between him and his stepmother Amanda blossoms, changing the family dynamics forever. The allegiances and expectations shift radically as the truth is revealed.",5.2,8,10.6835,en,/xatpxQfUVblKveWHXNOidaNg4ju.jpg
The Garfield Movie,Movie,2024,"Garfield, the world-famous, Monday-hating, lasagna-loving indoor cat, is about to have a wild outdoor adventure! After an unexpected reunion with his long-lost father – scruffy street cat Vic – Garfield and his canine friend Odie are forced from their perfectly pampered life into joining Vic in a hilarious, high-stakes heist.",7.0,1446,10.8334,en,/p6AbOJvMQhBmffd0PIv0u8ghWeY.jpg
Red One,Movie,2024,"After Santa Claus (codename: Red One) is kidnapped, the North Pole's Head of Security must team up with the world's most infamous tracker in a globe-trotting, action-packed mission to save Christmas.",6.981,3061,9.3902,en,/cdqLnri3NEGcmfnqwk2TSIYtddg.jpg
Challengers,Movie,2024,"Tennis player turned coach Tashi has taken her husband, Art, and transformed him into a world-famous Major champion. To jolt him out of his recent losing streak, she signs him up for a ""Challenger"" event — close to the lowest level of pro tournament — where he finds himself standing across the net from his former best friend and Tashi's former boyfriend.",6.909,2709,9.3628,en,/H6vke7zGiuLsz4v4RPeReb9rsv.jpg
Lamas,Movie,2024,"In a small-town bakery, Mona feels trapped under her domineering father, Adon. Lina, a new employee rocks Mona's world and sparks desire. But Adon has other plans for his daughter. Torn between duty and passion, Mona must choose her own path.",6.5,2,9.599,tl,/ihirA7Tr5ijAolHZiZYMwbrX2sm.jpg
Oddity,Movie,2024,"After the brutal murder of her twin sister, Darcy goes after those responsible by using haunted items as her tools for revenge.",6.688,812,9.0425,en,/3Z9c1tbUhP0QruRjczPHnbx3U2D.jpg
Hidden Face,Movie,2024,"Su-yeon, a cellist in an orchestra led by her fiancé and conductor Sung-jin, disappears one day, leaving behind only a video recording. Sung-jin is devasted over the loss of Su-yeon, but feels a strong attraction to Mi-ju, a cellist who fills in for his fiancée. Then one rainy night, Sung-jin and Mi-ju get swept away by their mutual desires for each other and commit an unforgivable act at Su-yeon's house.",5.127,67,9.6653,ko,/slRaAeEWbU8gM834X10qNhBhVIv.jpg
Boss Ma'am,Movie,2024,"V.A.D. and Charm try to outplay each other in a game of deceit. When a terror female boss was blackmailed by her assistant, she has no choice but to obey and play with her.",6.5,10,10.2682,tl,/i2dtlAOk8OEFW8yM82h4Bp0BCUU.jpg
The Brutalist,Movie,2024,"When an innovative modern architect flees post-war Europe, he is given the opportunity to rebuild his legacy. Set during the dawn of the modern United States (in Pennsylvania), his wife joins him, and their lives are forever changed by a demanding, wealthy patron.",6.952,1681,11.2048,en,/vP7Yd6couiAaw9jgMd5cjMRj3hQ.jpg
Smile 2,Movie,2024,"About to embark on a new world tour, global pop sensation Skye Riley begins experiencing increasingly terrifying and inexplicable events. Overwhelmed by the escalating horrors and the pressures of fame, Skye is forced to face her dark past to regain control of her life before it spirals out of control.",6.59,2203,8.7607,en,/ht8Uv9QPv9y7K0RvUyJIaXOZTfd.jpg
Civil War,Movie,2024,"In the near future, a group of war journalists attempt to survive while reporting the truth as the United States stands on the brink of civil war.",6.858,4371,24.6073,en,/sh7Rg8Er3tFcN9BpKIPOMvALgZd.jpg
Elevation,Movie,2024,"Post-apocalyptic survivors find refuge in the Rocky Mountains to hide from giant, insect-like creatures that can't live above 8,000 feet. However, when one of them needs life-saving supplies, they risk it all to venture into the danger zone.",6.4,1004,9.5567,en,/tnfc0NJ3BzhJrGJhkkEd6MHBdq5.jpg
Transformers One,Movie,2024,"The untold origin story of Optimus Prime and Megatron, better known as sworn enemies, but once were friends bonded like brothers who changed the fate of Cybertron forever.",7.969,1654,9.4025,en,/iRCgqpdVE4wyLQvGYU3ZP7pAtUc.jpg
Exhuma,Movie,2024,"After tracing the origin of a disturbing supernatural affliction to a wealthy family's ancestral gravesite, a team of paranormal experts relocates the remains—and soon discovers what happens to those who dare to mess with the wrong grave.",7.632,722,9.5655,ko,/6dasJ58GGFcC62H9KuukAryltUp.jpg
Madame de Sévigné,Movie,2024,"In the middle of the 17th century, the Marquise de Sévigné wanted to make her daughter a brilliant and independent woman in her own image. But the more she tries to control the young woman's destiny, the more she alienates her. Mother and daughter then experience the throes of a singular and devastating passion. A major work of French literature is born from this devastation.",5.146,41,9.4411,fr,/v4satMrWuYPdTTB4nP0LKxQmZRP.jpg
Descendants: The Rise of Red,Movie,2024,"After the Queen of Hearts incites a coup on Auradon, her rebellious daughter Red and Cinderella's perfectionist daughter Chloe join forces and travel back in time to try to undo the traumatic event that set Red's mother down her villainous path.",6.733,486,9.2947,en,/8fYluTtB3b3HKO7KQa5tzrvGaps.jpg
Damsel,Movie,2024,A young woman's marriage to a charming prince turns into a fierce fight for survival when she's offered up as a sacrifice to a fire-breathing dragon.,6.983,2810,8.8311,en,/AgHbB9DCE9aE57zkHjSmseszh6e.jpg
Look Back,Movie,2024,"Popular, outgoing Fujino is celebrated by her classmates for her funny comics in the class newspaper. One day, her teacher asks her to share the space with Kyomoto, a truant recluse whose beautiful artwork sparks a competitive fervor in Fujino. What starts as jealousy transforms when Fujino realizes their shared passion for drawing.",8.156,587,8.6819,ja,/4f2EcNkp1Mvp9wE5w7HKxcmACWg.jpg
Beetlejuice Beetlejuice,Movie,2024,"After a family tragedy, three generations of the Deetz family return home to Winter River. Still haunted by Betelgeuse, Lydia's life is turned upside down when her teenage daughter, Astrid, accidentally opens the portal to the Afterlife.",6.931,3156,8.311,en,/kKgQzkUCnQmeTPkyIwHly2t6ZFI.jpg
Blink Twice,Movie,2024,"When tech billionaire Slater King meets cocktail waitress Frida at his fundraising gala, he invites her to join him and his friends on a dream vacation on his private island. But despite the epic setting, beautiful people, ever-flowing champagne, and late-night dance parties, Frida can sense that there’s something sinister hiding beneath the island’s lush façade.",6.686,1939,8.2764,en,/lZGOK0I2DJSRlEPNOAFTSNxSjDD.jpg
Winnie-the-Pooh: Blood and Honey 2,Movie,2024,"Five months following the murders, Christopher Robin struggles to maintain a regular life while dealing with PTSD. However, deep within the 100-Acre-Wood, a destructive rage grows as Pooh, Piglet, Owl, and Tigger find their home and their lives endangered after their existence is revealed.",5.8,480,8.2262,en,/2sADrLwMQof6yYmrJRSa04tFZuS.jpg
Abigail,Movie,2024,"A group of criminals kidnap a teenage ballet dancer, the daughter of a notorious gang leader, in order to obtain a ransom of $50 million, but over time, they discover that she is not just an ordinary girl. After the kidnappers begin to diminish, one by one, they discover, to their increasing horror, that they are locked inside with no normal little girl.",6.666,2109,8.0579,en,/5gKKSoD3iezjoL7YqZONjmyAiRA.jpg
Hestia 19,Movie,2024,,10.0,1,7.926,fr,/o7xXPUaVp9I1J7bHHPCJGZ3LPJm.jpg
The Roundup: Punishment,Movie,2024,'Monster Cop' Ma Seok-do investigates an illegal online gambling business led by a former STS Baek and an IT genius CEO Chang. Ma proposes an unexpected alliance to Jang and begins hunting down the criminals.,7.2,249,7.848,ko,/kfdVbOzwsKy65eaizDnBfxAJ95p.jpg
It Ends with Us,Movie,2024,"When a woman's first love suddenly reenters her life, her relationship with a charming, but abusive neurosurgeon is upended, and she realizes she must learn to rely on her own strength to make an impossible choice for her future.",6.951,1971,7.8026,en,/AjV6jFJ2YFIluYo4GQf13AA1tqu.jpg
The Watchers,Movie,2024,"A young artist gets stranded in an extensive, immaculate forest in western Ireland, where, after finding shelter, she becomes trapped alongside three strangers, stalked by mysterious creatures each night.",6.352,1625,7.7248,en,/vZVEUPychdvZLrTNwWErr9xZFmu.jpg
Madame Web,Movie,2024,"Forced to confront revelations about her past, paramedic Cassandra Webb forges a relationship with three young women destined for powerful futures...if they can all survive a deadly present.",5.286,2598,7.654,en,/rULWuutDcN5NvtiZi4FRPzRYWSh.jpg
Paddington in Peru,Movie,2024,"Paddington travels to Peru to visit his beloved Aunt Lucy, who now resides at the Home for Retired Bears. With the Brown Family in tow, a thrilling adventure ensues when a mystery plunges them into an unexpected journey through the Amazon rainforest and up to the mountain peaks of Peru.",6.806,703,7.6166,en,/1ffZAucqfvQu36x1C49XfOdjuOG.jpg
Tobi Zertrennguru,Movie,2024,,10.0,1,7.5528,en,/qbuZbvv0mGejHYR719k0ZysEQ45.jpg
Survive,Movie,2024,A couple celebrates their son’s birthday in the middle of the ocean on their boat. A violent storm hits and it brings up hungry creatures from the depths and they fight for their survival.,5.865,388,7.476,fr,/7fR3KxswtY8OHHZuOUB9td58CRX.jpg
Twisters,Movie,2024,"As storm season intensifies, the paths of former storm chaser Kate Carter and reckless social-media superstar Tyler Owens collide when terrifying phenomena never seen before are unleashed. The pair and their competing teams find themselves squarely in the paths of multiple storm systems converging over central Oklahoma in the fight of their lives.",6.773,3024,7.4049,en,/pjnD08FlMAIXsfOLKQbvmO0f0MD.jpg
Upgraded,Movie,2024,"Ana is an ambitious intern dreaming of a career in the art world while trying to impress her demanding boss Claire. When she's upgraded to first class on a work trip, she meets handsome Will, and Ana pretends to be her boss– a white lie that sets off a glamorous chain of events, romance and opportunity, until her fib threatens to surface.",7.17,1023,7.3956,en,/uhOXS17gRpTwA85WsZLlYFK3rz0.jpg
Joker: Folie à Deux,Movie,2024,"While struggling with his dual identity, Arthur Fleck not only stumbles upon true love, but also finds the music that's always been inside him.",5.406,2951,7.366,en,/aciP8Km0waTLXEYf5ybFK5CSUxl.jpg
Stand Up My Husband!,Movie,2024,,9.0,1,7.3141,ko,/6GzBmkYRMirSjXyBv3tmB5WcTrh.jpg
Striking Rescue,Movie,2024,A veteran Muay Thai expert goes on a take-no-prisoners mission of revenge after his wife and daughter are brutally murdered by mysterious forces.,7.456,170,7.2846,zh,/nML8rOI4GOiiEsXgknuhZeUF8M7.jpg
Borderlands,Movie,2024,"Returning to her home planet, an infamous bounty hunter forms an unexpected alliance with a team of unlikely heroes. Together, they battle monsters and dangerous bandits to protect a young girl who holds the key to unimaginable power.",5.587,1509,7.1524,en,/4JGoZu1ZKFpMJTWAP35PCfkMgu8.jpg
The Lord of the Rings: The War of the Rohirrim,Movie,2024,"A sudden attack by Wulf, a clever and traitorous lord of Rohan seeking vengeance for the death of his father, forces Helm Hammerhand, the King of Rohan, and his people to make a daring last stand in the ancient stronghold of the Hornburg.",6.547,872,7.0607,en,/hE9SAMyMSUGAPsHUGdyl6irv11v.jpg
My Hero Academia: You're Next,Movie,2024,"In a society devastated by the effects of an all-out war between heroes and villains, a mysterious giant fortress suddenly appears, engulfing towns and people one after another. Then, a man reminiscent of All Might, the 'symbol of peace', stands in front of Izuku and his friends...",7.187,222,7.0567,ja,/tTrI6PwqzxkgO3dvQ7BEKXM7SYR.jpg
Longlegs,Movie,2024,"FBI Agent Lee Harker is a gifted new recruit assigned to the unsolved case of an elusive serial killer. As the case takes complex turns, unearthing evidence of the occult, Harker discovers a personal connection to the merciless killer and must race against time to stop him before he claims the lives of another innocent family.",6.521,2703,7.0263,en,/1EwNyiiNFd863H4e8nWEzutnZD7.jpg
Ghostbusters: Frozen Empire,Movie,2024,"The Spengler family returns to where it all started - the iconic New York City firehouse - to team up with the original Ghostbusters, who've developed a top-secret research lab to take busting ghosts to the next level. But when the discovery of an ancient artifact unleashes an evil force, Ghostbusters new and old must join forces to protect their home and save the world from a second Ice Age.",6.457,2197,6.9867,en,/e1J2oNzSBdou01sUvriVuoYp0pJ.jpg
Heretic,Movie,2024,"Two young missionaries are forced to prove their faith when they knock on the wrong door and are greeted by a diabolical Mr. Reed, becoming ensnared in his deadly game of cat-and-mouse.",6.974,2689,6.9288,en,/fr96XzlzsONrQrGfdLMiwtQjott.jpg
Night Shift,Movie,2024,"A young nurse with a domestic abuse past starts working the night shift at a small hospital, where, during the night, the ghost of a nurse materializes.",6.399,188,6.9017,es,/jnX2JQIbYwCLhHenhQFBFw6fozR.jpg
Tarot,Movie,2024,"When a group of friends recklessly violate the sacred rule of Tarot readings, they unknowingly unleash an unspeakable evil trapped within the cursed cards. One by one, they come face to face with fate and end up in a race against death.",6.357,1421,6.7573,en,/gAEUXC37vl1SnM7PXsHTF23I2vq.jpg
FROM,TV Show,2024,"Unravel the mystery of a nightmarish town in middle America that traps all those who enter. As the unwilling residents fight to keep a sense of normalcy and search for a way out, they must also survive the threats of the surrounding forest – including the terrifying creatures that come out when the sun goes down.",8.505,3872,765.3461,en,/pRtJagIxpfODzzb0T0NAvZSzErC.jpg
House of the Dragon,TV Show,2024,"The Targaryen dynasty is at the absolute apex of its power, with more than 15 dragons under their yoke. Most empires crumble from such heights. In the case of the Targaryens, their slow fall begins when King Viserys breaks with a century of tradition by naming his daughter Rhaenyra heir to the Iron Throne. But when Viserys later fathers a son, the court is shocked when Rhaenyra retains her status as his heir, and seeds of division sow friction across the realm.",8.4,6413,494.1472,en,/7V0Ebks0GgpKvQ7QbLAIdX5dos4.jpg
Xplay,TV Show,2024,"Xplay (previously GameSpot TV and Extended Play) is a TV program about video games. The program, known for its reviews and comedy skits, airs on G4 in the United States and had aired on G4 Canada in Canada (and briefly on YTV during its time as GameSpot TV), FUEL TV in Australia, Ego in Israel, GXT in Italy, MTV Russia & Rambler TV in Russia, Solar Sports in the Philippines and Adult Swim and MuchMusic in Latin America. The show ran between July 4, 1998, and January 23, 2013, and returned in November 2021 as a part of G4's relaunch.",8.0,3,400.4115,en,/7ynD7g4U9hOODu1Jzf6VN4zQc6a.jpg
Adam's Sweet Agony,TV Show,2024,"This is the story of a boy, who became the lone Adam among four billion Eves. In a world where a pandemic has rendered all men impotent, high school student Itsuki is the exception who escaped it. In order to protect this secret, he transfers to a very special high school, which turns out to be composed of 90% girls! There, he encounters an upbeat and friendly senior, a sexually frustrated female teacher, a tomboyish school 'prince,' and an heiress from a wealthy family. For Itsuki, who has his pick of any woman in the world, the question remains: which one will he choose?",6.786,35,311.8869,ja,/1n1ZP0KHXUSvVxZG63x7aOzmO4M.jpg
Law & Order: Special Victims Unit,TV Show,2024,"In the criminal justice system, sexually-based offenses are considered especially heinous. In New York City, the dedicated detectives who investigate these vicious felonies are members of an elite squad known as the Special Victims Unit. These are their stories.",7.95,4263,285.3782,en,/iofokHZoUB4Qhik4PflvJl8TT6a.jpg
Knot,TV Show,2024,"A young man’s life changes forever when a powerful Alpha marks him, binding their fates together in an inescapable bond.",9.0,1,281.4824,th,/8z62pp4K602d1y6079oU1GBeiAG.jpg
Off Campus,TV Show,2024,"Hannah Wells tutors hockey captain Garrett Graham to win over her crush. Their deal becomes real connection as they face their pasts. Friends Logan, Dean, Tucker, and Allie navigate college life and love.",8.964,600,262.9005,en,/cbODFqkcmRgrYH8NkG4Q4Hcg8Z1.jpg
Avatar: The Last Airbender,TV Show,2024,A young boy known as the Avatar must master the four elemental powers to save a world at war — and fight a ruthless enemy bent on stopping him.,7.804,1178,286.8657,en,/lzZpWEaqzP0qVA5nkCc5ASbNcSy.jpg
The Rookie,TV Show,2024,"Starting over isn't easy, especially for small-town guy John Nolan who, after a life-altering incident, is pursuing his dream of being an LAPD officer. As the force's oldest rookie, he's met with skepticism from some higher-ups who see him as just a walking midlife crisis.",8.552,3347,230.104,en,/70kTz0OmjjZe7zHvIDrq2iKW7PJ.jpg
Agent Kim Reactivated,TV Show,2024,"When an unassuming dad's daughter goes missing, he dusts off his old black-ops skills to track her down — only to attract the wrong kind of attention.",8.2,13,224.5247,ko,/jruaZAm1KjkFRhgRcdF8tqakhpH.jpg
Law & Order,TV Show,2024,"In cases ripped from the headlines, police investigate serious and often deadly crimes, weighing the evidence and questioning the suspects until someone is taken into custody. The district attorney's office then builds a case to convict the perpetrator by proving the person guilty beyond a reasonable doubt. Working together, these expert teams navigate all sides of the complex criminal justice system to make New York a safer place.",7.3,693,209.9667,en,/haJ9eHytVO3H3JooMJG1DiWwDNm.jpg
Never-Ending Summer,TV Show,2024,"To save her gravely ill grandmother, top student Zhou Wan approaches her mother's stepson, Lu Xixiao, for funds. They fall for each other over the summer after graduation but are torn apart by misunderstandings in reality. Ten years later, they reunite at work. Though Lu Xixiao harbors resentment, his love for Zhou Wan remains. As they uncover the truth behind a ""factory accident,"" they resolve their differences and reunite.",9.0,2,203.4975,zh,/2b4rQPbFY8BnL9xuQKaT3ZELlqx.jpg
Notes from the Last Row,TV Show,2024,"A literature professor discovers a student's talent and offers him writing lessons — but as he sinks into the story, their sessions spiral into chaos.",8.625,16,205.4955,ko,/paRFCxAJRZOypfgnzYLo6KH5jjO.jpg
Dutton Ranch,TV Show,2024,"Rip Wheeler and Beth Dutton gamble everything on a new life in South Texas, but the promise of building a future far from the ghosts of Yellowstone quickly collides with brutal new realities and a rival ranch that will stop at nothing to protect its empire.",9.3,339,213.0244,en,/xsiecCxd8lkcAluw0wWwbW5CwSv.jpg
Grey's Anatomy,TV Show,2024,Follows the personal and professional lives of a group of doctors at Seattle's Grey Sloan Memorial Hospital.,8.21,10948,213.0097,en,/hjJkrLXhWvGHpLeLBDFznpBTY1S.jpg
NCIS,TV Show,2024,"From murder and espionage to terrorism and stolen submarines, a team of special agents investigates any crime that has any connection to Navy and Marine Corps personnel, regardless of rank or position.",7.618,2523,205.3894,en,/mBcu8d6x6zB1el3MPNl7cZQEQ31.jpg
Supernatural,TV Show,2024,"When they were boys, Sam and Dean Winchester lost their mother to a mysterious and demonic supernatural force. Subsequently, their father raised them to be soldiers. He taught them about the paranormal evil that lives in the dark corners and on the back roads of America ... and he taught them how to kill it. Now, the Winchester brothers crisscross the country in their '67 Chevy Impala, battling every kind of supernatural threat they encounter along the way. ",8.311,8501,219.0527,en,/8iixmfGx5EIFPdpNvB2JvI3VIqX.jpg
The Boys,TV Show,2024,A group of vigilantes known informally as “The Boys” set out to take down corrupt superheroes with no more than blue-collar grit and a willingness to fight dirty.,8.448,13022,216.8543,en,/in1R2dDc421JxsoRWaIIAqVI2KE.jpg
The Mentalist,TV Show,2024,"Patrick Jane, a former celebrity psychic medium, uses his razor sharp skills of observation and expertise at ""reading"" people to solve serious crimes with the California Bureau of Investigation.",8.357,4374,206.0103,en,/acYXu4KaDj1NIkMgObnhe4C4a0T.jpg
Game of Thrones,TV Show,2024,"Seven noble families fight for control of the mythical land of Westeros. Friction between the houses leads to full-scale war. All while a very ancient evil awakens in the farthest north. Amidst the war, a neglected military order of misfits, the Night's Watch, is all that stands between the realms of men and icy horrors beyond.",8.464,27138,207.6338,en,/1XS1oqL89opfnbLl8WnZY1O1uJx.jpg
Family Guy,TV Show,2024,"Sick, twisted, politically incorrect and Freakin' Sweet animated series featuring the adventures of the dysfunctional Griffin family. Bumbling Peter and long-suffering Lois have three kids. Stewie (a brilliant but sadistic baby bent on killing his mother and taking over the world), Meg (the oldest, and is the most unpopular girl in town) and Chris (the middle kid, he's not very bright but has a passion for movies). The final member of the family is Brian - a talking dog and much more than a pet, he keeps Stewie in check whilst sipping Martinis and sorting through his own life issues.",7.406,4995,195.3882,en,/3PFsEuAiyLkWsP4GG6dIV37Q6gu.jpg
The Simpsons,TV Show,2024,"Set in Springfield, the average American town, the show focuses on the antics and everyday adventures of the Simpson family; Homer, Marge, Bart, Lisa and Maggie, as well as a virtual cast of thousands. Since the beginning, the series has been a pop culture icon, attracting hundreds of celebrities to guest star. The show has also made name for itself in its fearless satirical take on politics, media and American life in general.",8.019,10847,188.7205,en,/uWpG7GqfKGQqX4YMAo3nv5OrglV.jpg
Teach You a Lesson,TV Show,2024,An inspector from the Educational Rights Protection Bureau (ERPB) who is authorized by the government to use physical intervention and unconventional methods to discipline delinquent students and reform the educational system.,9.475,560,182.5171,ko,/fMECSPrTmRClSViMsXFYmiYIcWP.jpg
A Girl's Guide to 21st Century Sex,TV Show,2024,"A Girl's Guide to 21st Century Sex is a documentary TV series about sex, which ran in eight episodes on Channel 5 and was presented by Dr Catherine Hood. The 45-minute long episodes were broadcast on Monday nights. The series started on 30 October 2006, with the final programme broadcast on 18 December 2006.

Each episode explained a sex position and covered a sexually transmitted disease. Additionally, the following topics were discussed: sex among handicapped and overweight people, penis enlargement devices, penis enlargement surgery, sexual violence against men and penis removal, tantric sex, the g-spot, erectile dysfunction, sex reassignment surgery, cosmetic surgery of the vagina, swinging, lichen sclerosus, the use of recreational drugs during sex, male homosexual sex in public toilets, full body plastic wrap bondage, and sex dolls.",5.2,18,180.7022,en,/9NSX2YrFGBIih0XqRedsSbDVx4U.jpg
Criminal Minds,TV Show,2024,"An elite team of FBI profilers analyze the country's most twisted criminal minds, anticipating their next moves before they strike again. The Behavioral Analysis Unit's most experienced agent is David Rossi, a founding member of the BAU who returns to help the team solve new cases.",8.303,4103,172.0989,en,/hWSb4UnIjlTvnvrP98NbFSO60HA.jpg
The Polygamist,TV Show,2024,"Social media darling, Joyce, is the picture of marital perfection — until her cheating husband's conquests ignite a scandalous emotional meltdown.",8.754,63,169.0685,zu,/emnQZe22rYBCsbZ7h1TUAkYEzrZ.jpg
Souryo to Majiwaru Shikiyoku no Yoru ni...,TV Show,2024,"At a high school reunion, Mio Fukatani reunites with a classmate she has not seen in years—Takahide Kujou. She had always wanted to know more about the kind-hearted boy in high school, but once she realizes that Kujou has become a monk, she believes that any chance of getting to know him romantically is slim. Deciding to drink away her sorrows, she ends up walking home drunk, and surprisingly, running into Kujou who helps her get home.

However, once inside, Kujou's lust for Mio becomes apparent and the two share an erotic night of passion. As this steamy romance blossoms between these two unlikely lovers, Mio and Kujou will undoubtedly spend many nights together in utter ecstasy.",5.3,14,167.2914,ja,/ueI9EeoRdMVa7hWEm21nQEU8Zv3.jpg
Overflow,TV Show,2024,"Kazushi Sudou is a university student who is visited by his two childhood friends, the sisters Ayane and Kotone Shirakawa. When Ayane discovers that Kazushi not only forgot to buy her pudding but is also using her special lotion in the bath, she decides to take revenge and join Kazushi in his bath along with Kotone. Will the perverted Kazushi be able to remain indifferent to them both?",7.3,88,160.1696,ja,/8RtwL5gxUvh9YViqjhNlVRvJpum.jpg
Raakh,TV Show,2024,"When two teenagers vanish, a close-knit family is shattered and the city is left on edge. Determined to uncover the truth, a relentless officer leads a nationwide manhunt that pulls him deep into a world of violence and human depravity.",9.143,7,156.5636,hi,/5MbNy94ia4ZLf8OGtSfSjjlxxWN.jpg
Sesame Street,TV Show,2024,"On a special inner city street, the inhabitants—human and muppet—teach preschoolers basic educational and social concepts using comedy, cartoons, games, and songs.",7.13,284,154.3658,en,/14k9BfZ2p4rQBMeJ5crKTfUZVwD.jpg
Rick and Morty,TV Show,2024,Follows a sociopathic genius scientist who drags his inherently timid grandson on adventures across the universe.,8.678,11038,153.6188,en,/owhkU6KRqdXoUQpjV8uyZGPtX58.jpg
Hunter x Hunter,TV Show,2024,"Gon Freecss discovers that the father he had always been told was dead was actually alive the whole time. Ging is a famous Hunter: an individual who has proven themself an elite member of humanity. Gon becomes determined to follow in his father's footsteps, pass the rigorous Hunter Examination.",8.442,214,153.411,ja,/eobAuhCJA8oRp814V67WhezVXtQ.jpg
Miraculous: Tales of Ladybug & Cat Noir,TV Show,2024,"Marinette and Adrien, two Parisian teenagers, are entrusted with powerful jewels in order to transform into superheroes Ladybug and Cat Noir. But neither hero knows the other's true identity — or that they're classmates!",8.058,4609,149.8966,fr,/acrtAy8gmxcsEvrDP09MpMSCeDZ.jpg
House,TV Show,2024,"Dr. Gregory House, a drug-addicted, unconventional, misanthropic medical genius, leads a team of diagnosticians at the fictional Princeton–Plainsboro Teaching Hospital in New Jersey.",8.566,7654,146.7527,en,/3Cz7ySOQJmqiuTdrc6CY0r65yDI.jpg
Midsomer Murders,TV Show,2024,"The peacefulness of the Midsomer community is shattered by violent crimes, suspects are placed under suspicion, and it is up to a veteran DCI and his young sergeant to calmly and diligently eliminate the innocent and ruthlessly pursue the guilty. ",7.5,357,146.128,en,/pz7tsWxe0TTdfJnWPjZAEnrSl5M.jpg
Stranger Things,TV Show,2024,"When a young boy vanishes, a small town uncovers a mystery involving secret experiments, terrifying supernatural forces, and one strange little girl.",8.6,21382,144.7875,en,/uOOtwVbSr4QDjAGIifLDwpb2Pdl.jpg
6 Lovers,TV Show,2024,"The July issue of Dear+ announced anime adaptions of a series of manga serialized in the magazine in celebration of the magazine's 20th anniversary. Six anime series are collected into an ""in motion"" series titled ""6 Lovers.""",8.3,3,143.0365,ja,/6QCUTINWv4rxmWs6EGYDjqawU8c.jpg
Gram Chikitsalay,TV Show,2024,"The young, idealistic and brilliant Dr. Prabhat, takes charge of a neglected Primary Health Centre in a North India Village hoping to bring about much needed changes only to realise it is he who will have do change before anything else.",6.25,12,142.5123,hi,/peRHZYhvuA6MLTJkpf5nIjgsWx5.jpg
Minnale,TV Show,2024,,0.0,0,139.9211,ta,/wACr0ARXdPXZeakkw2ecg4PrDId.jpg
Breaking Bad,TV Show,2024,"Walter White, a New Mexico chemistry teacher, is diagnosed with Stage III cancer and given a prognosis of only two years left to live. He becomes filled with a sense of fearlessness and an unrelenting desire to secure his family's financial future at any cost as he enters the dangerous world of drugs and crime.",8.947,18027,138.7191,en,/ztkUQFLlC19CCMYHW9o1zWhJRNq.jpg
S.W.A.T.,TV Show,2024,"A Los Angeles S.W.A.T. sergeant is assigned to lead a highly skilled unit in the community where he grew up. Torn between loyalty to the streets, where the cops are sometimes the enemy, and allegiance to his brothers in blue, he strategically straddles the two worlds.",8.041,1575,138.3737,en,/1l7vsAIkqOzrqiPwjO27Cb5QdfJ.jpg
I Will Find You,TV Show,2024,"Wrongfully imprisoned for murdering his own son, a father sets out on a desperate rescue mission after learning the boy may still be alive.",8.31,175,137.9621,en,/pb9oYHHNzauiCQZT03MpDAg46GI.jpg
Bones,TV Show,2024,"Dr. Temperance Brennan and her colleagues at the Jeffersonian's Medico-Legal Lab assist Special Agent Seeley Booth with murder investigations when the remains are so badly decomposed, burned or destroyed that the standard identification methods are useless.",8.187,3515,137.4938,en,/eyTu5c8LniVciRZIOSHTvvkkgJa.jpg
Smallville,TV Show,2024,The origins of the world’s greatest hero–from Krypton refugee Kal-el’s arrival on Earth through his tumultuous teen years to Clark Kent’s final steps toward embracing his destiny as the Man of Steel.,8.191,4491,137.0342,en,/mHZSq8LA5Dt48JjaOZ5tcPXQRVN.jpg
CSI: Crime Scene Investigation,TV Show,2024,"A Las Vegas team of forensic investigators are trained to solve criminal cases by scouring the crime scene, collecting irrefutable evidence and finding the missing pieces that solve the mystery.",7.6,1393,136.4544,en,/i5hmoRjHNWady4AtAGICTUXknKH.jpg
Yellowstone,TV Show,2024,"Follow the violent world of the Dutton family, who controls the largest contiguous ranch in the United States. Led by their patriarch John Dutton, the family defends their property against constant attack by land developers, an Indian reservation, and America’s first National Park.",8.269,3191,135.9528,en,/vOYfRZ0NpUK5hG2CB2dJFnYJlGe.jpg
Secret Mission - Undercover Agents Never Back Down!,TV Show,2024,"Narcotics Enforcement Agent Riko Ikazuchi is undercover with her junior colleague Noma in an apartment that serves as the hideout for a criminal organization. Despite Riko and Noma posing as a newlywed couple, the criminals begin to suspect them after not hearing any marital intimacy during the night. To convince them that they are a loving couple, Noma starts touching Riko's body...",6.1,25,135.8157,ja,/xZV8e1iKi85PFZlbQBdznvtpAVJ.jpg
Shameless,TV Show,2024,"Chicagoan Frank Gallagher is the proud single dad of six smart, industrious, independent kids, who without him would be... perhaps better off. When Frank's not at the bar spending what little money they have, he's passed out on the floor. But the kids have found ways to grow up in spite of him. They may not be like any family you know, but they make no apologies for being exactly who they are.",8.169,3369,135.6926,en,/ifo31fMWLmyOVpdak9K0kY4jldQ.jpg
The Blacklist,TV Show,2024,"Raymond ""Red"" Reddington, one of the FBI's most wanted fugitives, surrenders in person at FBI Headquarters in Washington, D.C. He claims that he and the FBI have the same interests: bringing down dangerous criminals and terrorists. In the last two decades, he's made a list of criminals and terrorists that matter the most but the FBI cannot find because it does not know they exist. Reddington calls this ""The Blacklist"". Reddington will co-operate, but insists that he will speak only to Elizabeth Keen, a rookie FBI profiler.",7.634,3608,131.7577,en,/4HTfd1PhgFUenJxVuBDNdLmdr0c.jpg
American Dad!,TV Show,2024,"The series focuses on an eccentric motley crew that is the Smith family and their three housemates: Father, husband, and breadwinner Stan Smith; his better half housewife, Francine Smith; their college-aged daughter, Hayley Smith; and their high-school-aged son, Steve Smith. Outside of the Smith family, there are three additional main characters, including Hayley's boyfriend turned husband, Jeff Fischer; the family's man-in-a-goldfish-body pet, Klaus; and most notably the family's zany alien, Roger, who is ""full of masquerades, brazenness, and shocking antics.""",7.011,2385,127.4298,en,/eb9sH2am9IUSQ8GhXTNAVoujk8W.jpg
CHILL CLUB 推介,TV Show,2024,,0.0,0,124.0979,cn,/3n0cY8IQTtFf8JSGpVrYbfcR0Wa.jpg
Prison Break,TV Show,2024,"Due to a political conspiracy, an innocent man is sent to death row and his only hope is his brother, who makes it his mission to deliberately get himself sent to the same prison in order to break the both of them out, from the inside out.",8.068,5992,123.1362,en,/wnmNPaLvhnMeOqnWlhNkYCZxtda.jpg
The Bear,TV Show,2024,"Carmy, a young fine-dining chef, comes home to Chicago to run his family sandwich shop. As he fights to transform the shop and himself, he works alongside a rough-around-the-edges crew that ultimately reveal themselves as his chosen family.",8.137,1777,122.9638,en,/eKfVzzEazSIjJMrw9ADa2x8ksLz.jpg
The Prosecutor's Proposal,TV Show,2024,"A victim’s son and a killer’s son reunite as a prosecutor and investigator, fighting systemic corruption while becoming each other's salvation.",0.0,0,122.2712,ko,/lK6DrnFecG0AsA8O5UqEYOrOArd.jpg
Vikings,TV Show,2024,"The adventures of Ragnar Lothbrok, the greatest hero of his age. The series tells the sagas of Ragnar's band of Viking brothers and his family, as he rises to become King of the Viking tribes. As well as being a fearless warrior, Ragnar embodies the Norse traditions of devotion to the gods. Legend has it that he was a direct descendant of Odin, the god of war and warriors.",8.096,7672,122.1404,en,/bQLrHIRNEkE3PdIWQrZHynQZazu.jpg
Lucifer,TV Show,2024,"Bored and unhappy as the Lord of Hell, Lucifer Morningstar abandoned his throne and retired to Los Angeles, where he has teamed up with LAPD detective Chloe Decker to take down criminals. But the longer he's away from the underworld, the greater the threat that the worst of humanity could escape.",8.433,15523,122.0408,en,/ekZobS8isE6mA53RAiGDG93hBxL.jpg
The Flash,TV Show,2024,"After being struck by lightning, CSI investigator Barry Allen awakens from a nine-month coma to discover he has been  granted the gift of super speed.  Teaming up with S.T.A.R. Labs, Barry takes on the persona of The Flash, the Fastest  Man Alive, to protect his city.",7.758,11643,121.2606,en,/yZevl2vHQgmosfwUdVNzviIfaWS.jpg
Arrow,TV Show,2024,"Spoiled billionaire playboy Oliver Queen is missing and presumed dead when his yacht is lost at sea. He returns five years later a changed man, determined to clean up the city as a hooded vigilante armed with a bow.",6.835,6361,121.0449,en,/u8ZHFj1jC384JEkTt3vNg1DfWEb.jpg
Suits,TV Show,2024,"While running from a drug deal gone bad, Mike Ross, a brilliant young college-dropout, slips into a job interview with one of New York City's best legal closers, Harvey Specter. Tired of cookie-cutter law school grads, Harvey takes a gamble by hiring Mike on the spot after he recognizes his raw talent and photographic memory.",8.222,5760,118.5691,en,/vQiryp6LioFxQThywxbC6TuoDjy.jpg
The Office,TV Show,2024,"The everyday lives of office employees in the Scranton, Pennsylvania branch of the fictional Dunder Mifflin Paper Company.",8.6,5260,118.494,en,/7DJKHzAi83BmQrWLrYYOqcoKfhR.jpg
Dexter,TV Show,2024,"Dexter Morgan, a blood spatter pattern analyst for the Miami Metro Police also leads a secret life as a serial killer, hunting down criminals who have slipped through the cracks of justice.",8.239,5603,115.5211,en,/q8dWfc4JwQuv3HayIZeO84jAXED.jpg
Friends,TV Show,2024,"Six young people from New York City, on their own and struggling to survive in the real world, find the companionship, comfort and support they get from each other to be the perfect antidote to the pressures of life.",8.418,9170,115.4045,en,/2koX1xLkpTQM4IZebYvKysFW1Nh.jpg
Watch What Happens Live with Andy Cohen,TV Show,2024,Bravo network executive Andy Cohen discusses pop culture topics with celebrities and reality show personalities.,5.0,87,115.3725,en,/onSD9UXfJwrMXWhq7UY7hGF2S1h.jpg
Running Man,TV Show,2024,"These days, as variety shows are gradually disappearing, this is one of Korea’s representative variety shows that has been responsible for Sunday evenings for over 10 years. This program features numerous stars and members going around various places, playing games, and completing missions. In particular, among the many fun elements of variety shows, this one focuses solely on laughter.

Open your eyes! Big fun is coming in!

Open your mouth! Big laughter is coming in!

Open your heart! Useful lessons are coming in!",8.2,213,115.0627,ko,/2Wmmu1MkqxJ48J7aySET9EKEjXz.jpg
The Last Ship,TV Show,2024,"Their mission is simple: Find a cure. Stop the virus. Save the world. When a global pandemic wipes out eighty percent of the planet's population, the crew of a lone naval destroyer must find a way to pull humanity from the brink of extinction.",6.864,1033,113.4998,en,/xH529hDtPxhslAEeCrN7gD64ZMX.jpg
Doctor Who,TV Show,2024,"The Doctor is a Time Lord: a 900 year old alien with 2 hearts, part of a gifted civilization who mastered time travel. The Doctor saves planets for a living—more of a hobby actually, and the Doctor's very, very good at it.",7.6,3387,112.4783,en,/m6G92osOtSeXwjSfL21jZCUOvxe.jpg
Euphoria,TV Show,2024,"A group of high school students navigate love and friendships in a world of drugs, sex, trauma, and social media.",8.284,10910,111.6242,en,/ypmtwojDd751Peszi62DVLytqqC.jpg
Modern Family,TV Show,2024,"The Pritchett-Dunphy-Tucker clan is a wonderfully large and blended family. They give us an honest and often hilarious look into the sometimes warm, sometimes twisted, embrace of the modern family.",7.912,3394,110.9765,en,/k5Qg5rgPoKdh3yTJJrLtyoyYGwC.jpg
Renegade Immortal,TV Show,2024,"It tells the story of Wang Lin, an ordinary young man in the countryside, who is moved by his heart and cultivates against immortality. His pursuit is not only for longevity, but also for getting rid of the ants behind it. He firmly believed in human beings and entered the path of cultivation with mediocre qualifications. After experiencing ups and downs, with his wise mind, he gradually reached the pinnacle and became famous in the cultivation world with his own strength.",8.4,37,110.799,zh,/2jEJSCLFjniFT7z4YvyY9Ywo1lc.jpg
"Crazy Love, Moo-Moo!",TV Show,2024,"To drive away a persistent admirer, MooMoo interns at his hotel to show off his worst habits, only to find himself falling for the man he hates.",7.5,2,109.7072,th,/bpj6cELj5j3SzkMoncQCYDY19Ve.jpg
The Walking Dead,TV Show,2024,Sheriff's deputy Rick Grimes awakens from a coma to find a post-apocalyptic world dominated by flesh-eating zombies. He sets out to find his family and encounters many other survivors along the way.,8.086,17921,109.0172,en,/aN29llVoCFtBTwDZFtqdD9d8dHb.jpg
The Sopranos,TV Show,2024,"The story of New Jersey-based Italian-American mobster Tony Soprano and the difficulties he faces as he tries to balance the conflicting requirements of his home life and the criminal organization he heads. Those difficulties are often highlighted through his ongoing professional relationship with psychiatrist Jennifer Melfi. The show features Tony's family members and Mafia associates in prominent roles and story arcs, most notably his wife Carmela and his cousin and protégé Christopher Moltisanti.",8.673,3514,107.3645,en,/rTc7ZXdroqjkKivFPvCPX0Ru7uw.jpg
Jimihen!! Jimiko o Kae Chau Jun Isei Kouyuu,TV Show,2024,"The story follows Rena Yukuhasahi, a reserved office lady and Ryouhei Hachiya, a businessman and fellow colleague. Yukuhasahi appears to be the most reserved girl in the company, but becomes a super beautiful woman when she dresses up. Flustered in the presence of her transformed self, Hachiya insists on taking her out, only to find themselves in front of a love hotel.",6.4,25,106.687,ja,/to5FshluwPdO9d3Ucs7fagJL7OU.jpg
Resort,TV Show,2024,A debt-ridden room service boy rises to challenge a ruthless kitchen at a luxurious beachside haven.,0.0,0,106.2553,ta,/cL7iOwqapRRb7eKKlXI4FDaP6rh.jpg
JUJUTSU KAISEN,TV Show,2024,"Yuji Itadori is a boy with tremendous physical strength, though he lives a completely ordinary high school life. One day, to save a classmate who has been attacked by curses, he eats the finger of Ryomen Sukuna, taking the curse into his own soul. From then on, he shares one body with Ryomen Sukuna. Guided by the most powerful of sorcerers, Satoru Gojo, Itadori is admitted to Tokyo Jujutsu High School, an organization that fights the curses... and thus begins the heroic tale of a boy who became a curse to exorcise a curse, a life from which he could never turn back.",8.578,4508,104.7259,ja,/fHpKWq9ayzSk8nSwqRuaAUemRKh.jpg
Reacher,TV Show,2024,"Jack Reacher, a veteran military police investigator, has just recently entered civilian life. Reacher is a drifter, carrying no phone and the barest of essentials as he travels the country and explores the nation he once served.",8.08,2900,104.5994,en,/31GlRQMiDunO8cl3NxTz34U64rf.jpg
Doraemon,TV Show,2024,"Robotic cat Doraemon is sent back in time from the 22nd century to protect 10-year-old Noby, a lazy and uncoordinated boy who is destined to have a tragic future. Doraemon can create secret gadgets from a pocket on his stomach, but they usually cause more bad than good because of Noby's propensity to misuse them.",8.067,232,104.3438,ja,/9ZN1P32SHviL3SV51qLivxycvcx.jpg
PAW Patrol,TV Show,2024,"Marshall, Rocky, Rubble, Zuma and Skye are doing their best to protect the people of their town. Led by Ryder, a tech-savvy 10-year-old boy, each of them is equipped with special equipment and together they help anyone who finds themselves in trouble. No task is too big for them and no puppy is too small.",7.0,812,103.337,en,/8HXkgUBO5OF8ZK9XbY69RM4S5rv.jpg
The Late Show with Stephen Colbert,TV Show,2024,"Stephen Colbert brings his signature satire and comedy to The Late Show with Stephen Colbert, the #1 show in late night, where he talks with an eclectic mix of guests about what is new and relevant in the worlds of politics, entertainment, business, music, technology, and more. Featuring bandleader Jon Batiste with his band Stay Human, the Emmy Award-nominated show is broadcast from the historic Ed Sullivan Theater.",6.093,356,101.5009,en,/9jkThAGYj2yp8jsS6Nriy5mzKFT.jpg
Kamen Rider,TV Show,2024,"Takeshi Hongo is a promising young man with a passion for motorcycle racing. However, his dreams are suddenly ruined when he gets kidnapped by Shocker, the evil secret organization planning to dominate the world. After being remodeled into a cyborg, Takeshi escapes and swears to protect the world from the inhuman monsters.",6.45,101,101.2794,ja,/2DIBDFHiKQawz4WPsYekl9DHwyA.jpg
Homeland,TV Show,2024,"CIA officer Carrie Mathison is tops in her field despite being bipolar, which makes her volatile and unpredictable. With the help of her long-time mentor Saul Berenson, Carrie fearlessly risks everything, including her personal well-being and even sanity, at every turn.",7.584,2594,100.8986,en,/6GAvS2e6VIRsms9FpVt33PsCoEW.jpg
Stargate SG-1,TV Show,2024,"The story of Stargate SG-1 begins about a year after the events of the feature film, when the United States government learns that an ancient alien device called the Stargate can access a network of such devices on a multitude of planets. SG-1 is an elite Air Force special operations team, one of more than two dozen teams from Earth who explore the galaxy and defend against alien threats such as the Goa'uld, Replicators, and the Ori.",8.268,1834,100.3684,en,/dQjmI7XxI47v8IM2MUysHG0LuU2.jpg
The Daily Show,TV Show,2024,"The World's Fakest News Team tackle the biggest stories in news, politics and pop culture.",6.405,641,99.8086,en,/ixcfyK7it6FjRM36Te4OdblAq4X.jpg
Grimm,TV Show,2024,"After Portland homicide detective Nick Burkhardt discovers he's descended from an elite line of criminal profilers known as ""Grimms,"" he increasingly finds his responsibilities as a detective at odds with his new responsibilities as a Grimm.",8.27,3558,99.3419,en,/iOptnt1QHi6bIHmOq6adnZTV0bU.jpg
Lost,TV Show,2024,"Stripped of everything, the survivors of a horrific plane crash must work together to stay alive. But the island holds many secrets.",7.958,5115,99.1839,en,/og6S0aTZU6YUJAbqxeKjCa3kY1E.jpg
Chicago Fire,TV Show,2024,"An edge-of-your-seat view into the lives of everyday heroes committed to one of America's noblest professions. For the firefighters, rescue squad and paramedics of Chicago Firehouse 51, no occupation is more stressful or dangerous, yet so rewarding and exhilarating. These courageous men and women are among the elite who forge headfirst into danger when everyone else is running the other way and whose actions make the difference between life and death.",8.4,2404,98.7013,en,/r915sk2JpthZSjHEgZKifWxgo6L.jpg
Desperate Housewives,TV Show,2024,"Looking down on her friends and family isn't a way of life for Mary Alice Young... it's a way of death. One day, in her perfect house, in the loveliest of suburbs, Mary Alice ended it all. Now she's taking us into the lives of her family, friends and neighbors, commenting from her elevated P.O.V.",7.9,2085,97.6028,en,/sywYmV9c9Vj2U7ocqNyfDt2pz3r.jpg
Harem in the Labyrinth of Another World,TV Show,2024,"High school student Michio Kaga was wandering aimlessly through life and the Internet, when he finds himself transported from a shady website to a fantasy world — reborn as a strong man who can use ""cheat"" powers. He uses his powers to become an adventurer, earn money, and get the right to claim girls that have idol-level beauty to form his very own harem.",7.3,156,97.5001,ja,/drAnsk5w2PX5x3ooPv7I2xr3ksq.jpg
The Tonight Show Starring Jimmy Fallon,TV Show,2024,"After Jay Leno's second retirement from the program, Jimmy Fallon stepped in as his permanent replacement. After 42 years in Los Angeles the program was brought back to New York.",5.802,378,96.9092,en,/1N4o5PmmqhlVDrcdJ2RlCFWbLGX.jpg
Slay the Gods,TV Show,2024,"""If the dark night comes to an end, I will stand in front of tens of thousands of people, slashing my sword into the abyss, staining the sky with blood!"" Have you ever thought that monsters from ancient myths lurk under the bright neon cities? Have you ever thought that above the moon hanging high above the heads of the world, there are gods watching over the world? Have you ever thought that in the crowded modern cities, there are extraordinary people who walk the world in place of gods?",8.3,16,96.3938,zh,/n4lEQkgCDuOP3TNvIjkzn5QjRp.jpg
Crazy Over His Fingers: Just the Two of Us in a Salon After Closing,TV Show,2024,"Fumi works as an assistant at a popular salon in the city and is aiming to become a hairdresser. She receives strict guidance from Sousuke, the salon's charismatic hairdresser and manager. Every time he touches Fumi, she becomes agitated. One day after the salon closed, Fumi stands in as Sousuke's practice partner at the shampoo station. As he touches her and sprinkles her with water, she becomes angry again! Or so the thought...could she actually be attracted to him? Sousuke flashes an evil smile as he senses Fumi's heart, and his fingertips start to stroke every corner of her body...Fumi cannot refuse his fingers anymore.",6.4,19,96.3672,ja,/hlk5xhZw5uSBJvpJD3xbX2k6BhA.jpg
Spartacus,TV Show,2024,"Torn from his homeland and the woman he loves, Spartacus is condemned to the brutal world of the arena where blood and death are primetime entertainment.",8.029,2964,95.9873,en,/c2GKN4VHCj1dnjFMANRpGkCVBae.jpg
The Vampire Diaries,TV Show,2024,"The story of two vampire brothers obsessed with the same girl, who bears a striking resemblance to the beautiful but ruthless vampire they knew and loved in 1864.",8.302,9644,95.8617,en,/b3vl6wV1W8PBezFfntKTrhrehCY.jpg
Hawaii Five-0,TV Show,2024,"Steve McGarrett returns home to Oahu, in order to find his father's killer. The governor offers him the chance to run his own task force (Five-0). Steve's team is joined by Chin Ho Kelly, Danny ""Danno"" Williams, and Kono Kalakaua.",7.736,1867,95.3014,en,/sIdCKlmM2nU4akIvFQaAIiU8YES.jpg
FBI,TV Show,2024,"The New York office of the FBI brings to bear all their talents, intellect and technical expertise on major cases in order to keep their city and the country safe.",7.927,915,94.6697,en,/zfKS4WL0OZ9udpNoSYZw91VB3aH.jpg
Harem Camp!,TV Show,2024,"The story follows teacher and veteran solo camper Kensuke, who forms a camping group with four girls.",7.0,25,94.2118,ja,/dsaYRfBviInhrulwtHOyg1KB4ct.jpg
Bluey,TV Show,2024,"Bluey is an inexhaustible six year-old Blue Heeler dog, who loves to play and turns everyday family life into extraordinary adventures, developing her imagination as well as her mental, physical and emotional resilience.",8.581,707,93.2384,en,/b9mY0X5T20ZM073hoa5n0dgmbfN.jpg
Seinfeld,TV Show,2024,A stand-up comedian and his three offbeat friends weather the pitfalls and payoffs of life in New York City in the '90s. It's a show about nothing.,8.263,2360,93.1675,en,/aCw8ONfyz3AhngVQa1E2Ss4KSUQ.jpg
Castle,TV Show,2024,"After a serial killer imitates the plots of his novels, successful mystery novelist Richard ""Rick"" Castle receives permission from the Mayor of New York City to tag along with an NYPD homicide investigation team for research purposes.",7.973,2106,93.1522,en,/diXBeMzvfJb2iJg3G0kCUaMCzEc.jpg
Fire in His Fingertips,TV Show,2024,"Office worker Ryou Fujihashi is trapped inside her apartment which has set ablaze. The firefighters arrive in time to save her, and one of them happens to be Souma Mizuno, Fujihashi's childhood friend who she had a crush on. As the apartment fire gets put out, an old love gets rekindled.",6.905,21,93.13,ja,/yHUDRf2e9FGeWXPsT5lVF3iCUwc.jpg
Avatar: Fire and Ash,Movie,2025,"In the wake of the devastating war against the RDA and the loss of their eldest son, Jake Sully and Neytiri face a new threat on Pandora: the Ash People, a violent and power-hungry Na'vi tribe led by the ruthless Varang. Jake's family must fight for their survival and the future of Pandora in a conflict that pushes them to their emotional and physical limits.",7.6,3634,134.6155,en,/bRBeSHfGHwkEpImlhxPmOcUsaeg.jpg
Demon Slayer: Kimetsu no Yaiba Infinity Castle,Movie,2025,"The Demon Slayer Corps are drawn into the Infinity Castle, where Tanjiro, Nezuko, and the Hashira face terrifying Upper Rank demons in a desperate fight as the final battle against Muzan Kibutsuji begins.",7.726,878,92.1602,ja,/fWVSwgjpT2D78VUh6X8UBd2rorW.jpg
The Shadow's Edge,Movie,2025,Macau Police brings the tracking expert police officer out of retirement to help catch a dangerous group of professional thieves.,7.849,928,88.1557,zh,/cHKo3m8N1fwvEy2ZEr0xGmmMODV.jpg
War of the Worlds,Movie,2025,"Will Radford is a top analyst for Homeland Security who tracks potential threats through a mass surveillance program, until one day an attack by an unknown entity leads him to question whether the government is hiding something from him... and from the rest of the world.",4.1,1018,70.4077,en,/yvirUYrva23IudARHn3mMGVxWqM.jpg
Zootopia 2,Movie,2025,"After cracking the biggest case in Zootopia's history, rookie cops Judy Hopps and Nick Wilde find themselves on the twisting trail of a great mystery when Gary De'Snake arrives and turns the animal metropolis upside down. To crack the case, Judy and Nick must go undercover to unexpected new parts of town, where their growing partnership is tested like never before.",7.7,3018,69.6153,en,/oJ7g2CifqpStmoYQyaLQgEU32qO.jpg
Zombies of the Third Reich,Movie,2025,"During WW2, a group of assembled allied forces are sent to a secret nuclear bunker occupied by Nazi Germany to  uncover the operations of what's been occurring there. But when they discover the bunker is infested with rabid, zombie, super-humans in a nuclear testing operation gone wrong, they must destroy every last one in hopes of survival.",6.0,2,59.4992,en,/hjrgOWoruk9ea0tXaN8l2gtmkeH.jpg
Predator: Badlands,Movie,2025,"Cast out from his clan, a young Predator finds an unlikely ally in a damaged android and embarks on a treacherous journey in search of the ultimate adversary.",7.812,3201,58.5652,en,/pHpq9yNUIo6aDoCXEBzjSolywgz.jpg
Superman,Movie,2025,"Superman, a journalist in Metropolis, embarks on a journey to reconcile his Kryptonian heritage with his human upbringing as Clark Kent.",7.34,4968,54.6961,en,/ldyfo0BKmz5rWtJJKCvwaNS4cJT.jpg
KPop Demon Hunters,Movie,2025,"When K-pop superstars Rumi, Mira and Zoey aren't selling out stadiums, they're using their secret powers to protect their fans from supernatural threats.",8.021,2940,53.7379,en,/zT7Lhw3BhJbMkRqm9Zlx2YGMsY0.jpg
Driver's Ed,Movie,2025,"A group of teens hit the road in a stolen driver's ed car, racing against time to help a lovesick high school senior track down his college-freshman girlfriend and win her back.",6.897,34,52.822,en,/hHbzSzjJnmcq02l2razSScBEVBf.jpg
Dracula,Movie,2025,"In late 15th-century Eastern Europe, Prince Vlad II’s bride is brutally murdered. As a result, he renounces God and damns Heaven itself. Cursed with eternal life, Vlad is reborn as Dracula, an immortal warlord who defies fate in a blood-soaked crusade to wrench his lost love back from death.",7.2,1309,51.0405,fr,/dYRqA50yd0nB3qBR7AtWEJJQ8q.jpg
The Housemaid,Movie,2025,"Trying to escape her past, Millie Calloway accepts a job as a live-in housemaid for the wealthy Nina and Andrew Winchester. But what begins as a dream job quickly unravels into something far more dangerous—a sexy, seductive game of secrets, scandal, and power.",7.261,2530,48.2591,en,/cWsBscZzwu5brg9YjNkGewRUvJX.jpg
Jurassic World Rebirth,Movie,2025,"Five years after the events of Jurassic World Dominion, covert operations expert Zora Bennett is contracted to lead a skilled team on a top-secret mission to secure genetic material from the world's three most massive dinosaurs. When Zora's operation intersects with a civilian family whose boating expedition was capsized, they all find themselves stranded on an island where they come face-to-face with a sinister, shocking discovery that's been hidden from the world for decades.",6.273,3468,48.0627,en,/1RICxzeoNCAO5NpcRMIgg1XT6fm.jpg
Freakier Friday,Movie,2025,"Years after Tess and Anna endured an identity crisis, Anna now has a daughter of her own and a soon-to-be stepdaughter. As they navigate the myriad challenges that come when two families merge, Tess and Anna discover lightning might indeed strike twice.",6.8,726,47.5427,en,/9wV65OmsjLAqBfDnYTkMPutXH8j.jpg
Hot Line,Movie,2025,"Malena, a woman who divides her life between two jobs: by night she's a dancer in a cabaret and by day she answers a ""Hot Line,"" an erotic telephone line. However, her routine turns into a nightmare when a serial killer begins calling her, recounting his crimes in chilling detail and announcing that she will be his next victim. This is a clear homage to the Italian Giallo.HoH",7.5,2,46.0755,es,/aKtKTCmHLoQc9JGr2TehyzL54Yq.jpg
Sinners,Movie,2025,"Trying to leave their troubled lives behind, twin brothers return to their hometown to start again, only to discover that an even greater evil is waiting to welcome them back.",7.494,4706,42.9065,en,/fWPgbnt2LSqkQ6cdQc0SZN9CpLm.jpg
Mission: Impossible - The Final Reckoning,Movie,2025,"Ethan Hunt and team continue their search for the terrifying AI known as the Entity — which has infiltrated intelligence networks all over the globe — with the world's governments and a mysterious ghost from Hunt's past on their trail. Joined by new allies and armed with the means to shut the Entity down for good, Hunt is in a race against time to prevent the world as we know it from changing forever.",7.171,2895,39.7251,en,/z53D72EAOxGRqdr7KXXWp9dJiDe.jpg
Five Nights at Freddy's 2,Movie,2025,"One year since the supernatural nightmare at Freddy Fazbear's Pizza, the stories about what transpired there have been twisted into a campy local legend, inspiring the town's first ever Fazfest. With the truth kept from her, Abby sneaks out to reconnect with Freddy, Bonnie, Chica, and Foxy, setting into motion a terrifying series of events that will reveal dark secrets about the real origin of Freddy's, and unleash a decades-hidden horror.",6.642,1014,37.0212,en,/udAxQEORq2I5wxI97N2TEqdhzBE.jpg
Ballerina,Movie,2025,"Taking place during the events of John Wick: Chapter 3 – Parabellum, Eve Macarro begins her training in the assassin traditions of the Ruska Roma.",7.256,2707,35.7015,en,/2VUmvqsHb6cEtdfscEA6fqqVzLg.jpg
Final Destination Bloodlines,Movie,2025,"Plagued by a violent recurring nightmare, college student Stefanie heads home to track down the one person who might be able to break the cycle and save her family from the grisly demise that inevitably awaits them all.",7.038,2913,33.8389,en,/6WxhEvFsauuACfv8HyoVX6mZKFj.jpg
David,Movie,2025,"From the songs of his mother’s heart to the whispers of a faithful God, David’s story begins in quiet devotion. When the giant Goliath rises to terrorize a nation, a young shepherd armed with only a sling, a few stones, and unshakable faith steps forward. Pursued by power and driven by purpose, his journey tests the limits of loyalty, love, and courage—culminating in a battle not just for a crown, but for the soul of a kingdom.",8.019,158,28.5406,en,/bESlrLOrsQ9gKzaGQGHXKOyIUtX.jpg
Ne Zha 2,Movie,2025,"After a catastrophic event leaves their bodies destroyed, Ne Zha and Ao Bing are granted a fragile second chance at life. As tensions rise between the dragon clans and celestial forces, the two must undergo a series of perilous trials that will test their bond, challenge their identities, and decide the fate of both mortals and immortals.",8.158,736,30.3747,zh,/cb5NyNrqiCNNoDkA8FfxHAtypdG.jpg
F1,Movie,2025,Racing legend Sonny Hayes is coaxed out of retirement to lead a struggling Formula 1 team—and mentor a young hotshot driver—while chasing one more chance at glory.,7.807,4175,30.6391,en,/9PXZIUsSDh4alB80jheWX4fhZmy.jpg
The Conjuring: Last Rites,Movie,2025,Paranormal investigators Ed and Lorraine Warren take on one last terrifying case involving mysterious entities they must confront.,6.94,1927,28.7287,en,/byWgphT74ClOVa8EOGzYDkl8DVL.jpg
Chainsaw Man - The Movie: Reze Arc,Movie,2025,"In a brutal war between devils, hunters, and secret enemies, a mysterious girl named Reze has stepped into Denji's world, and he faces his deadliest battle yet, fueled by love in a world where survival knows no rules.",8.451,978,27.8489,ja,/3uX6xo6kZrylBrMIyLtrOS5BR9p.jpg
Sisu: Road to Revenge,Movie,2025,"Returning to the house where his family was brutally murdered during the war, ""the man who refuses to die"" dismantles it, loads it on a truck, and is determined to rebuild it somewhere safe in their honor. When the commander who killed his family comes back hellbent on finishing the job, a relentless, eye-popping cross-country chase ensues.",7.316,820,27.53,fi,/roCMOuMQ55Z2TxVx1vZZTevlo0n.jpg
Young & Fine,Movie,2025,"In a quiet seaside town, high school students Haino and Reiko are dating. They try to go further than just kissing, but fail due to a condition set by Reiko: Haino must win his next rugby match to earn her consent. Motivated by this goal, Haino devotes himself to the game—until a new woman catches his eye: Izawa, a substitute teacher at their school. When Reiko sees Izawa getting close to Haino, she becomes consumed with jealousy.",6.5,2,24.4171,ja,/a62946JcSc0arrcaYqfkRTbDgqH.jpg
How to Train Your Dragon,Movie,2025,"On the rugged isle of Berk, where Vikings and dragons have been bitter enemies for generations, Hiccup stands apart, defying centuries of tradition when he befriends Toothless, a feared Night Fury dragon. Their unlikely bond reveals the true nature of dragons, challenging the very foundations of Viking society.",7.932,2904,24.9442,en,/53dsJ3oEnBhTBVMigWJ9tkA5bzJ.jpg
A Working Man,Movie,2025,"Levon Cade left behind a decorated military career in the black ops to live a simple life working construction. But when his boss's daughter, who is like family to him, is taken by human traffickers, his search to bring her home uncovers a world of corruption far greater than he ever could have imagined.",6.697,1967,25.3773,en,/6FRFIogh3zFnVWn7Z6zcYnIbRcX.jpg
Companion,Movie,2025,"During a weekend getaway at a secluded lakeside estate, a group of friends finds themselves entangled in a web of secrets, deception, and advanced technology. As tensions rise and loyalties are tested, they uncover unsettling truths about themselves and the world around them.",7.015,2363,26.0308,en,/oCoTgC3UyWGfyQ9thE10ulWR7bn.jpg
Now You See Me: Now You Don't,Movie,2025,"The original Four Horsemen reunite with a new generation of illusionists to take on powerful diamond heiress Veronika Vanderberg, who leads a criminal empire built on money laundering and trafficking. The new and old magicians must overcome their differences to work together on their most ambitious heist yet.",6.493,1602,24.3765,en,/oD3Eey4e4Z259XLm3eD3WGcoJAh.jpg
JUJUTSU KAISEN: Execution,Movie,2025,"A veil abruptly descends over the busy Shibuya area amid the bustling Halloween crowds, trapping countless civilians inside. Satoru Gojo, the strongest jujutsu sorcerer, steps into the chaos. But lying in wait are curse users and spirits scheming to seal him away. Yuji Itadori, accompanied by his classmates and other top-tier jujutsu sorcerers, enters the fray in an unprecedented clash of curses — the Shibuya Incident. In the aftermath, ten colonies across Japan are transformed into dens of curses in a plan orchestrated by Noritoshi Kamo. As the deadly Culling Game starts, Special Grade sorcerer Yuta Okkotsu is assigned to carry out Yuji's execution for his perceived crimes. A compilation movie of Shibuya Incident including the first two episodes of the Culling Games arc.",6.0,100,22.4118,ja,/v0s3dx6am0RzfsuK3KdEy8ZoCDs.jpg
The Summoning of Baby Blue,Movie,2025,A babysitting gig becomes a nightmare of urban legend when three teens summon Baby Blue. Survival depends on uncovering the past to escape a mother’s wrath from beyond the grave.,4.929,28,20.0933,en,/fDyjVv5ryBYDiE1sN9mbBbZycBL.jpg
The SpongeBob Movie: Search for SquarePants,Movie,2025,"Desperate to be a big guy, SpongeBob sets out to prove his bravery to Mr. Krabs by following The Flying Dutchman – a mysterious swashbuckling ghost pirate – on a seafaring adventure that takes him to the deepest depths of the deep sea, where no Sponge has gone before.",6.8,309,23.0372,en,/xJnOMMsFASxNiFnG7v3TNIQ3ife.jpg
The Fantastic 4: First Steps,Movie,2025,"Against the vibrant backdrop of a 1960s-inspired, retro-futuristic world, Marvel's First Family is forced to balance their roles as heroes with the strength of their family bond, while defending Earth from a ravenous space god called Galactus and his enigmatic Herald, Silver Surfer.",6.958,3450,23.0019,en,/nf5qaSEvyYSNeFH0YhSs5EsBLX9.jpg
The Gorge,Movie,2025,"Two highly trained operatives grow close from a distance after being sent to guard opposite sides of a mysterious gorge. When an evil below emerges, they must work together to survive what lies within.",7.7,3858,33.4719,en,/7iMBZzVZtG0oBug4TfqDb9ZxAOa.jpg
The Accountant²,Movie,2025,"When an old acquaintance is murdered, Wolff is compelled to solve the case. Realizing more extreme measures are necessary, Wolff recruits his estranged and highly lethal brother, Brax, to help. In partnership with Marybeth Medina, they uncover a deadly conspiracy, becoming targets of a ruthless network of killers who will stop at nothing to keep their secrets buried.",7.086,1807,23.9715,en,/lUvfTcOZiK0sdcX0WNLPbMyKjGm.jpg
Warfare,Movie,2025,"A platoon of Navy SEALs embarks on a dangerous mission in Ramadi, Iraq, with the chaos and brotherhood of war retold through their memories of the event.",7.08,1487,23.2048,en,/l39TlELomwysfsr37vrvCV6rmaQ.jpg
Troll 2,Movie,2025,"When a dangerous new troll unleashes devastation across their homeland, Nora, Andreas and Major Kris embark on their most perilous mission yet.",6.385,486,21.4185,no,/p6xAExLNFbHcLfvSuvLPoM8aqZU.jpg
Dangerous Animals,Movie,2025,"A savvy and free-spirited surfer is abducted by a shark-obsessed serial killer. Held captive on his boat, she must figure out how to escape before he carries out a ritualistic feeding to the sharks below.",6.477,602,21.2827,en,/9tk3Si960hg4E49eMt81dS7Qe9Z.jpg
Bone Lake,Movie,2025,"A couple’s romantic vacation at a secluded lakeside estate is upended when they are forced to share the mansion with a mysterious and attractive couple. In this darkly hilarious and seductive horror story, a dream getaway spirals into a nightmarish maze of sex, lies, and manipulation, bringing terrifying secrets to light and triggering a bloody battle for survival.",5.887,212,20.6979,en,/sGo5ti82LlydAZrvcsaj31iPuEI.jpg
The Electric State,Movie,2025,"An orphaned teen hits the road with a mysterious robot to find her long-lost brother, teaming up with a smuggler and his wisecracking sidekick.",6.492,1684,20.3265,en,/sI2NiMU8o65hmIMY0JI9CjJ0p7f.jpg
Eddington,Movie,2025,"In May of 2020, a standoff between a small-town sheriff and mayor sparks a powder keg as neighbor is pitted against neighbor in Eddington, New Mexico.",6.449,835,20.103,en,/4GIqZUgPZ146BhibsPHMHef2nXX.jpg
Den of Thieves 2: Pantera,Movie,2025,"Big Nick is back on the hunt in Europe and closing in on Donnie, who is embroiled in the treacherous and unpredictable world of diamond thieves and the infamous Panther mafia, as they plot a massive heist of the world's largest diamond exchange.",6.577,816,19.7822,en,/rxcyxxarD17xMliStDEhM6y2AYQ.jpg
Lilo & Stitch,Movie,2025,The wildly funny and touching story of a lonely Hawaiian girl and the fugitive alien who helps to mend her broken family.,7.205,2182,18.8418,en,/ckQzKpQJO4ZQDCN5evdpKcfm7Ys.jpg
Frankenstein,Movie,2025,"Dr. Victor Frankenstein, a brilliant but egotistical scientist, brings a creature to life in a monstrous experiment that ultimately leads to the undoing of both the creator and his tragic creation.",7.633,3546,17.9894,en,/g4JtvGlQO7DByTI6frUobqvSL3R.jpg
The Bad Guys 2,Movie,2025,"The now-reformed Bad Guys are trying (very, very hard) to be good, but instead find themselves hijacked into a high-stakes, globe-trotting heist, masterminded by a new team of criminals they never saw coming: The Bad Girls.",7.6,808,17.9833,en,/26oSPnq0ct59l07QOXZKyzsiRtN.jpg
One Battle After Another,Movie,2025,"Washed-up revolutionary Bob exists in a state of stoned paranoia, surviving off-grid with his spirited, self-reliant daughter, Willa. When his evil nemesis resurfaces after 16 years and she goes missing, the former radical scrambles to find her, father and daughter both battling the consequences of his past.",7.346,3851,17.9274,en,/lbBWwxBht4JFP5PsuJ5onpMqugW.jpg
Marty Supreme,Movie,2025,"Marty Mauser, a young man with a dream no one respects, goes to hell and back in pursuit of greatness.",7.4,1894,17.7438,en,/lYWEXbQgRTR4ZQleSXAgRbxAjvq.jpg
Eye for an Eye,Movie,2025,"Anna, grieving the sudden death of her parents, relocates from New York to a small Florida town to live with the grandmother she has never met. Isolated, vulnerable, and in need of friends, she finds brief solace in the company of two local teens. But when she becomes complicit to their unforgivable act of violence, she finds herself ensnared by Mr. Sandman – the twisted soul of a tormented child who haunts bullies’ dreams before feasting on their eyeballs when they finally wake - Anna must right her wrong before becoming a victim of this gruesome curse.",5.84,50,17.3349,en,/lpepbfVziHJLhVoxTEKs8ok00iu.jpg
La Trace,Movie,2025,"In a city gripped by the terror of a serial killer, a woman named Luna is terrified after receiving news from a guard about the latest victim. Her fear is palpable, as she walks cautiously, feeling as if she's being constantly followed. Her anxiety deepens when a strange man begins following her.",10.0,1,17.148,id,/oc2VIEyxNrf0poWJTN3BpDDwvCo.jpg
Exit 8,Movie,2025,"A man trapped in an endless sterile subway passageway sets out to find Exit 8. The rules of his quest are simple: do not overlook anything out of the ordinary. If you discover an anomaly, turn back immediately. If you don’t, carry on. Then leave from Exit 8. But even a single oversight will send him back to the beginning. Will he ever reach his goal and escape this infinite corridor?",6.873,538,17.0253,ja,/nQXYTvm6AY4WmtcPskroqC7Skh.jpg
TRON: Ares,Movie,2025,"A highly sophisticated Program called Ares is sent from the digital world into the real world on a dangerous mission, marking humankind's first encounter with A.I. beings.",6.494,1468,16.768,en,/chpWmskl3aKm1aTZqUHRCtviwPy.jpg
Thunderbolts*,Movie,2025,"After finding themselves ensnared in a death trap, seven disillusioned castoffs must embark on a dangerous mission that will force them to confront the darkest corners of their pasts.",7.293,3622,16.7528,en,/hqcexYHbiTBfDIdDWxrxPtVndBX.jpg
Hamnet,Movie,2025,"The powerful story of love and loss that inspired the creation of Shakespeare's timeless masterpiece, Hamlet.",7.7,1414,16.4972,en,/zIcd6yuBucRNof5t9KVuGBHIhXU.jpg
Ricky Gervais: Mortality,Movie,2025,"Ricky Gervais tackles life, death and the state of the world in a brutally honest special that spares no topic, even his own mortality.",7.038,93,16.3033,en,/u54OhdSaaLBh02Y4Nf5cETkh8Ku.jpg
The Running Man,Movie,2025,"Desperate to save his sick daughter, working-class Ben Richards is convinced by The Running Man's charming but ruthless producer to enter the deadly competition game as a last resort. But Ben's defiance, instincts, and grit turn him into an unexpected fan favorite — and a threat to the entire system. As ratings skyrocket, so does the danger, and Ben must outwit not just the Hunters, but a nation addicted to watching him fall.",6.778,1675,16.1464,en,/dKL78O9zxczVgjtNcQ9UkbYLzqX.jpg
Maninilip,Movie,2025,"Alex, a young photographer, secretly documents his neighbors’ sex lives. But when he witnesses Luisa being abused by her husband, he uses his camera to help her—and becomes entangled in a passionate affair.",7.5,4,15.924,tl,/cHbcN1jelcN7QVKAZKk0q4pbJnT.jpg
Weapons,Movie,2025,"When all but one child from the same class mysteriously vanish on the same night at exactly the same time, a community is left questioning who or what is behind their disappearance.",7.258,3536,15.5983,en,/cpf7vsRZ0MYRQcnLWteD5jK9ymT.jpg
Matt McCusker: A Humble Offering,Movie,2025,"From wife logic to locker-room shame, Matt McCusker offers witty takes on manhood, marriage and raising daughters in a world he barely understands.",4.813,8,15.2429,en,/aj5H3NXD83lGfUWPgeuuyMOpuRj.jpg
The Legend of Hei 2,Movie,2025,"When an attack shatters the fragile peace between the spirit world and humanity, Hei teams up with Luye, the last disciple of his Shifu Wuxian, to expose a conspiracy that threatens both realms - and the bond they've sworn to protect.",8.5,60,14.7787,zh,/dRCUBiTKtsmju3fmSS4MK0ywcqR.jpg
The Holy Boy,Movie,2025,"A PE teacher moves to a isolated mountain village where the people appear to live in unshakeable serenity, but soon stumbles across a disturbing ritual. Once a week, the locals are freed of their pain by a lonely boy born with the power to heal one's soul just by hugging them. Trying to rescue him from this madness, the man unleashes his dark side.",6.923,143,14.7611,it,/2jpKQ6xhcxaNXOUDeQpyHNUcWr1.jpg
Saigon Sunset,Movie,2025,A passionate melodrama depicting the most passionate moments of a woman who went on a trip to forget her ex-lover and a man who started his vacation hoping for a coincidence.,6.0,1,14.7469,ko,/A7yQj3vKBU98PQoZPghCFUDqDnZ.jpg
Hunting Season,Movie,2025,"When a reclusive survivalist and his daughter rescue a mysterious, wounded woman from a river, they become entangled in a deadly web of violence and revenge, forcing them to confront a brutal criminal to survive.",6.955,258,14.5951,en,/cbryTyaWdqrKpQCw6K7zm2jrB5v.jpg
Snow White,Movie,2025,"Following the benevolent King's disappearance, the Evil Queen dominated the once fair land with a cruel streak. Princess Snow White flees the castle when the Queen, in her jealousy over Snow White's inner beauty, tries to kill her. Deep into the dark woods, she stumbles upon seven magical dwarves and a young bandit named Jonathan. Together, they strive to survive the Queen's relentless pursuit and aspire to take back the kingdom.",4.298,1663,14.5391,en,/oLxWocqheC8XbXbxqJ3x422j9PW.jpg
I Swear,Movie,2025,"Diagnosed with Tourette Syndrome at 15, John Davidson navigates his way against the odds through troubled teenage years and into adulthood, finding inspiration in the kindness of others to discover his true purpose in life.",8.241,372,14.5211,en,/vUwyhNWBKkSwK8ELvEeBRwV724h.jpg
Dollhouse,Movie,2025,"After losing their child, a mother finds solace in a life-sized ancient doll she finds on the market.  When a new daughter enters the family's life, strange things begin to happen and no matter how hard the family tries to get rid of it, the doll always finds its way back.",7.556,107,14.4589,ja,/vUs4OPpvu4Is7wIGaXkseNJHhEA.jpg
Worldbreaker,Movie,2025,"Five years ago, a tear in the fabric of reality brought creatures to our world from an alternate dimension bent on our destruction. A father hides his daughter on an island to keep her safe while he prepares her for survival and the battles to come. But when the world is about to break, no place is safe.",6.015,230,14.3146,en,/ahj1JU8r0uJv7QII5Uj7tKzbEsC.jpg
Captain America: Brave New World,Movie,2025,"After meeting with newly elected U.S. President Thaddeus Ross, Sam finds himself in the middle of an international incident. He must discover the reason behind a nefarious global plot before the true mastermind has the entire world seeing red.",5.965,3143,14.054,en,/pzIddUEMWhWzfvLI3TwxUG2wGoi.jpg
Elio,Movie,2025,"Elio, a space fanatic with an active imagination, finds himself on a cosmic misadventure where he must form new bonds with eccentric alien lifeforms, navigate a crisis of intergalactic proportions and somehow discover who he is truly meant to be.",6.909,1029,13.8017,en,/7z8jDiTZZco9moIKpTUImFtTy7o.jpg
The Naked Gun,Movie,2025,"Only one man has the particular set of skills... to lead Police Squad and save the world: Lt. Frank Drebin Jr. Following in his father's footsteps, he must solve a murder case to prevent Police Squad from closure.",6.37,1784,13.0962,en,/rwla9vqzrKVVKVKiOuROTIXGsxj.jpg
Nuremberg,Movie,2025,"In postwar Germany, an American psychiatrist must determine whether Nazi prisoners are fit to go on trial for war crimes, and finds himself in a complex battle of intellect and ethics with Hermann Göring, Hitler's right-hand man.",7.6,1162,12.9767,en,/xthXNYltOOm80vW5Kxjzxx5gvQ6.jpg
Playdate,Movie,2025,"When out-of-work accountant Brian joins stay-at-home dad Jeff for a playdate with their sons, he expects a laid-back afternoon. Instead, they're chased by mercenaries, and Brian—totally unprepared—must survive one absurd obstacle after another.",6.109,618,10.9606,en,/fGodXWqJkkkbSebPIlxLSygV8GY.jpg
Wake Up Dead Man: A Knives Out Mystery,Movie,2025,"When young priest Jud Duplenticy is sent to assist charismatic firebrand Monsignor Jefferson Wicks, it’s clear that all is not well in the pews. After a sudden and seemingly impossible murder rocks the town, the lack of an obvious suspect prompts local police chief Geraldine Scott to join forces with renowned detective Benoit Blanc to unravel a mystery that defies all logic.",7.208,2590,11.9355,en,/qCOGGi8JBVEZMc3DVby8rUivyXz.jpg
Junior,Movie,2025,"A free-spirited young man suffocated by his father’s obsessive love escapes to the city in search of freedom, but his carefree attitude soon puts him at odds with his emotionally distant corporate boss. He embarks on a heartwarming journey of redemption and connection discovering the true depth of sacrifice love and the fleeting nature of time.",4.1,4,7.9541,te,/AuJT7uChHqkMmGwbgIK3KZXepUj.jpg
Nobody 2,Movie,2025,"Former assassin Hutch Mansell takes his family on a nostalgic vacation to a small-town theme park, only to be pulled back into violence when they clash with a corrupt operator, a crooked sheriff, and a ruthless crime boss.",6.931,1637,26.0911,en,/svXVRoRSu6zzFtCzkRsjZS7Lqpd.jpg
The Last Viking,Movie,2025,"After serving fourteen years for robbery, Anker is released from prison and reunites with his mentally ill brother Manfred, who alone knows where the stolen money is hidden but has forgotten its location, sending them on a journey to recover the loot and confront who they are.",7.291,153,10.7316,da,/iJIqxRnoFvPAAljIqzOJaztgFPd.jpg
The Last Supper,Movie,2025,"In a deserted house, a mysterious man savors an exquisite menu in the company of an unseen guest. From this eerie dinner table, a succession of terrifying stories is revealed-each probing primal fears of hunger, flesh, and survival.",6.833,6,10.4113,en,/6rGa9huzhmG1i2iu2Vcyv5HI02t.jpg
Panor,Movie,2025,"Born during an ancient village ritual, Panor faces isolation as mysterious misfortunes plague those around her. She must uncover the truth behind the dark curse that has haunted her since birth.",6.889,9,11.9864,th,/o3tG02uudhv1YemqPUoC75q3lbr.jpg
Belle,Movie,2025,"A couple have a peaceful existence in a small provincial town. He is a teacher and she runs an opticians practical. Their life is turned upside when Belle, a friend’s daughter who is lodging with them, is found dead in her room.  The husband becomes the prime suspect as the only one at home at the time.",5.956,34,9.9853,fr,/9jOZNmxiWl6gnn40IXYY7GKeX5k.jpg
Primitive War,Movie,2025,"During the Vietnam War, a recon unit ventures to an isolated jungle valley to uncover the fate of a missing platoon. They soon find themselves in a fight for their lives against an unexpected enemy — prehistoric dinosaurs.",6.652,371,10.8776,en,/noujgznyJIaurEinZhcSVzTmkLo.jpg
Cleaner,Movie,2025,"When a group of radical activists take over an energy company's annual gala, seizing 300 hostages, an ex-soldier turned window cleaner suspended 50 storeys up on the outside of the building must save those trapped inside, including her older brother.",6.502,581,10.7495,en,/mwzDApMZAGeYCEVjhegKvCzDX0W.jpg
Bāhubali: The Epic,Movie,2025,"When a mysterious child is found by a tribal couple near a roaring waterfall, they raise him as their own. As he grows, Sivudu is drawn to the world beyond the cliffs, where he discovers the ancient kingdom of Mahishmati, ruled by a cruel tyrant, haunted by rebellion, and bound to his past. What begins as a quest for love soon unravels a legacy of betrayal, sacrifice, and a forgotten prince.",6.2,39,9.7461,te,/z9YIo2qscyaXYgRqIdRJtND3bw8.jpg
Karate Kid: Legends,Movie,2025,"After a family tragedy, kung fu prodigy Li Fong is uprooted from his home in Beijing and forced to move to New York City with his mother. When a new friend needs his help, Li enters a karate competition – but his skills alone aren't enough. Li's kung fu teacher Mr. Han enlists original Karate Kid Daniel LaRusso for help, and Li learns a new way to fight, merging their two styles into one for the ultimate martial arts showdown.",6.996,1225,10.4638,en,/c90Lt7OQGsOmhv6x4JoFdoHzw5l.jpg
Happy Gilmore 2,Movie,2025,"Happy Gilmore isn't done with golf — not by a long shot. Since his retirement after his first Tour Championship win, Gilmore returns to finance his daughter's ballet classes.",6.529,977,10.4233,en,/E3dPHPJigkXwuiE0n1vzz0se8a.jpg
No One Will Hear Your Scream,Movie,2025,"While an entire country is focused on the 1990 World Cup in Italy, someone takes advantage of Argentina's matches to commit brutal murders.",5.375,8,9.5353,es,/32xWlHXSCywvHuy20ElcbAbnpRg.jpg
Laila,Movie,2025,"Sonu Model, a renowned beautician from the old city, is forced to disguise himself as Laila, leading to a series of comedic, romantic, and action-packed events. Chaos ensues in this hilarious laugh riot",5.25,8,10.4918,te,/aFogllaRGlAhk1nqvVGFpZpl4qU.jpg
M3GAN 2.0,Movie,2025,"After the underlying tech for M3GAN is stolen and misused by a powerful defense contractor to create a military-grade weapon known as Amelia, M3GAN's creator Gemma realizes that the only option is to resurrect M3GAN and give her a few upgrades, making her faster, stronger, and more lethal.",7.195,1379,25.952,en,/oekamLQrwlJjRNmfaBE4llIvkir.jpg
Play Dirty,Movie,2025,"Expert thief Parker gets a shot at a major heist, but to pull it off he and his team must outsmart a South American dictator, the New York mob, and the world's richest man.",6.569,645,9.7622,en,/ovZ0zq0NwRghtWI1oLaM0lWuoEw.jpg
Ekis,Movie,2025,"Erik Matti’s classic Ekis gets a bold reboot with an all-girls ensemble led by Angela Morena, Cheena Dizon, and Aliya Raymundo. A crew of female thugs launches a kidnap-for-ransom plot, but when things go wrong, escaping the chaos becomes impossible.",6.2,4,10.4831,tl,/vuUvGqqGabV422qzjGWPlhRuvN0.jpg
FROM,TV Show,2025,"Unravel the mystery of a nightmarish town in middle America that traps all those who enter. As the unwilling residents fight to keep a sense of normalcy and search for a way out, they must also survive the threats of the surrounding forest – including the terrifying creatures that come out when the sun goes down.",8.505,3872,765.3461,en,/pRtJagIxpfODzzb0T0NAvZSzErC.jpg
House of the Dragon,TV Show,2025,"The Targaryen dynasty is at the absolute apex of its power, with more than 15 dragons under their yoke. Most empires crumble from such heights. In the case of the Targaryens, their slow fall begins when King Viserys breaks with a century of tradition by naming his daughter Rhaenyra heir to the Iron Throne. But when Viserys later fathers a son, the court is shocked when Rhaenyra retains her status as his heir, and seeds of division sow friction across the realm.",8.4,6413,494.1472,en,/7V0Ebks0GgpKvQ7QbLAIdX5dos4.jpg
Xplay,TV Show,2025,"Xplay (previously GameSpot TV and Extended Play) is a TV program about video games. The program, known for its reviews and comedy skits, airs on G4 in the United States and had aired on G4 Canada in Canada (and briefly on YTV during its time as GameSpot TV), FUEL TV in Australia, Ego in Israel, GXT in Italy, MTV Russia & Rambler TV in Russia, Solar Sports in the Philippines and Adult Swim and MuchMusic in Latin America. The show ran between July 4, 1998, and January 23, 2013, and returned in November 2021 as a part of G4's relaunch.",8.0,3,400.4115,en,/7ynD7g4U9hOODu1Jzf6VN4zQc6a.jpg
Adam's Sweet Agony,TV Show,2025,"This is the story of a boy, who became the lone Adam among four billion Eves. In a world where a pandemic has rendered all men impotent, high school student Itsuki is the exception who escaped it. In order to protect this secret, he transfers to a very special high school, which turns out to be composed of 90% girls! There, he encounters an upbeat and friendly senior, a sexually frustrated female teacher, a tomboyish school 'prince,' and an heiress from a wealthy family. For Itsuki, who has his pick of any woman in the world, the question remains: which one will he choose?",6.786,35,311.8869,ja,/1n1ZP0KHXUSvVxZG63x7aOzmO4M.jpg
Law & Order: Special Victims Unit,TV Show,2025,"In the criminal justice system, sexually-based offenses are considered especially heinous. In New York City, the dedicated detectives who investigate these vicious felonies are members of an elite squad known as the Special Victims Unit. These are their stories.",7.95,4263,285.3782,en,/iofokHZoUB4Qhik4PflvJl8TT6a.jpg
Knot,TV Show,2025,"A young man’s life changes forever when a powerful Alpha marks him, binding their fates together in an inescapable bond.",9.0,1,281.4824,th,/8z62pp4K602d1y6079oU1GBeiAG.jpg
Off Campus,TV Show,2025,"Hannah Wells tutors hockey captain Garrett Graham to win over her crush. Their deal becomes real connection as they face their pasts. Friends Logan, Dean, Tucker, and Allie navigate college life and love.",8.964,600,262.9005,en,/cbODFqkcmRgrYH8NkG4Q4Hcg8Z1.jpg
Avatar: The Last Airbender,TV Show,2025,A young boy known as the Avatar must master the four elemental powers to save a world at war — and fight a ruthless enemy bent on stopping him.,7.804,1178,286.8657,en,/lzZpWEaqzP0qVA5nkCc5ASbNcSy.jpg
The Rookie,TV Show,2025,"Starting over isn't easy, especially for small-town guy John Nolan who, after a life-altering incident, is pursuing his dream of being an LAPD officer. As the force's oldest rookie, he's met with skepticism from some higher-ups who see him as just a walking midlife crisis.",8.552,3347,230.104,en,/70kTz0OmjjZe7zHvIDrq2iKW7PJ.jpg
Agent Kim Reactivated,TV Show,2025,"When an unassuming dad's daughter goes missing, he dusts off his old black-ops skills to track her down — only to attract the wrong kind of attention.",8.2,13,224.5247,ko,/jruaZAm1KjkFRhgRcdF8tqakhpH.jpg
Law & Order,TV Show,2025,"In cases ripped from the headlines, police investigate serious and often deadly crimes, weighing the evidence and questioning the suspects until someone is taken into custody. The district attorney's office then builds a case to convict the perpetrator by proving the person guilty beyond a reasonable doubt. Working together, these expert teams navigate all sides of the complex criminal justice system to make New York a safer place.",7.3,693,209.9667,en,/haJ9eHytVO3H3JooMJG1DiWwDNm.jpg
Never-Ending Summer,TV Show,2025,"To save her gravely ill grandmother, top student Zhou Wan approaches her mother's stepson, Lu Xixiao, for funds. They fall for each other over the summer after graduation but are torn apart by misunderstandings in reality. Ten years later, they reunite at work. Though Lu Xixiao harbors resentment, his love for Zhou Wan remains. As they uncover the truth behind a ""factory accident,"" they resolve their differences and reunite.",9.0,2,203.4975,zh,/2b4rQPbFY8BnL9xuQKaT3ZELlqx.jpg
Notes from the Last Row,TV Show,2025,"A literature professor discovers a student's talent and offers him writing lessons — but as he sinks into the story, their sessions spiral into chaos.",8.625,16,205.4955,ko,/paRFCxAJRZOypfgnzYLo6KH5jjO.jpg
Dutton Ranch,TV Show,2025,"Rip Wheeler and Beth Dutton gamble everything on a new life in South Texas, but the promise of building a future far from the ghosts of Yellowstone quickly collides with brutal new realities and a rival ranch that will stop at nothing to protect its empire.",9.3,339,213.0244,en,/xsiecCxd8lkcAluw0wWwbW5CwSv.jpg
Grey's Anatomy,TV Show,2025,Follows the personal and professional lives of a group of doctors at Seattle's Grey Sloan Memorial Hospital.,8.21,10948,213.0097,en,/hjJkrLXhWvGHpLeLBDFznpBTY1S.jpg
NCIS,TV Show,2025,"From murder and espionage to terrorism and stolen submarines, a team of special agents investigates any crime that has any connection to Navy and Marine Corps personnel, regardless of rank or position.",7.618,2523,205.3894,en,/mBcu8d6x6zB1el3MPNl7cZQEQ31.jpg
Supernatural,TV Show,2025,"When they were boys, Sam and Dean Winchester lost their mother to a mysterious and demonic supernatural force. Subsequently, their father raised them to be soldiers. He taught them about the paranormal evil that lives in the dark corners and on the back roads of America ... and he taught them how to kill it. Now, the Winchester brothers crisscross the country in their '67 Chevy Impala, battling every kind of supernatural threat they encounter along the way. ",8.311,8501,219.0527,en,/8iixmfGx5EIFPdpNvB2JvI3VIqX.jpg
The Boys,TV Show,2025,A group of vigilantes known informally as “The Boys” set out to take down corrupt superheroes with no more than blue-collar grit and a willingness to fight dirty.,8.448,13022,216.8543,en,/in1R2dDc421JxsoRWaIIAqVI2KE.jpg
The Mentalist,TV Show,2025,"Patrick Jane, a former celebrity psychic medium, uses his razor sharp skills of observation and expertise at ""reading"" people to solve serious crimes with the California Bureau of Investigation.",8.357,4374,206.0103,en,/acYXu4KaDj1NIkMgObnhe4C4a0T.jpg
Game of Thrones,TV Show,2025,"Seven noble families fight for control of the mythical land of Westeros. Friction between the houses leads to full-scale war. All while a very ancient evil awakens in the farthest north. Amidst the war, a neglected military order of misfits, the Night's Watch, is all that stands between the realms of men and icy horrors beyond.",8.464,27138,207.6338,en,/1XS1oqL89opfnbLl8WnZY1O1uJx.jpg
Family Guy,TV Show,2025,"Sick, twisted, politically incorrect and Freakin' Sweet animated series featuring the adventures of the dysfunctional Griffin family. Bumbling Peter and long-suffering Lois have three kids. Stewie (a brilliant but sadistic baby bent on killing his mother and taking over the world), Meg (the oldest, and is the most unpopular girl in town) and Chris (the middle kid, he's not very bright but has a passion for movies). The final member of the family is Brian - a talking dog and much more than a pet, he keeps Stewie in check whilst sipping Martinis and sorting through his own life issues.",7.406,4995,195.3882,en,/3PFsEuAiyLkWsP4GG6dIV37Q6gu.jpg
The Simpsons,TV Show,2025,"Set in Springfield, the average American town, the show focuses on the antics and everyday adventures of the Simpson family; Homer, Marge, Bart, Lisa and Maggie, as well as a virtual cast of thousands. Since the beginning, the series has been a pop culture icon, attracting hundreds of celebrities to guest star. The show has also made name for itself in its fearless satirical take on politics, media and American life in general.",8.019,10847,188.7205,en,/uWpG7GqfKGQqX4YMAo3nv5OrglV.jpg
Teach You a Lesson,TV Show,2025,An inspector from the Educational Rights Protection Bureau (ERPB) who is authorized by the government to use physical intervention and unconventional methods to discipline delinquent students and reform the educational system.,9.475,560,182.5171,ko,/fMECSPrTmRClSViMsXFYmiYIcWP.jpg
A Girl's Guide to 21st Century Sex,TV Show,2025,"A Girl's Guide to 21st Century Sex is a documentary TV series about sex, which ran in eight episodes on Channel 5 and was presented by Dr Catherine Hood. The 45-minute long episodes were broadcast on Monday nights. The series started on 30 October 2006, with the final programme broadcast on 18 December 2006.

Each episode explained a sex position and covered a sexually transmitted disease. Additionally, the following topics were discussed: sex among handicapped and overweight people, penis enlargement devices, penis enlargement surgery, sexual violence against men and penis removal, tantric sex, the g-spot, erectile dysfunction, sex reassignment surgery, cosmetic surgery of the vagina, swinging, lichen sclerosus, the use of recreational drugs during sex, male homosexual sex in public toilets, full body plastic wrap bondage, and sex dolls.",5.2,18,180.7022,en,/9NSX2YrFGBIih0XqRedsSbDVx4U.jpg
Criminal Minds,TV Show,2025,"An elite team of FBI profilers analyze the country's most twisted criminal minds, anticipating their next moves before they strike again. The Behavioral Analysis Unit's most experienced agent is David Rossi, a founding member of the BAU who returns to help the team solve new cases.",8.303,4103,172.0989,en,/hWSb4UnIjlTvnvrP98NbFSO60HA.jpg
The Polygamist,TV Show,2025,"Social media darling, Joyce, is the picture of marital perfection — until her cheating husband's conquests ignite a scandalous emotional meltdown.",8.754,63,169.0685,zu,/emnQZe22rYBCsbZ7h1TUAkYEzrZ.jpg
Souryo to Majiwaru Shikiyoku no Yoru ni...,TV Show,2025,"At a high school reunion, Mio Fukatani reunites with a classmate she has not seen in years—Takahide Kujou. She had always wanted to know more about the kind-hearted boy in high school, but once she realizes that Kujou has become a monk, she believes that any chance of getting to know him romantically is slim. Deciding to drink away her sorrows, she ends up walking home drunk, and surprisingly, running into Kujou who helps her get home.

However, once inside, Kujou's lust for Mio becomes apparent and the two share an erotic night of passion. As this steamy romance blossoms between these two unlikely lovers, Mio and Kujou will undoubtedly spend many nights together in utter ecstasy.",5.3,14,167.2914,ja,/ueI9EeoRdMVa7hWEm21nQEU8Zv3.jpg
Overflow,TV Show,2025,"Kazushi Sudou is a university student who is visited by his two childhood friends, the sisters Ayane and Kotone Shirakawa. When Ayane discovers that Kazushi not only forgot to buy her pudding but is also using her special lotion in the bath, she decides to take revenge and join Kazushi in his bath along with Kotone. Will the perverted Kazushi be able to remain indifferent to them both?",7.3,88,160.1696,ja,/8RtwL5gxUvh9YViqjhNlVRvJpum.jpg
Raakh,TV Show,2025,"When two teenagers vanish, a close-knit family is shattered and the city is left on edge. Determined to uncover the truth, a relentless officer leads a nationwide manhunt that pulls him deep into a world of violence and human depravity.",9.143,7,156.5636,hi,/5MbNy94ia4ZLf8OGtSfSjjlxxWN.jpg
Sesame Street,TV Show,2025,"On a special inner city street, the inhabitants—human and muppet—teach preschoolers basic educational and social concepts using comedy, cartoons, games, and songs.",7.13,284,154.3658,en,/14k9BfZ2p4rQBMeJ5crKTfUZVwD.jpg
Rick and Morty,TV Show,2025,Follows a sociopathic genius scientist who drags his inherently timid grandson on adventures across the universe.,8.678,11038,153.6188,en,/owhkU6KRqdXoUQpjV8uyZGPtX58.jpg
Hunter x Hunter,TV Show,2025,"Gon Freecss discovers that the father he had always been told was dead was actually alive the whole time. Ging is a famous Hunter: an individual who has proven themself an elite member of humanity. Gon becomes determined to follow in his father's footsteps, pass the rigorous Hunter Examination.",8.442,214,153.411,ja,/eobAuhCJA8oRp814V67WhezVXtQ.jpg
Miraculous: Tales of Ladybug & Cat Noir,TV Show,2025,"Marinette and Adrien, two Parisian teenagers, are entrusted with powerful jewels in order to transform into superheroes Ladybug and Cat Noir. But neither hero knows the other's true identity — or that they're classmates!",8.058,4609,149.8966,fr,/acrtAy8gmxcsEvrDP09MpMSCeDZ.jpg
House,TV Show,2025,"Dr. Gregory House, a drug-addicted, unconventional, misanthropic medical genius, leads a team of diagnosticians at the fictional Princeton–Plainsboro Teaching Hospital in New Jersey.",8.566,7654,146.7527,en,/3Cz7ySOQJmqiuTdrc6CY0r65yDI.jpg
Midsomer Murders,TV Show,2025,"The peacefulness of the Midsomer community is shattered by violent crimes, suspects are placed under suspicion, and it is up to a veteran DCI and his young sergeant to calmly and diligently eliminate the innocent and ruthlessly pursue the guilty. ",7.5,357,146.128,en,/pz7tsWxe0TTdfJnWPjZAEnrSl5M.jpg
Stranger Things,TV Show,2025,"When a young boy vanishes, a small town uncovers a mystery involving secret experiments, terrifying supernatural forces, and one strange little girl.",8.6,21382,144.7875,en,/uOOtwVbSr4QDjAGIifLDwpb2Pdl.jpg
6 Lovers,TV Show,2025,"The July issue of Dear+ announced anime adaptions of a series of manga serialized in the magazine in celebration of the magazine's 20th anniversary. Six anime series are collected into an ""in motion"" series titled ""6 Lovers.""",8.3,3,143.0365,ja,/6QCUTINWv4rxmWs6EGYDjqawU8c.jpg
Gram Chikitsalay,TV Show,2025,"The young, idealistic and brilliant Dr. Prabhat, takes charge of a neglected Primary Health Centre in a North India Village hoping to bring about much needed changes only to realise it is he who will have do change before anything else.",6.25,12,142.5123,hi,/peRHZYhvuA6MLTJkpf5nIjgsWx5.jpg
Minnale,TV Show,2025,,0.0,0,139.9211,ta,/wACr0ARXdPXZeakkw2ecg4PrDId.jpg
Breaking Bad,TV Show,2025,"Walter White, a New Mexico chemistry teacher, is diagnosed with Stage III cancer and given a prognosis of only two years left to live. He becomes filled with a sense of fearlessness and an unrelenting desire to secure his family's financial future at any cost as he enters the dangerous world of drugs and crime.",8.947,18027,138.7191,en,/ztkUQFLlC19CCMYHW9o1zWhJRNq.jpg
S.W.A.T.,TV Show,2025,"A Los Angeles S.W.A.T. sergeant is assigned to lead a highly skilled unit in the community where he grew up. Torn between loyalty to the streets, where the cops are sometimes the enemy, and allegiance to his brothers in blue, he strategically straddles the two worlds.",8.041,1575,138.3737,en,/1l7vsAIkqOzrqiPwjO27Cb5QdfJ.jpg
I Will Find You,TV Show,2025,"Wrongfully imprisoned for murdering his own son, a father sets out on a desperate rescue mission after learning the boy may still be alive.",8.31,175,137.9621,en,/pb9oYHHNzauiCQZT03MpDAg46GI.jpg
Bones,TV Show,2025,"Dr. Temperance Brennan and her colleagues at the Jeffersonian's Medico-Legal Lab assist Special Agent Seeley Booth with murder investigations when the remains are so badly decomposed, burned or destroyed that the standard identification methods are useless.",8.187,3515,137.4938,en,/eyTu5c8LniVciRZIOSHTvvkkgJa.jpg
Smallville,TV Show,2025,The origins of the world’s greatest hero–from Krypton refugee Kal-el’s arrival on Earth through his tumultuous teen years to Clark Kent’s final steps toward embracing his destiny as the Man of Steel.,8.191,4491,137.0342,en,/mHZSq8LA5Dt48JjaOZ5tcPXQRVN.jpg
CSI: Crime Scene Investigation,TV Show,2025,"A Las Vegas team of forensic investigators are trained to solve criminal cases by scouring the crime scene, collecting irrefutable evidence and finding the missing pieces that solve the mystery.",7.6,1393,136.4544,en,/i5hmoRjHNWady4AtAGICTUXknKH.jpg
Yellowstone,TV Show,2025,"Follow the violent world of the Dutton family, who controls the largest contiguous ranch in the United States. Led by their patriarch John Dutton, the family defends their property against constant attack by land developers, an Indian reservation, and America’s first National Park.",8.269,3191,135.9528,en,/vOYfRZ0NpUK5hG2CB2dJFnYJlGe.jpg
Secret Mission - Undercover Agents Never Back Down!,TV Show,2025,"Narcotics Enforcement Agent Riko Ikazuchi is undercover with her junior colleague Noma in an apartment that serves as the hideout for a criminal organization. Despite Riko and Noma posing as a newlywed couple, the criminals begin to suspect them after not hearing any marital intimacy during the night. To convince them that they are a loving couple, Noma starts touching Riko's body...",6.1,25,135.8157,ja,/xZV8e1iKi85PFZlbQBdznvtpAVJ.jpg
Shameless,TV Show,2025,"Chicagoan Frank Gallagher is the proud single dad of six smart, industrious, independent kids, who without him would be... perhaps better off. When Frank's not at the bar spending what little money they have, he's passed out on the floor. But the kids have found ways to grow up in spite of him. They may not be like any family you know, but they make no apologies for being exactly who they are.",8.169,3369,135.6926,en,/ifo31fMWLmyOVpdak9K0kY4jldQ.jpg
The Blacklist,TV Show,2025,"Raymond ""Red"" Reddington, one of the FBI's most wanted fugitives, surrenders in person at FBI Headquarters in Washington, D.C. He claims that he and the FBI have the same interests: bringing down dangerous criminals and terrorists. In the last two decades, he's made a list of criminals and terrorists that matter the most but the FBI cannot find because it does not know they exist. Reddington calls this ""The Blacklist"". Reddington will co-operate, but insists that he will speak only to Elizabeth Keen, a rookie FBI profiler.",7.634,3608,131.7577,en,/4HTfd1PhgFUenJxVuBDNdLmdr0c.jpg
American Dad!,TV Show,2025,"The series focuses on an eccentric motley crew that is the Smith family and their three housemates: Father, husband, and breadwinner Stan Smith; his better half housewife, Francine Smith; their college-aged daughter, Hayley Smith; and their high-school-aged son, Steve Smith. Outside of the Smith family, there are three additional main characters, including Hayley's boyfriend turned husband, Jeff Fischer; the family's man-in-a-goldfish-body pet, Klaus; and most notably the family's zany alien, Roger, who is ""full of masquerades, brazenness, and shocking antics.""",7.011,2385,127.4298,en,/eb9sH2am9IUSQ8GhXTNAVoujk8W.jpg
CHILL CLUB 推介,TV Show,2025,,0.0,0,124.0979,cn,/3n0cY8IQTtFf8JSGpVrYbfcR0Wa.jpg
Prison Break,TV Show,2025,"Due to a political conspiracy, an innocent man is sent to death row and his only hope is his brother, who makes it his mission to deliberately get himself sent to the same prison in order to break the both of them out, from the inside out.",8.068,5992,123.1362,en,/wnmNPaLvhnMeOqnWlhNkYCZxtda.jpg
The Bear,TV Show,2025,"Carmy, a young fine-dining chef, comes home to Chicago to run his family sandwich shop. As he fights to transform the shop and himself, he works alongside a rough-around-the-edges crew that ultimately reveal themselves as his chosen family.",8.137,1777,122.9638,en,/eKfVzzEazSIjJMrw9ADa2x8ksLz.jpg
The Prosecutor's Proposal,TV Show,2025,"A victim’s son and a killer’s son reunite as a prosecutor and investigator, fighting systemic corruption while becoming each other's salvation.",0.0,0,122.2712,ko,/lK6DrnFecG0AsA8O5UqEYOrOArd.jpg
Vikings,TV Show,2025,"The adventures of Ragnar Lothbrok, the greatest hero of his age. The series tells the sagas of Ragnar's band of Viking brothers and his family, as he rises to become King of the Viking tribes. As well as being a fearless warrior, Ragnar embodies the Norse traditions of devotion to the gods. Legend has it that he was a direct descendant of Odin, the god of war and warriors.",8.096,7672,122.1404,en,/bQLrHIRNEkE3PdIWQrZHynQZazu.jpg
Lucifer,TV Show,2025,"Bored and unhappy as the Lord of Hell, Lucifer Morningstar abandoned his throne and retired to Los Angeles, where he has teamed up with LAPD detective Chloe Decker to take down criminals. But the longer he's away from the underworld, the greater the threat that the worst of humanity could escape.",8.433,15523,122.0408,en,/ekZobS8isE6mA53RAiGDG93hBxL.jpg
The Flash,TV Show,2025,"After being struck by lightning, CSI investigator Barry Allen awakens from a nine-month coma to discover he has been  granted the gift of super speed.  Teaming up with S.T.A.R. Labs, Barry takes on the persona of The Flash, the Fastest  Man Alive, to protect his city.",7.758,11643,121.2606,en,/yZevl2vHQgmosfwUdVNzviIfaWS.jpg
Arrow,TV Show,2025,"Spoiled billionaire playboy Oliver Queen is missing and presumed dead when his yacht is lost at sea. He returns five years later a changed man, determined to clean up the city as a hooded vigilante armed with a bow.",6.835,6361,121.0449,en,/u8ZHFj1jC384JEkTt3vNg1DfWEb.jpg
Suits,TV Show,2025,"While running from a drug deal gone bad, Mike Ross, a brilliant young college-dropout, slips into a job interview with one of New York City's best legal closers, Harvey Specter. Tired of cookie-cutter law school grads, Harvey takes a gamble by hiring Mike on the spot after he recognizes his raw talent and photographic memory.",8.222,5760,118.5691,en,/vQiryp6LioFxQThywxbC6TuoDjy.jpg
The Office,TV Show,2025,"The everyday lives of office employees in the Scranton, Pennsylvania branch of the fictional Dunder Mifflin Paper Company.",8.6,5260,118.494,en,/7DJKHzAi83BmQrWLrYYOqcoKfhR.jpg
Dexter,TV Show,2025,"Dexter Morgan, a blood spatter pattern analyst for the Miami Metro Police also leads a secret life as a serial killer, hunting down criminals who have slipped through the cracks of justice.",8.239,5603,115.5211,en,/q8dWfc4JwQuv3HayIZeO84jAXED.jpg
Friends,TV Show,2025,"Six young people from New York City, on their own and struggling to survive in the real world, find the companionship, comfort and support they get from each other to be the perfect antidote to the pressures of life.",8.418,9170,115.4045,en,/2koX1xLkpTQM4IZebYvKysFW1Nh.jpg
Watch What Happens Live with Andy Cohen,TV Show,2025,Bravo network executive Andy Cohen discusses pop culture topics with celebrities and reality show personalities.,5.0,87,115.3725,en,/onSD9UXfJwrMXWhq7UY7hGF2S1h.jpg
Running Man,TV Show,2025,"These days, as variety shows are gradually disappearing, this is one of Korea’s representative variety shows that has been responsible for Sunday evenings for over 10 years. This program features numerous stars and members going around various places, playing games, and completing missions. In particular, among the many fun elements of variety shows, this one focuses solely on laughter.

Open your eyes! Big fun is coming in!

Open your mouth! Big laughter is coming in!

Open your heart! Useful lessons are coming in!",8.2,213,115.0627,ko,/2Wmmu1MkqxJ48J7aySET9EKEjXz.jpg
The Last Ship,TV Show,2025,"Their mission is simple: Find a cure. Stop the virus. Save the world. When a global pandemic wipes out eighty percent of the planet's population, the crew of a lone naval destroyer must find a way to pull humanity from the brink of extinction.",6.864,1033,113.4998,en,/xH529hDtPxhslAEeCrN7gD64ZMX.jpg
Doctor Who,TV Show,2025,"The Doctor is a Time Lord: a 900 year old alien with 2 hearts, part of a gifted civilization who mastered time travel. The Doctor saves planets for a living—more of a hobby actually, and the Doctor's very, very good at it.",7.6,3387,112.4783,en,/m6G92osOtSeXwjSfL21jZCUOvxe.jpg
Euphoria,TV Show,2025,"A group of high school students navigate love and friendships in a world of drugs, sex, trauma, and social media.",8.284,10910,111.6242,en,/ypmtwojDd751Peszi62DVLytqqC.jpg
Modern Family,TV Show,2025,"The Pritchett-Dunphy-Tucker clan is a wonderfully large and blended family. They give us an honest and often hilarious look into the sometimes warm, sometimes twisted, embrace of the modern family.",7.912,3394,110.9765,en,/k5Qg5rgPoKdh3yTJJrLtyoyYGwC.jpg
Renegade Immortal,TV Show,2025,"It tells the story of Wang Lin, an ordinary young man in the countryside, who is moved by his heart and cultivates against immortality. His pursuit is not only for longevity, but also for getting rid of the ants behind it. He firmly believed in human beings and entered the path of cultivation with mediocre qualifications. After experiencing ups and downs, with his wise mind, he gradually reached the pinnacle and became famous in the cultivation world with his own strength.",8.4,37,110.799,zh,/2jEJSCLFjniFT7z4YvyY9Ywo1lc.jpg
"Crazy Love, Moo-Moo!",TV Show,2025,"To drive away a persistent admirer, MooMoo interns at his hotel to show off his worst habits, only to find himself falling for the man he hates.",7.5,2,109.7072,th,/bpj6cELj5j3SzkMoncQCYDY19Ve.jpg
The Walking Dead,TV Show,2025,Sheriff's deputy Rick Grimes awakens from a coma to find a post-apocalyptic world dominated by flesh-eating zombies. He sets out to find his family and encounters many other survivors along the way.,8.086,17921,109.0172,en,/aN29llVoCFtBTwDZFtqdD9d8dHb.jpg
The Sopranos,TV Show,2025,"The story of New Jersey-based Italian-American mobster Tony Soprano and the difficulties he faces as he tries to balance the conflicting requirements of his home life and the criminal organization he heads. Those difficulties are often highlighted through his ongoing professional relationship with psychiatrist Jennifer Melfi. The show features Tony's family members and Mafia associates in prominent roles and story arcs, most notably his wife Carmela and his cousin and protégé Christopher Moltisanti.",8.673,3514,107.3645,en,/rTc7ZXdroqjkKivFPvCPX0Ru7uw.jpg
Jimihen!! Jimiko o Kae Chau Jun Isei Kouyuu,TV Show,2025,"The story follows Rena Yukuhasahi, a reserved office lady and Ryouhei Hachiya, a businessman and fellow colleague. Yukuhasahi appears to be the most reserved girl in the company, but becomes a super beautiful woman when she dresses up. Flustered in the presence of her transformed self, Hachiya insists on taking her out, only to find themselves in front of a love hotel.",6.4,25,106.687,ja,/to5FshluwPdO9d3Ucs7fagJL7OU.jpg
Resort,TV Show,2025,A debt-ridden room service boy rises to challenge a ruthless kitchen at a luxurious beachside haven.,0.0,0,106.2553,ta,/cL7iOwqapRRb7eKKlXI4FDaP6rh.jpg
JUJUTSU KAISEN,TV Show,2025,"Yuji Itadori is a boy with tremendous physical strength, though he lives a completely ordinary high school life. One day, to save a classmate who has been attacked by curses, he eats the finger of Ryomen Sukuna, taking the curse into his own soul. From then on, he shares one body with Ryomen Sukuna. Guided by the most powerful of sorcerers, Satoru Gojo, Itadori is admitted to Tokyo Jujutsu High School, an organization that fights the curses... and thus begins the heroic tale of a boy who became a curse to exorcise a curse, a life from which he could never turn back.",8.578,4508,104.7259,ja,/fHpKWq9ayzSk8nSwqRuaAUemRKh.jpg
Reacher,TV Show,2025,"Jack Reacher, a veteran military police investigator, has just recently entered civilian life. Reacher is a drifter, carrying no phone and the barest of essentials as he travels the country and explores the nation he once served.",8.08,2900,104.5994,en,/31GlRQMiDunO8cl3NxTz34U64rf.jpg
Doraemon,TV Show,2025,"Robotic cat Doraemon is sent back in time from the 22nd century to protect 10-year-old Noby, a lazy and uncoordinated boy who is destined to have a tragic future. Doraemon can create secret gadgets from a pocket on his stomach, but they usually cause more bad than good because of Noby's propensity to misuse them.",8.067,232,104.3438,ja,/9ZN1P32SHviL3SV51qLivxycvcx.jpg
PAW Patrol,TV Show,2025,"Marshall, Rocky, Rubble, Zuma and Skye are doing their best to protect the people of their town. Led by Ryder, a tech-savvy 10-year-old boy, each of them is equipped with special equipment and together they help anyone who finds themselves in trouble. No task is too big for them and no puppy is too small.",7.0,812,103.337,en,/8HXkgUBO5OF8ZK9XbY69RM4S5rv.jpg
The Late Show with Stephen Colbert,TV Show,2025,"Stephen Colbert brings his signature satire and comedy to The Late Show with Stephen Colbert, the #1 show in late night, where he talks with an eclectic mix of guests about what is new and relevant in the worlds of politics, entertainment, business, music, technology, and more. Featuring bandleader Jon Batiste with his band Stay Human, the Emmy Award-nominated show is broadcast from the historic Ed Sullivan Theater.",6.093,356,101.5009,en,/9jkThAGYj2yp8jsS6Nriy5mzKFT.jpg
Kamen Rider,TV Show,2025,"Takeshi Hongo is a promising young man with a passion for motorcycle racing. However, his dreams are suddenly ruined when he gets kidnapped by Shocker, the evil secret organization planning to dominate the world. After being remodeled into a cyborg, Takeshi escapes and swears to protect the world from the inhuman monsters.",6.45,101,101.2794,ja,/2DIBDFHiKQawz4WPsYekl9DHwyA.jpg
Homeland,TV Show,2025,"CIA officer Carrie Mathison is tops in her field despite being bipolar, which makes her volatile and unpredictable. With the help of her long-time mentor Saul Berenson, Carrie fearlessly risks everything, including her personal well-being and even sanity, at every turn.",7.584,2594,100.8986,en,/6GAvS2e6VIRsms9FpVt33PsCoEW.jpg
Stargate SG-1,TV Show,2025,"The story of Stargate SG-1 begins about a year after the events of the feature film, when the United States government learns that an ancient alien device called the Stargate can access a network of such devices on a multitude of planets. SG-1 is an elite Air Force special operations team, one of more than two dozen teams from Earth who explore the galaxy and defend against alien threats such as the Goa'uld, Replicators, and the Ori.",8.268,1834,100.3684,en,/dQjmI7XxI47v8IM2MUysHG0LuU2.jpg
The Daily Show,TV Show,2025,"The World's Fakest News Team tackle the biggest stories in news, politics and pop culture.",6.405,641,99.8086,en,/ixcfyK7it6FjRM36Te4OdblAq4X.jpg
Grimm,TV Show,2025,"After Portland homicide detective Nick Burkhardt discovers he's descended from an elite line of criminal profilers known as ""Grimms,"" he increasingly finds his responsibilities as a detective at odds with his new responsibilities as a Grimm.",8.27,3558,99.3419,en,/iOptnt1QHi6bIHmOq6adnZTV0bU.jpg
Lost,TV Show,2025,"Stripped of everything, the survivors of a horrific plane crash must work together to stay alive. But the island holds many secrets.",7.958,5115,99.1839,en,/og6S0aTZU6YUJAbqxeKjCa3kY1E.jpg
Chicago Fire,TV Show,2025,"An edge-of-your-seat view into the lives of everyday heroes committed to one of America's noblest professions. For the firefighters, rescue squad and paramedics of Chicago Firehouse 51, no occupation is more stressful or dangerous, yet so rewarding and exhilarating. These courageous men and women are among the elite who forge headfirst into danger when everyone else is running the other way and whose actions make the difference between life and death.",8.4,2404,98.7013,en,/r915sk2JpthZSjHEgZKifWxgo6L.jpg
Desperate Housewives,TV Show,2025,"Looking down on her friends and family isn't a way of life for Mary Alice Young... it's a way of death. One day, in her perfect house, in the loveliest of suburbs, Mary Alice ended it all. Now she's taking us into the lives of her family, friends and neighbors, commenting from her elevated P.O.V.",7.9,2085,97.6028,en,/sywYmV9c9Vj2U7ocqNyfDt2pz3r.jpg
Harem in the Labyrinth of Another World,TV Show,2025,"High school student Michio Kaga was wandering aimlessly through life and the Internet, when he finds himself transported from a shady website to a fantasy world — reborn as a strong man who can use ""cheat"" powers. He uses his powers to become an adventurer, earn money, and get the right to claim girls that have idol-level beauty to form his very own harem.",7.3,156,97.5001,ja,/drAnsk5w2PX5x3ooPv7I2xr3ksq.jpg
The Tonight Show Starring Jimmy Fallon,TV Show,2025,"After Jay Leno's second retirement from the program, Jimmy Fallon stepped in as his permanent replacement. After 42 years in Los Angeles the program was brought back to New York.",5.802,378,96.9092,en,/1N4o5PmmqhlVDrcdJ2RlCFWbLGX.jpg
Slay the Gods,TV Show,2025,"""If the dark night comes to an end, I will stand in front of tens of thousands of people, slashing my sword into the abyss, staining the sky with blood!"" Have you ever thought that monsters from ancient myths lurk under the bright neon cities? Have you ever thought that above the moon hanging high above the heads of the world, there are gods watching over the world? Have you ever thought that in the crowded modern cities, there are extraordinary people who walk the world in place of gods?",8.3,16,96.3938,zh,/n4lEQkgCDuOP3TNvIjkzn5QjRp.jpg
Crazy Over His Fingers: Just the Two of Us in a Salon After Closing,TV Show,2025,"Fumi works as an assistant at a popular salon in the city and is aiming to become a hairdresser. She receives strict guidance from Sousuke, the salon's charismatic hairdresser and manager. Every time he touches Fumi, she becomes agitated. One day after the salon closed, Fumi stands in as Sousuke's practice partner at the shampoo station. As he touches her and sprinkles her with water, she becomes angry again! Or so the thought...could she actually be attracted to him? Sousuke flashes an evil smile as he senses Fumi's heart, and his fingertips start to stroke every corner of her body...Fumi cannot refuse his fingers anymore.",6.4,19,96.3672,ja,/hlk5xhZw5uSBJvpJD3xbX2k6BhA.jpg
Spartacus,TV Show,2025,"Torn from his homeland and the woman he loves, Spartacus is condemned to the brutal world of the arena where blood and death are primetime entertainment.",8.029,2964,95.9873,en,/c2GKN4VHCj1dnjFMANRpGkCVBae.jpg
The Vampire Diaries,TV Show,2025,"The story of two vampire brothers obsessed with the same girl, who bears a striking resemblance to the beautiful but ruthless vampire they knew and loved in 1864.",8.302,9644,95.8617,en,/b3vl6wV1W8PBezFfntKTrhrehCY.jpg
Hawaii Five-0,TV Show,2025,"Steve McGarrett returns home to Oahu, in order to find his father's killer. The governor offers him the chance to run his own task force (Five-0). Steve's team is joined by Chin Ho Kelly, Danny ""Danno"" Williams, and Kono Kalakaua.",7.736,1867,95.3014,en,/sIdCKlmM2nU4akIvFQaAIiU8YES.jpg
FBI,TV Show,2025,"The New York office of the FBI brings to bear all their talents, intellect and technical expertise on major cases in order to keep their city and the country safe.",7.927,915,94.6697,en,/zfKS4WL0OZ9udpNoSYZw91VB3aH.jpg
Harem Camp!,TV Show,2025,"The story follows teacher and veteran solo camper Kensuke, who forms a camping group with four girls.",7.0,25,94.2118,ja,/dsaYRfBviInhrulwtHOyg1KB4ct.jpg
Bluey,TV Show,2025,"Bluey is an inexhaustible six year-old Blue Heeler dog, who loves to play and turns everyday family life into extraordinary adventures, developing her imagination as well as her mental, physical and emotional resilience.",8.581,707,93.2384,en,/b9mY0X5T20ZM073hoa5n0dgmbfN.jpg
Seinfeld,TV Show,2025,A stand-up comedian and his three offbeat friends weather the pitfalls and payoffs of life in New York City in the '90s. It's a show about nothing.,8.263,2360,93.1675,en,/aCw8ONfyz3AhngVQa1E2Ss4KSUQ.jpg
Castle,TV Show,2025,"After a serial killer imitates the plots of his novels, successful mystery novelist Richard ""Rick"" Castle receives permission from the Mayor of New York City to tag along with an NYPD homicide investigation team for research purposes.",7.973,2106,93.1522,en,/diXBeMzvfJb2iJg3G0kCUaMCzEc.jpg
Fire in His Fingertips,TV Show,2025,"Office worker Ryou Fujihashi is trapped inside her apartment which has set ablaze. The firefighters arrive in time to save her, and one of them happens to be Souma Mizuno, Fujihashi's childhood friend who she had a crush on. As the apartment fire gets put out, an old love gets rekindled.",6.905,21,93.13,ja,/yHUDRf2e9FGeWXPsT5lVF3iCUwc.jpg
Disclosure Day,Movie,2026,"A cybersecurity expert becomes a whistleblower after uncovering secrets about aliens, putting him on the run from a corporation. Meanwhile, a meteorologist experiencing strange phenomena joins forces with him to prove there's life beyond our understanding.",6.679,752,647.9174,en,/AnJ8IQJI23hNpYXVNaythu061Ru.jpg
Obsession,Movie,2026,"After breaking the mysterious ""One Wish Willow"" to win his crush's heart, a hopeless romantic finds himself getting exactly what he asked for but soon discovers that some desires come at a dark, sinister price.",8.135,1499,609.353,en,/bRwnj8WEKBCvmfeUNOukJPwB43K.jpg
Toy Story 5,Movie,2026,"When Bonnie receives a Lilypad tablet as a gift and becomes obsessed, Buzz, Woody, Jessie and the rest of the gang's jobs become exponentially harder when they have to go head to head with the all-new threat to playtime.",7.425,408,538.9499,en,/pxG26JdyuiDvJbSoucknaFiLeZD.jpg
Welcome to the Jungle,Movie,2026,"A group of quirky characters gets stuck in a dangerous jungle during a chaotic mission. Filled with confusion, criminals, and hilarious situations, they must work together to survive and find their way out.",5.3,16,527.6674,hi,/1JlfUuvvX5xLP2LIDah4JhWUtTx.jpg
Backrooms,Movie,2026,A strange doorway appears in the basement of a furniture showroom.,6.843,817,511.9282,en,/rhGx6E3qRNMgj3i5su2oukNHwIQ.jpg
Scary Movie,Movie,2026,"Twenty-six years after outrunning a suspiciously familiar masked killer, the Core Four are back in the killer's crosshairs and no horror movie IP is safe.",5.452,395,485.6451,en,/reZ8NInXjMkkaOpUHcI3Pn7iaRN.jpg
Deep Water,Movie,2026,A group of international passengers on a flight from Los Angeles to Shanghai is forced to make an emergency landing in shark-infested waters. The terrified group is forced to work together and overcome their differences if they hope to escape their sinking plane and the frenzy of sharks drawn to the wreckage.,6.146,72,304.397,en,/kjcuS7xaRyqRjVaVcH4t0qHshuX.jpg
Supergirl,Movie,2026,"When an unexpected and ruthless adversary strikes too close to home, Kara Zor-El, aka Supergirl, reluctantly joins forces with an unlikely companion on an epic, interstellar journey of vengeance and justice.",6.2,300,270.0264,en,/niSvU02l2BONH9ivubV6K1a5QiK.jpg
Michael,Movie,2026,"The story of Michael Jackson, one of the most influential artists the world has ever known, and his life beyond the music. His journey from the discovery of his extraordinary talent as the lead of the Jackson Five, to the visionary artist whose creative ambition fueled a relentless pursuit to become the biggest entertainer in the world, highlighting both his life off-stage and some of the most iconic performances from his early solo career.",8.701,3210,262.3596,en,/zm0KAbOjlt9eR5y7vDiL2dEOwMl.jpg
The Sheep Detectives,Movie,2026,"George Hardy is a shepherd who reads detective novels to his beloved sheep every night, assuming they can't possibly understand. But when a mysterious incident disrupts life on the farm, the sheep realize they must become the detectives. As they follow the clues and investigate human suspects, they prove that even sheep can be brilliant crime-solvers.",7.747,598,236.4043,en,/iKy5460GdsoknM8ppmGlJbKxAKa.jpg
Citizen Vigilante,Movie,2026,"A man takes justice into his own hands, hunting down criminals. His vigilante crusade makes him a social media star but puts him at odds with the local police chief.",6.7,155,221.2655,en,/6LmJD3Wohe0g4U62wgi7RyJqfE4.jpg
Mortal Kombat II,Movie,2026,"The fan favorite champions—now joined by Johnny Cage himself—are pitted against one another in the ultimate, no-holds barred, gory battle to defeat the dark rule of Shao Kahn that threatens the very existence of the Earthrealm and its defenders.",7.989,1789,219.9335,en,/hwRdDFIhaEmpRgoki805YvyyjZf.jpg
The Devil Wears Prada 2,Movie,2026,"Andy Sachs returns to Runway as Miranda Priestly navigates a new media landscape and Runway's position within. The duo reconnect with former assistant Emily Charlton, now the head of a luxury brand that possesses funding which could ensure Runway's survival.",6.8,1054,202.6534,en,/fCAURTUx3YfsJ8k9I0UamjSILiR.jpg
Your Heart Will Be Broken,Movie,2026,"High school student Polina is saved from bullying at her new school and makes a deal with the main bully Bars: he must pretend to be her boyfriend and protect her, and she must do everything he says. During this game, the couple develops real feelings, but her family and classmates have reasons to separate the lovers.",7.024,106,196.346,ru,/7wIBfBl2gejt6xHxNSK0reVIm7E.jpg
The Super Mario Galaxy Movie,Movie,2026,"Having thwarted Bowser's previous plot to marry Princess Peach, Mario and Luigi now face a fresh threat in Bowser Jr., who is determined to liberate his father from captivity and restore the family legacy. Alongside companions new and old, the brothers travel across the stars to stop the young heir's crusade.",8.24,2906,155.0737,en,/eJGWx219ZcEMVQJhAgMiqo8tYY.jpg
Minions & Monsters,Movie,2026,"This is the rambunctious, ridiculous and totally true story of how the Minions conquered Hollywood, became movie stars, lost everything, unleashed monsters onto the world and then banded together to try and save the planet from the mayhem they had just created.",6.7,51,148.9936,en,/nz7i42yhLIJ4ve9JKgM6NthoLHO.jpg
Little Brother,Movie,2026,"A tightly wound realtor's picture-perfect life gets an extreme makeover when his lovably chaotic ""little brother"" suddenly reappears.",6.273,139,140.5651,en,/hIJpXb7Xaje2mebN9ylsS7blQzP.jpg
The Mandalorian and Grogu,Movie,2026,"The evil Empire has fallen, and Imperial warlords remain scattered throughout the galaxy. As the fledgling New Republic works to protect everything the Rebellion fought for, they have enlisted the help of legendary Mandalorian bounty hunter Din Djarin and his young apprentice Grogu.",6.677,546,138.3072,en,/5Vi8dSauVwH1HOsiZceDMbRr1Ca.jpg
Avatar Aang: The Last Airbender,Movie,2026,"Avatar Aang, the world's last Airbender, learns of an ancient power that could save his culture from extinction. With the help of his friends, he embarks on a global quest to find it before it falls into the wrong hands and threatens to upend the peace they sacrificed everything to achieve.",0.0,0,132.9589,en,/29Jdsak3SrwGds5k1t43kH6Khed.jpg
Cocktail 2,Movie,2026,"After a decade together, Diya and Kunal's relationship is shaken when Ally, an old friend, re-enters their lives. What begins as a plan between two women spirals into chaos, triggering hilarious, emotional rollercoaster none of them saw coming.",5.8,19,131.2175,hi,/oIQmtByV1LtEQSwM4EpdLTyoSlM.jpg
Blast,Movie,2026,A seemingly ordinary family must unleash their hidden martial arts skills when they clash with a ruthless criminal gang tied to corruption and violence.,6.9,26,113.6573,ta,/ho824aZtnBzE6FuJRn2znQCq4qQ.jpg
The Furious,Movie,2026,"After Wang Wei's daughter is kidnapped by a criminal network and he receives no help from the corrupt police, Wei sets out to find her himself. His only ally is Navin, a relentless journalist whose wife has mysteriously disappeared. Fueled by a furious vengeance, the unlikely duo ruthlessly battle the kidnappers in this explosive martial arts showdown.",7.7,69,128.5188,en,/zP19YO60jwEsfKd5Qf1UvA5uJu8.jpg
Project Hail Mary,Movie,2026,"Science teacher Ryland Grace wakes up on a spaceship light years from home with no recollection of who he is or how he got there. As his memory returns, he begins to uncover his mission: solve the riddle of the mysterious substance causing the sun to die out. He must call on his scientific knowledge and unorthodox ideas to save everything on Earth from extinction.",8.691,5534,123.0578,en,/yihdXomYb5kTeSivtFndMy5iDmf.jpg
Lee Cronin's The Mummy,Movie,2026,"The young daughter of a journalist disappears into the desert without a trace—eight years later, the broken family is shocked when she is returned to them, as what should be a joyful reunion turns into a living nightmare.",8.029,2033,114.9775,en,/1q308iixueCU4pFtSYugNOevtNx.jpg
Swapped,Movie,2026,"A small woodland creature and a majestic bird, two natural sworn enemies of the Valley, magically trade places and set off on an adventure of a lifetime to switch back. Their journey soon uncovers a greater threat—one that could endanger not only their species, but the entire valley they call home.",8.956,1837,113.1324,en,/tHhxWxge06goXU6ZQH1hj7vK8Hd.jpg
Enola Holmes 3,Movie,2026,"Adventure follows detective Enola Holmes to Malta, where her plans to tie the knot unravel when Sherlock's disappearance plunges her into a perilous case.",7.6,65,116.1365,en,/7kRYHH9H9PjBFwz1FprbHB2AAjI.jpg
Your Fault: London,Movie,2026,"Nick and Noah are both embarking on life-changing adventures that are threatening to pull them apart—Nick in business with his father and Noah starting a fresh chapter at Oxford University. Now living separate lives, and meeting new people, they find themselves entangled in temptations, rivalries, and betrayals and their bond is tested like never before. As secrets unravel and temptation rises, they must fight to hold onto each other—or risk losing everything.",7.566,145,92.5067,en,/nLxu237EJAisFCYKK48hN9Plobx.jpg
The Punisher: One Last Kill,Movie,2026,"As Frank Castle searches for meaning beyond revenge, an unexpected force pulls him back into the fight.",8.345,1759,99.8665,en,/qQclTgLMDvGBuUBFGHRipxkEwWR.jpg
Kill Code,Movie,2026,"North America has been divided into four main quadrants. A power-hungry corporation has taken over the conventional prison system and made criminals the new law enforcers.  The owner of that corporation, nanoscientist Eion Prescott, created a nano-virus called Onyx. Which is distributed through deadly watches to criminals. First, infecting them. Then, forcing them into eliminating each other for freedom. Who can topple the corporation's entire system from within?",5.5,12,96.0323,en,/bXvSKLCillha6wxY0yxoRCM2WQl.jpg
El mal,Movie,2026,"“El mal is basically a suspense story, where the audience senses that something disturbing is going to happen, but doesn't know how or when. But it also aims to get the viewer to question their own certainties, their capacity to love and to accept their own dark side.”",6.0,2,95.8673,es,/fZWqXuy6UAgnc9ySFyZhXaB2DoR.jpg
Seven Snipers,Movie,2026,"When a former elite sniper is hunted down by the ruthless warlord who once held her captive, she must fight to the death to protect the daughter she has raised in hiding, on a remote Australian farm.",5.788,40,85.6528,en,/pK6tGCG6UAgUT5FTq3ylGErHxQQ.jpg
Bhooth Bangla,Movie,2026,"A man inherits a palace in rural Mangalpur and plans his sister's wedding there, but strange supernatural events and panicked locals force him to investigate the property's mysterious past.",5.523,44,97.2632,hi,/ArIS4vwUxdhm3j7tsTHmffdfU8W.jpg
Masters of the Universe,Movie,2026,"After being separated for 15 years, the Sword of Power leads Prince Adam back to Eternia, where he discovers his home shattered under the fiendish rule of Skeletor. To save his family and his world, Adam must join forces with his closest allies, Teela and Duncan/Man-At-Arms, and embrace his true destiny as He-Man — the most powerful man in the universe.",7.0,349,85.6926,en,/3YMd9Ogae4rDKLWuAZFuse9xhc5.jpg
Hoppers,Movie,2026,"Scientists have discovered how to 'hop' human consciousness into lifelike robotic animals, allowing people to communicate with animals as animals. Animal lover Mabel seizes an opportunity to use the technology, uncovering mysteries within the animal world beyond anything she could have imagined.",8.2,1783,91.3435,en,/xjtWQ2CL1mpmMNwuU5HeS4Iuwuu.jpg
In the Grey,Movie,2026,"A covert team of elite operatives are living in the shadows. When a ruthless despot steals a billion-dollar fortune, they're sent to take it back—an impossible heist that erupts into a deadly game of strategy, deception and survival.",6.7,287,102.4516,en,/dQgIcW6Th08kMRf2HBoYWoFE6OD.jpg
Peddi,Movie,2026,"In 1980s rural Andhra Pradesh, a spirited villager unites his community through sports to defend their pride against a powerful rivals.",6.1,53,56.0442,te,/kJAJNNBYlbqAcpTDxBNnaILSMTy.jpg
Spider-Man: Brand New Day,Movie,2026,Fighting crime full-time as Spider-Man in a world that doesn't remember him—and the pressure of seeing his old friends move on without him—sparks a change in Peter Parker he may not have the power to control. But that transformation might also be the only thing that can stop a shocking new threat to the city and those he loves - a powerful villain no one can even see.,0.0,0,80.1716,en,/yyB2VJEW3an2xCdcYCPQhn9QERR.jpg
Chum,Movie,2026,"A newlywed couple joins friends on a Mediterranean yacht excursion, only to find themselves caught between a predatory shark and a psychopathic killer in their midst-transforming a sun-drenched escape into a fight for survival.",5.05,20,62.5744,en,/uJOW6pWxJ0i5sji9VXRR6Y1wXyE.jpg
Karuppu,Movie,2026,"In a world where justice falters, guardian deity Vettai Karuppu takes the guise of a lawyer to battle a corrupt legal system preying on the powerless.",6.6,21,62.7116,ta,/4KZXlZ5tTT6ghbW77gS4hSLkCd7.jpg
Tom Clancy's Jack Ryan: Ghost War,Movie,2026,"Jack Ryan is reluctantly pulled back into espionage when an international covert mission unravels a deadly conspiracy. Racing against time, he joins CIA allies Mike November & James Greer and sharp MI6 officer Emma Marlowe to battle a rogue black-ops unit in a high-stakes, deeply personal fight.",7.026,623,70.9212,en,/8ehYxUh5MWE41AeE9gkHE8DKzvB.jpg
Hokum,Movie,2026,"When novelist Ohm Bauman retreats to a remote inn to scatter his parents' ashes, he is consumed by tales of a witch haunting the honeymoon suite. Disturbing visions and a shocking disappearance forces him to confront dark corners of his past.",6.884,449,63.8318,en,/jKPWwsbAM6HKURPYQ1eG8DmKMKn.jpg
KD – The Devil,Movie,2026,"In the early 1970s, a petty criminal Kaali unwittingly involves himself with underworld thugs, catalyzing events beyond his control.",7.5,2,55.1518,kn,/nEuEMJrnLBneE9tJlmzbhCFLu95.jpg
Torrente for President,Movie,2026,"Years have passed since his last adventure, but José Luis Torrente, the most politically incorrect former cop in Spain, still sees himself as a national hero.",6.095,84,64.8053,es,/yrDKwAdZRJjoQ9RZwzRGPpMC7U1.jpg
Apex,Movie,2026,A grieving woman pushing her limits on a solo adventure in the Australian wild is ensnared in a twisted game with a cunning killer who thinks she's prey.,6.824,1557,57.174,en,/eTp7gSPkSF3Aw79mNx1NkBP1PZT.jpg
Dhurandhar: The Revenge,Movie,2026,"As rival gangs, corrupt officials and a ruthless Major Iqbal close in, Hamza's mission for his country spirals into a bloody personal war where the line between patriot and monster disappears in the streets of Lyari.",7.333,126,48.8541,hi,/ptTwQES14pr5c3aZvJg56YlYgb1.jpg
Pretty Lethal,Movie,2026,A troupe of ballerinas find themselves fighting for survival as they attempt to escape from a remote inn after their bus breaks down on the way to a dance competition.,6.8,427,53.4078,en,/znTPnXCK3lEQJgqXCvP7e5FUz6f.jpg
GOAT,Movie,2026,"A small goat with big dreams gets a once-in-a-lifetime shot to join the pros and play roarball, a high-intensity, co-ed, full-contact sport dominated by the fastest, fiercest animals in the world.",8.117,858,68.6516,en,/wfuqMlaExcoYiUEvKfVpUTt1v4u.jpg
Crime 101,Movie,2026,"When an elusive thief whose high-stakes heists unfold along the iconic 101 freeway in Los Angeles eyes the score of a lifetime, with hopes of this being his final job, his path collides with a disillusioned insurance broker who is facing her own crossroads. Determined to crack the case, a relentless detective closes in on the operation, raising the stakes even higher.",7.004,1125,55.4406,en,/tVvpFIoteRHNnoZMhdnwIVwJpCA.jpg
Tuner,Movie,2026,"A gifted piano tuner's meticulous skills for tuning pianos lead him to discover an unexpected aptitude for cracking safes, turning his life upside down.",7.2,122,54.1397,en,/5OvA3i9wZs5jHu0DCrfmXlzAM67.jpg
King Kaew,Movie,2026,"After a child in her care dies, a young woman is executed for a crime she didn't commit. Now, her spirit seeks justice for her wrongful death.",2.5,2,48.5832,th,/pPdHuTs4RAdxs0yaXnlxl1AM3f1.jpg
Carry On Jatta 4,Movie,2026,A romantic deception spirals into household chaos when a family must construct an elaborate web of lies to conceal a secret relationship.,8.0,1,64.8152,pa,/bKa9qAg71Kkjz0tOT1gxSAX9Nfv.jpg
Greenland 2: Migration,Movie,2026,"Having found the safety of the Greenland bunker after the comet Clarke decimated the Earth, the Garrity family must now risk everything to embark on a perilous journey across the wasteland of Europe to find a new home.",6.425,1268,66.9358,en,/z2tqCJLsw6uEJ8nJV8BsQXGa3dr.jpg
Maa Inti Bangaram,Movie,2026,"Through both her moments of fear and bravery, a woman discovers that embracing her vulnerabilities is as vital to her inner strength as facing challenges head-on.",6.3,3,42.5112,te,/n7X5JZLzqzUxwdn9Mwx9cegEnBv.jpg
Shelter,Movie,2026,"A man living in self-imposed exile on a remote island rescues a young girl from a violent storm, setting off a chain of events that forces him out of seclusion to protect her from enemies tied to his past.",7.687,1361,46.8509,en,/buPFnHZ3xQy6vZEHxbHgL1Pc6CR.jpg
War Machine,Movie,2026,"On one last grueling mission during Army Ranger training, a combat engineer must lead his unit in a fight against a giant otherworldly killing machine.",7.406,1997,47.2641,en,/rFhKkXhk7ClU03jQ5rHIApJDwev.jpg
undertone,Movie,2026,The host of a popular paranormal podcast becomes haunted by terrifying recordings mysteriously sent her way.,6.1,294,38.9677,en,/2PFgFMnrdCPXWiZl1PUvky7Mo9D.jpg
Main Vaapas Aaunga,Movie,2026,"An elderly man remains haunted by a childhood romance and memories of love lost during the 1947 Partition of India. As he shares his story with his grandson, the past unfolds through memories of migration, longing, and a love that endures across generations.",6.5,8,31.6468,hi,/8n7OeeyAqwmGS81Is2c6Ho65tgW.jpg
The Odyssey,Movie,2026,"Odysseus, the legendary King of Ithaca, embarks on a long and perilous journey home following the Trojan War. Throughout his voyage, he is forced to confront the whims of gods, mythological monsters, and trials that stretch both his cunning and his humanity to the breaking point.",0.0,0,42.654,en,/5rhTDKUhPYvpdQIijFIs5VoWsON.jpg
Vengeance,Movie,2026,"The brutal murder of the wife of “Toro,” a military hero in the special forces, turns him into a man with a single purpose: revenge. After a stroke of fate makes him a millionaire, Carlos transforms his fortune into an arsenal and, together with his closest soldiers, sets out to hunt down those responsible.",7.521,267,37.9526,es,/ygWXPL0RS91JyJPNOfK34eV3bRE.jpg
Colony,Movie,2026,"Professor Se-jeong is thrust into a bloody nightmare when a rapidly mutating virus is released during a biotech conference causing authorities to seal the facility. Trapped inside with no escape, Se-jeong along with a small group of survivors must fight to stay alive while the infected undergo horrific transformations.",7.0,77,41.6137,ko,/tN799oUR0f1gUKDYdMNrDaY7I51.jpg
Stepdaddy,Movie,2026,Emotions and intrigue run high in this titillating taboo family affair. Chloe and Nica are sisters who both find themselves in their own passionate love affairs with their stepdad Carl.,5.3,3,40.6348,tl,/oZxNblisKuDzSUW5g18FERjyJs9.jpg
Southern Scares,Movie,2026,"Mystery, horror, and Southern folklore collide in the 1990s when a video store worker discovers chilling secrets found in her missing sister's documentary series, Southern Scares.",3.5,2,38.5577,en,/fxb0FoBH6e5NJwdVKiwjMAQzvcy.jpg
Moana,Movie,2026,"Moana answers the Ocean's call and, for the first time, voyages beyond the reef of her island of Motunui with the infamous demigod Maui on an unforgettable journey to restore prosperity to her people.",0.0,0,38.2505,en,/zKVgiv5qHCvCLT4A2ymJi5QeXDH.jpg
Beast,Movie,2026,"MMA legend Patton James, now a commercial fisherman, is pulled back into the cage when his brother is in danger. Reuniting with his old coach Sammy, he commits to one final fight in one championship against the brutal champion Xavier Grau.",6.31,63,37.9791,en,/7NrvUI3vnW8H3rD7ExKcTL7KRcQ.jpg
The Drama,Movie,2026,A happily engaged couple is put to the test when an unexpected turn sends their wedding week off the rails.,6.939,1117,37.9412,en,/qhGCY6DIemLoCi7x1GuEt98m4JF.jpg
The Crash,Movie,2026,"A teen slams her car into a building, killing her boyfriend and his friend. What seems like a tragic accident becomes a murder case.",6.88,133,37.798,en,/veskdPx4YUTmkrFrTs6zRJ8VV4E.jpg
The Death of Robin Hood,Movie,2026,"Grappling with his past after a life of crime and murder, Robin Hood finds himself gravely injured after a battle he thought would be his last. In the hands of a mysterious woman, he is offered a chance at salvation.",6.714,42,37.6792,en,/13MmRwmG5NmaMfU8qNrtgGXisiD.jpg
Sniper: No Nation,Movie,2026,Brandon Beckett and Agent Zero lead a rescue mission in Costa Verde when their friends are taken hostage.,6.718,62,37.4952,en,/tUmARo0TZEK1EaSuS6dU35FhDyU.jpg
Infiltrate,Movie,2026,"In a city overrun by crime, government Agent Lily Chen is forced to choose between her duty and her family when her husband is kidnapped, and she’s blackmailed into assassinating high-level criminals to save him. As she delves deeper into the criminal underworld, Lily’s relentless pursuit of justice unravels a web of corruption, leading to a final, life-altering decision that will change her world forever.",5.7,20,37.237,en,/8Cw8GF9wG63kF8pRRXwOx2kXGt.jpg
Pressure,Movie,2026,"In the tense 72 hours before D-Day, and the fate of the free world hanging in the balance, General Dwight D. Eisenhower and Captain James Stagg face an impossible choice—launch the largest and most dangerous seaborne invasion in history or risk losing the war altogether.",7.559,111,36.5201,en,/gFjEggtrejCN79r6SXRjM269OtG.jpg
Kraken,Movie,2026,"A marine biologist is doing research on a fish farm when she encounters several strange occurrences. Along with the brutal deaths of two teenagers, all signs point to the deep fjord; can there be more to the depths than the eye can see?",6.386,184,36.0575,no,/xdZ8k5s8DTwWyPBMIcflrYLgcAK.jpg
Office Romance,Movie,2026,"Jackie, President and CEO of Air Cruz, runs a tight ship in her business, including a rigid anti-fraternization policy for all her employees. When a new sexy lawyer begins working for her, that policy becomes very tested.",6.46,275,35.6844,en,/1HRUTqEVDmJC4L6tp6zd85MI6uH.jpg
Over Your Dead Body,Movie,2026,"A dysfunctional couple head to a remote cabin to ""reconnect"", but each has secret intentions to kill the other.",6.515,372,35.1259,en,/kZCauMzAt9eMAhLMopCqnFw1Q5k.jpg
The Rip,Movie,2026,"Trust frays when a team of Miami cops discovers millions in cash inside a run-down stash house, calling everyone — and everything — into question.",7.085,1705,35.1175,en,/4wsYWH73Hb1B6noGIFaRQSAkuXj.jpg
Signal One,Movie,2026,"A computer scientist is invited by a tech billionaire to join his private facility on a Caribbean island to investigate extraterrestrial matter on Earth. When they make contact beyond our world, chaos erupts as we’re left to wonder: do they come in peace?",6.7,27,33.7827,en,/bi7Aeaozl51cd5K6vAn8tI1lOW0.jpg
Dolly,Movie,2026,"Young Macy is abducted by a deranged, monstrous figure who wants to raise her as its child.",6.1,82,33.7269,en,/sTPUg3XtdcKRAS5Vwsi1GYPFhNZ.jpg
7 Dogs,Movie,2026,Interpol agent Khalid Al-Azzazi joins forces with Ghali Abu Dawood from the 7 Dogs crime syndicate to fight drug trafficking.,5.556,9,33.4932,ar,/66n5bB6iYTWsWMz0mh3Qv7qmzIJ.jpg
Send Help,Movie,2026,"Two colleagues become stranded on a deserted island, the only survivors of a plane crash. On the island, they must overcome past grievances and work together to survive, but ultimately, it's a battle of wills and wits to make it out alive.",7.041,1862,32.9662,en,/zbJWVHOtj3ljBzWgL1P8pxP03Up.jpg
My Dearest Assassin,Movie,2026,"Hunted for her rare blood type, a caged woman vows to fight alongside the assassin she loves to protect their future when an old enemy resurfaces.",8.605,258,31.4344,th,/ul4dQcA68mtSx8J56N5gEcaCCtP.jpg
Husbands in Action,Movie,2026,A detective teams up with his ex-wife's new husband to chase down her kidnappers. Can this unlikely duo put aside their differences for one wild rescue?,7.524,63,31.3398,ko,/rdmXkKPjGw43u4wp3aod4aIPiH.jpg
The Cat in the Hat,Movie,2026,"Doing what he does best, the Cat spreads joy to kids in his hilarious, signature, and singularly irreverent way, transporting them and audiences on a fantastical journey through a world they've never seen before. Our hero takes on his toughest assignment yet for the I.I.I.I. (Institute for the Institution of Imagination and Inspiration, LLC) to cheer up Gabby and Sebastian, a pair of siblings struggling to move to a new town. Known for taking things too far, this could be this agent of chaos' last chance to prove himself...or lose his magical hat!",0.0,0,31.1194,en,/mWN6knIVJ2o7eGwSm7mOgSCwNUc.jpg
The Get Out,Movie,2026,"A nightclub owner is on the verge of leaving his dangerous past behind for retirement with his girlfriend. When masked gunmen rob him and he finds himself squeezed by ruthless cartels, a mysterious newcomer arrives with an interest in buying the business. With danger closing in from all sides, he must navigate a deadly web of deception, power, and survival  -  where escape may no longer be an option.",7.0,14,30.6159,en,/A56e359GzpasjuYRajkDBhLncEW.jpg
Hai Jawani Toh Ishq Hona Hai,Movie,2026,"When Jass leaves his marriage over conflicting priorities, a new romance abroad is upended by shocking revelations, forcing him to confront love, loyalty, and the true meaning of commitment.",5.636,22,30.1545,hi,/vmlJvz6qVzYgei2V74GvnmcuQfW.jpg
Blades of the Guardians,Movie,2026,"Dao Ma, the ""second most wanted fugitive,"" is entrusted by his benefactor, the chief of Mo family clan, to take on a mysterious escort mission-escorting the ""most wanted fugitive"" to Chang'an.",7.0,76,29.4137,zh,/4QZwryGm8l7N5XdEjPchNPl0BV7.jpg
The Internship,Movie,2026,"A CIA-trained assassin recruits other graduates from her secret childhood program, The Internship, to violently destroy the organization. The CIA fights back with deadly force.",6.802,106,28.9929,en,/fYqSOkix4rbDiZW0ACNnvZCpT6X.jpg
Familia a la deriva,Movie,2026,"To make up for lost time with his four children, a charismatic car salesman organizes a Caribbean yacht trip that quickly spirals into an out-of-control adventure filled with mix-ups, laughs, and second chances.",8.442,104,28.7346,es,/jofyMzEnLoBZFKezmcCli3bEFwz.jpg
Vibeland Chronicles,Movie,2026,"As the events of a modern day Zodiac killer unfold, different stories, characters, and music intertwine within a surreal San Francisco, also known as Vibeland. From underground criminal labyrinths to violent job application simulations to haunted buses after midnight to dancing serial killers, nothing that happens in Vibeland is ordinary.",4.0,1,28.6981,en,/wPOjoiO9ZrsYociKXLxrvQfILlK.jpg
Dear You,Movie,2026,"Xiaowei travels to Thailand to find his ""billionaire grandfather"" who is out of contact due to debt problems, but unexpectedly find the one who has been corresponding with his grandmother for years is not her husband.",9.186,35,28.5711,zh,/rjmhzdVS3Ia535pFawju857e2Na.jpg
They Will Kill You,Movie,2026,"A woman answers a help wanted ad to be a housekeeper in a mysterious New York City high-rise, unaware that she is entering a community that has seen a number of disappearances over the years and may be under the grip of a Satanic cult.",6.999,849,28.4121,en,/nSXCFSvI2p5WLgMrOHACbVnEJSR.jpg
The Yeti,Movie,2026,"When an oil tycoon and a famous adventurer vanish into the harsh winter of remote northern Alaska, a hand-picked rescue team endeavors to bring them home. What they don’t know is that they are trespassing on The Yeti’s territory, and the elements are the least of their worries.",6.282,62,28.1945,en,/zaqEfoKcWkVni2eONhJ7DRhMO8Q.jpg
Remarkably Bright Creatures,Movie,2026,"Through unlikely bonds formed during night shifts at a local aquarium, Tova, an elderly widow, learns of a life-changing discovery that may bring her joy and wonder once again.",8.574,685,28.0792,en,/9HcEqn3D4J6b2Z0jK54id9nA0fr.jpg
The Wrecking Crew,Movie,2026,"Estranged half-brothers Jonny and James reunite after their father's mysterious death. As they search for the truth, buried secrets reveal a conspiracy threatening to tear their family apart.",7.04,1103,27.7688,en,/gbVwHl4YPSq6BcC92TQpe7qUTh6.jpg
Ready or Not: Here I Come,Movie,2026,"Moments after surviving an all-out attack from the Le Domas family, Grace discovers she’s reached the next level of the nightmarish game — and this time with her estranged sister Faith at her side. Grace has one chance to survive, keep her sister alive, and claim the High Seat of the Council that controls the world. Four rival families are hunting her for the throne, and whoever wins rules it all.",7.7,1133,27.5057,en,/jRf89HVEtBZiSnOXXWDhZOfuTwW.jpg
Primate,Movie,2026,"College student Lucy and her friends spend their vacation at her family's home in Hawaii, which includes her pet chimpanzee, Ben. However, when Ben contracts rabies after being bitten by a rabid animal, the group must fight for their lives in order to avoid the now-violent chimp.",6.535,709,27.4969,en,/rKleYiEj4pFqxedTRWfujLooi84.jpg
I Love Boosters,Movie,2026,A group of shoplifters take aim at a cutthroat fashion maven by stealing from her stores and reselling them at a lower price — what they call 'fashion-forward philanthropy'.,5.984,61,26.3451,en,/4pNKIUFy7tkZiBx0rnSmG9ysRy.jpg
Maternal Instinct,Movie,2026,Police pull over a woman who claims she just gave birth. But the baby — and the blood — aren't hers. Twisted lies unravel in this true-crime documentary.,7.1,90,24.5051,en,/4KdmT71AGzDMp5hJbAu9vysKQKT.jpg
FROM,TV Show,2026,"Unravel the mystery of a nightmarish town in middle America that traps all those who enter. As the unwilling residents fight to keep a sense of normalcy and search for a way out, they must also survive the threats of the surrounding forest – including the terrifying creatures that come out when the sun goes down.",8.505,3872,765.3461,en,/pRtJagIxpfODzzb0T0NAvZSzErC.jpg
House of the Dragon,TV Show,2026,"The Targaryen dynasty is at the absolute apex of its power, with more than 15 dragons under their yoke. Most empires crumble from such heights. In the case of the Targaryens, their slow fall begins when King Viserys breaks with a century of tradition by naming his daughter Rhaenyra heir to the Iron Throne. But when Viserys later fathers a son, the court is shocked when Rhaenyra retains her status as his heir, and seeds of division sow friction across the realm.",8.4,6413,494.1472,en,/7V0Ebks0GgpKvQ7QbLAIdX5dos4.jpg
Xplay,TV Show,2026,"Xplay (previously GameSpot TV and Extended Play) is a TV program about video games. The program, known for its reviews and comedy skits, airs on G4 in the United States and had aired on G4 Canada in Canada (and briefly on YTV during its time as GameSpot TV), FUEL TV in Australia, Ego in Israel, GXT in Italy, MTV Russia & Rambler TV in Russia, Solar Sports in the Philippines and Adult Swim and MuchMusic in Latin America. The show ran between July 4, 1998, and January 23, 2013, and returned in November 2021 as a part of G4's relaunch.",8.0,3,400.4115,en,/7ynD7g4U9hOODu1Jzf6VN4zQc6a.jpg
Adam's Sweet Agony,TV Show,2026,"This is the story of a boy, who became the lone Adam among four billion Eves. In a world where a pandemic has rendered all men impotent, high school student Itsuki is the exception who escaped it. In order to protect this secret, he transfers to a very special high school, which turns out to be composed of 90% girls! There, he encounters an upbeat and friendly senior, a sexually frustrated female teacher, a tomboyish school 'prince,' and an heiress from a wealthy family. For Itsuki, who has his pick of any woman in the world, the question remains: which one will he choose?",6.786,35,311.8869,ja,/1n1ZP0KHXUSvVxZG63x7aOzmO4M.jpg
Law & Order: Special Victims Unit,TV Show,2026,"In the criminal justice system, sexually-based offenses are considered especially heinous. In New York City, the dedicated detectives who investigate these vicious felonies are members of an elite squad known as the Special Victims Unit. These are their stories.",7.95,4263,285.3782,en,/iofokHZoUB4Qhik4PflvJl8TT6a.jpg
Knot,TV Show,2026,"A young man’s life changes forever when a powerful Alpha marks him, binding their fates together in an inescapable bond.",9.0,1,281.4824,th,/8z62pp4K602d1y6079oU1GBeiAG.jpg
Off Campus,TV Show,2026,"Hannah Wells tutors hockey captain Garrett Graham to win over her crush. Their deal becomes real connection as they face their pasts. Friends Logan, Dean, Tucker, and Allie navigate college life and love.",8.964,600,262.9005,en,/cbODFqkcmRgrYH8NkG4Q4Hcg8Z1.jpg
Avatar: The Last Airbender,TV Show,2026,A young boy known as the Avatar must master the four elemental powers to save a world at war — and fight a ruthless enemy bent on stopping him.,7.804,1178,286.8657,en,/lzZpWEaqzP0qVA5nkCc5ASbNcSy.jpg
The Rookie,TV Show,2026,"Starting over isn't easy, especially for small-town guy John Nolan who, after a life-altering incident, is pursuing his dream of being an LAPD officer. As the force's oldest rookie, he's met with skepticism from some higher-ups who see him as just a walking midlife crisis.",8.552,3347,230.104,en,/70kTz0OmjjZe7zHvIDrq2iKW7PJ.jpg
Agent Kim Reactivated,TV Show,2026,"When an unassuming dad's daughter goes missing, he dusts off his old black-ops skills to track her down — only to attract the wrong kind of attention.",8.2,13,224.5247,ko,/jruaZAm1KjkFRhgRcdF8tqakhpH.jpg
Law & Order,TV Show,2026,"In cases ripped from the headlines, police investigate serious and often deadly crimes, weighing the evidence and questioning the suspects until someone is taken into custody. The district attorney's office then builds a case to convict the perpetrator by proving the person guilty beyond a reasonable doubt. Working together, these expert teams navigate all sides of the complex criminal justice system to make New York a safer place.",7.3,693,209.9667,en,/haJ9eHytVO3H3JooMJG1DiWwDNm.jpg
Never-Ending Summer,TV Show,2026,"To save her gravely ill grandmother, top student Zhou Wan approaches her mother's stepson, Lu Xixiao, for funds. They fall for each other over the summer after graduation but are torn apart by misunderstandings in reality. Ten years later, they reunite at work. Though Lu Xixiao harbors resentment, his love for Zhou Wan remains. As they uncover the truth behind a ""factory accident,"" they resolve their differences and reunite.",9.0,2,203.4975,zh,/2b4rQPbFY8BnL9xuQKaT3ZELlqx.jpg
Notes from the Last Row,TV Show,2026,"A literature professor discovers a student's talent and offers him writing lessons — but as he sinks into the story, their sessions spiral into chaos.",8.625,16,205.4955,ko,/paRFCxAJRZOypfgnzYLo6KH5jjO.jpg
Dutton Ranch,TV Show,2026,"Rip Wheeler and Beth Dutton gamble everything on a new life in South Texas, but the promise of building a future far from the ghosts of Yellowstone quickly collides with brutal new realities and a rival ranch that will stop at nothing to protect its empire.",9.3,339,213.0244,en,/xsiecCxd8lkcAluw0wWwbW5CwSv.jpg
Grey's Anatomy,TV Show,2026,Follows the personal and professional lives of a group of doctors at Seattle's Grey Sloan Memorial Hospital.,8.21,10948,213.0097,en,/hjJkrLXhWvGHpLeLBDFznpBTY1S.jpg
NCIS,TV Show,2026,"From murder and espionage to terrorism and stolen submarines, a team of special agents investigates any crime that has any connection to Navy and Marine Corps personnel, regardless of rank or position.",7.618,2523,205.3894,en,/mBcu8d6x6zB1el3MPNl7cZQEQ31.jpg
Supernatural,TV Show,2026,"When they were boys, Sam and Dean Winchester lost their mother to a mysterious and demonic supernatural force. Subsequently, their father raised them to be soldiers. He taught them about the paranormal evil that lives in the dark corners and on the back roads of America ... and he taught them how to kill it. Now, the Winchester brothers crisscross the country in their '67 Chevy Impala, battling every kind of supernatural threat they encounter along the way. ",8.311,8501,219.0527,en,/8iixmfGx5EIFPdpNvB2JvI3VIqX.jpg
The Boys,TV Show,2026,A group of vigilantes known informally as “The Boys” set out to take down corrupt superheroes with no more than blue-collar grit and a willingness to fight dirty.,8.448,13022,216.8543,en,/in1R2dDc421JxsoRWaIIAqVI2KE.jpg
The Mentalist,TV Show,2026,"Patrick Jane, a former celebrity psychic medium, uses his razor sharp skills of observation and expertise at ""reading"" people to solve serious crimes with the California Bureau of Investigation.",8.357,4374,206.0103,en,/acYXu4KaDj1NIkMgObnhe4C4a0T.jpg
Game of Thrones,TV Show,2026,"Seven noble families fight for control of the mythical land of Westeros. Friction between the houses leads to full-scale war. All while a very ancient evil awakens in the farthest north. Amidst the war, a neglected military order of misfits, the Night's Watch, is all that stands between the realms of men and icy horrors beyond.",8.464,27138,207.6338,en,/1XS1oqL89opfnbLl8WnZY1O1uJx.jpg
Family Guy,TV Show,2026,"Sick, twisted, politically incorrect and Freakin' Sweet animated series featuring the adventures of the dysfunctional Griffin family. Bumbling Peter and long-suffering Lois have three kids. Stewie (a brilliant but sadistic baby bent on killing his mother and taking over the world), Meg (the oldest, and is the most unpopular girl in town) and Chris (the middle kid, he's not very bright but has a passion for movies). The final member of the family is Brian - a talking dog and much more than a pet, he keeps Stewie in check whilst sipping Martinis and sorting through his own life issues.",7.406,4995,195.3882,en,/3PFsEuAiyLkWsP4GG6dIV37Q6gu.jpg
The Simpsons,TV Show,2026,"Set in Springfield, the average American town, the show focuses on the antics and everyday adventures of the Simpson family; Homer, Marge, Bart, Lisa and Maggie, as well as a virtual cast of thousands. Since the beginning, the series has been a pop culture icon, attracting hundreds of celebrities to guest star. The show has also made name for itself in its fearless satirical take on politics, media and American life in general.",8.019,10847,188.7205,en,/uWpG7GqfKGQqX4YMAo3nv5OrglV.jpg
Teach You a Lesson,TV Show,2026,An inspector from the Educational Rights Protection Bureau (ERPB) who is authorized by the government to use physical intervention and unconventional methods to discipline delinquent students and reform the educational system.,9.475,560,182.5171,ko,/fMECSPrTmRClSViMsXFYmiYIcWP.jpg
A Girl's Guide to 21st Century Sex,TV Show,2026,"A Girl's Guide to 21st Century Sex is a documentary TV series about sex, which ran in eight episodes on Channel 5 and was presented by Dr Catherine Hood. The 45-minute long episodes were broadcast on Monday nights. The series started on 30 October 2006, with the final programme broadcast on 18 December 2006.

Each episode explained a sex position and covered a sexually transmitted disease. Additionally, the following topics were discussed: sex among handicapped and overweight people, penis enlargement devices, penis enlargement surgery, sexual violence against men and penis removal, tantric sex, the g-spot, erectile dysfunction, sex reassignment surgery, cosmetic surgery of the vagina, swinging, lichen sclerosus, the use of recreational drugs during sex, male homosexual sex in public toilets, full body plastic wrap bondage, and sex dolls.",5.2,18,180.7022,en,/9NSX2YrFGBIih0XqRedsSbDVx4U.jpg
Criminal Minds,TV Show,2026,"An elite team of FBI profilers analyze the country's most twisted criminal minds, anticipating their next moves before they strike again. The Behavioral Analysis Unit's most experienced agent is David Rossi, a founding member of the BAU who returns to help the team solve new cases.",8.303,4103,172.0989,en,/hWSb4UnIjlTvnvrP98NbFSO60HA.jpg
The Polygamist,TV Show,2026,"Social media darling, Joyce, is the picture of marital perfection — until her cheating husband's conquests ignite a scandalous emotional meltdown.",8.754,63,169.0685,zu,/emnQZe22rYBCsbZ7h1TUAkYEzrZ.jpg
Souryo to Majiwaru Shikiyoku no Yoru ni...,TV Show,2026,"At a high school reunion, Mio Fukatani reunites with a classmate she has not seen in years—Takahide Kujou. She had always wanted to know more about the kind-hearted boy in high school, but once she realizes that Kujou has become a monk, she believes that any chance of getting to know him romantically is slim. Deciding to drink away her sorrows, she ends up walking home drunk, and surprisingly, running into Kujou who helps her get home.

However, once inside, Kujou's lust for Mio becomes apparent and the two share an erotic night of passion. As this steamy romance blossoms between these two unlikely lovers, Mio and Kujou will undoubtedly spend many nights together in utter ecstasy.",5.3,14,167.2914,ja,/ueI9EeoRdMVa7hWEm21nQEU8Zv3.jpg
Overflow,TV Show,2026,"Kazushi Sudou is a university student who is visited by his two childhood friends, the sisters Ayane and Kotone Shirakawa. When Ayane discovers that Kazushi not only forgot to buy her pudding but is also using her special lotion in the bath, she decides to take revenge and join Kazushi in his bath along with Kotone. Will the perverted Kazushi be able to remain indifferent to them both?",7.3,88,160.1696,ja,/8RtwL5gxUvh9YViqjhNlVRvJpum.jpg
Raakh,TV Show,2026,"When two teenagers vanish, a close-knit family is shattered and the city is left on edge. Determined to uncover the truth, a relentless officer leads a nationwide manhunt that pulls him deep into a world of violence and human depravity.",9.143,7,156.5636,hi,/5MbNy94ia4ZLf8OGtSfSjjlxxWN.jpg
Sesame Street,TV Show,2026,"On a special inner city street, the inhabitants—human and muppet—teach preschoolers basic educational and social concepts using comedy, cartoons, games, and songs.",7.13,284,154.3658,en,/14k9BfZ2p4rQBMeJ5crKTfUZVwD.jpg
Rick and Morty,TV Show,2026,Follows a sociopathic genius scientist who drags his inherently timid grandson on adventures across the universe.,8.678,11038,153.6188,en,/owhkU6KRqdXoUQpjV8uyZGPtX58.jpg
Hunter x Hunter,TV Show,2026,"Gon Freecss discovers that the father he had always been told was dead was actually alive the whole time. Ging is a famous Hunter: an individual who has proven themself an elite member of humanity. Gon becomes determined to follow in his father's footsteps, pass the rigorous Hunter Examination.",8.442,214,153.411,ja,/eobAuhCJA8oRp814V67WhezVXtQ.jpg
Miraculous: Tales of Ladybug & Cat Noir,TV Show,2026,"Marinette and Adrien, two Parisian teenagers, are entrusted with powerful jewels in order to transform into superheroes Ladybug and Cat Noir. But neither hero knows the other's true identity — or that they're classmates!",8.058,4609,149.8966,fr,/acrtAy8gmxcsEvrDP09MpMSCeDZ.jpg
House,TV Show,2026,"Dr. Gregory House, a drug-addicted, unconventional, misanthropic medical genius, leads a team of diagnosticians at the fictional Princeton–Plainsboro Teaching Hospital in New Jersey.",8.566,7654,146.7527,en,/3Cz7ySOQJmqiuTdrc6CY0r65yDI.jpg
Midsomer Murders,TV Show,2026,"The peacefulness of the Midsomer community is shattered by violent crimes, suspects are placed under suspicion, and it is up to a veteran DCI and his young sergeant to calmly and diligently eliminate the innocent and ruthlessly pursue the guilty. ",7.5,357,146.128,en,/pz7tsWxe0TTdfJnWPjZAEnrSl5M.jpg
Stranger Things,TV Show,2026,"When a young boy vanishes, a small town uncovers a mystery involving secret experiments, terrifying supernatural forces, and one strange little girl.",8.6,21382,144.7875,en,/uOOtwVbSr4QDjAGIifLDwpb2Pdl.jpg
6 Lovers,TV Show,2026,"The July issue of Dear+ announced anime adaptions of a series of manga serialized in the magazine in celebration of the magazine's 20th anniversary. Six anime series are collected into an ""in motion"" series titled ""6 Lovers.""",8.3,3,143.0365,ja,/6QCUTINWv4rxmWs6EGYDjqawU8c.jpg
Gram Chikitsalay,TV Show,2026,"The young, idealistic and brilliant Dr. Prabhat, takes charge of a neglected Primary Health Centre in a North India Village hoping to bring about much needed changes only to realise it is he who will have do change before anything else.",6.25,12,142.5123,hi,/peRHZYhvuA6MLTJkpf5nIjgsWx5.jpg
Minnale,TV Show,2026,,0.0,0,139.9211,ta,/wACr0ARXdPXZeakkw2ecg4PrDId.jpg
Breaking Bad,TV Show,2026,"Walter White, a New Mexico chemistry teacher, is diagnosed with Stage III cancer and given a prognosis of only two years left to live. He becomes filled with a sense of fearlessness and an unrelenting desire to secure his family's financial future at any cost as he enters the dangerous world of drugs and crime.",8.947,18027,138.7191,en,/ztkUQFLlC19CCMYHW9o1zWhJRNq.jpg
S.W.A.T.,TV Show,2026,"A Los Angeles S.W.A.T. sergeant is assigned to lead a highly skilled unit in the community where he grew up. Torn between loyalty to the streets, where the cops are sometimes the enemy, and allegiance to his brothers in blue, he strategically straddles the two worlds.",8.041,1575,138.3737,en,/1l7vsAIkqOzrqiPwjO27Cb5QdfJ.jpg
I Will Find You,TV Show,2026,"Wrongfully imprisoned for murdering his own son, a father sets out on a desperate rescue mission after learning the boy may still be alive.",8.31,175,137.9621,en,/pb9oYHHNzauiCQZT03MpDAg46GI.jpg
Bones,TV Show,2026,"Dr. Temperance Brennan and her colleagues at the Jeffersonian's Medico-Legal Lab assist Special Agent Seeley Booth with murder investigations when the remains are so badly decomposed, burned or destroyed that the standard identification methods are useless.",8.187,3515,137.4938,en,/eyTu5c8LniVciRZIOSHTvvkkgJa.jpg
Smallville,TV Show,2026,The origins of the world’s greatest hero–from Krypton refugee Kal-el’s arrival on Earth through his tumultuous teen years to Clark Kent’s final steps toward embracing his destiny as the Man of Steel.,8.191,4491,137.0342,en,/mHZSq8LA5Dt48JjaOZ5tcPXQRVN.jpg
CSI: Crime Scene Investigation,TV Show,2026,"A Las Vegas team of forensic investigators are trained to solve criminal cases by scouring the crime scene, collecting irrefutable evidence and finding the missing pieces that solve the mystery.",7.6,1393,136.4544,en,/i5hmoRjHNWady4AtAGICTUXknKH.jpg
Yellowstone,TV Show,2026,"Follow the violent world of the Dutton family, who controls the largest contiguous ranch in the United States. Led by their patriarch John Dutton, the family defends their property against constant attack by land developers, an Indian reservation, and America’s first National Park.",8.269,3191,135.9528,en,/vOYfRZ0NpUK5hG2CB2dJFnYJlGe.jpg
Secret Mission - Undercover Agents Never Back Down!,TV Show,2026,"Narcotics Enforcement Agent Riko Ikazuchi is undercover with her junior colleague Noma in an apartment that serves as the hideout for a criminal organization. Despite Riko and Noma posing as a newlywed couple, the criminals begin to suspect them after not hearing any marital intimacy during the night. To convince them that they are a loving couple, Noma starts touching Riko's body...",6.1,25,135.8157,ja,/xZV8e1iKi85PFZlbQBdznvtpAVJ.jpg
Shameless,TV Show,2026,"Chicagoan Frank Gallagher is the proud single dad of six smart, industrious, independent kids, who without him would be... perhaps better off. When Frank's not at the bar spending what little money they have, he's passed out on the floor. But the kids have found ways to grow up in spite of him. They may not be like any family you know, but they make no apologies for being exactly who they are.",8.169,3369,135.6926,en,/ifo31fMWLmyOVpdak9K0kY4jldQ.jpg
The Blacklist,TV Show,2026,"Raymond ""Red"" Reddington, one of the FBI's most wanted fugitives, surrenders in person at FBI Headquarters in Washington, D.C. He claims that he and the FBI have the same interests: bringing down dangerous criminals and terrorists. In the last two decades, he's made a list of criminals and terrorists that matter the most but the FBI cannot find because it does not know they exist. Reddington calls this ""The Blacklist"". Reddington will co-operate, but insists that he will speak only to Elizabeth Keen, a rookie FBI profiler.",7.634,3608,131.7577,en,/4HTfd1PhgFUenJxVuBDNdLmdr0c.jpg
American Dad!,TV Show,2026,"The series focuses on an eccentric motley crew that is the Smith family and their three housemates: Father, husband, and breadwinner Stan Smith; his better half housewife, Francine Smith; their college-aged daughter, Hayley Smith; and their high-school-aged son, Steve Smith. Outside of the Smith family, there are three additional main characters, including Hayley's boyfriend turned husband, Jeff Fischer; the family's man-in-a-goldfish-body pet, Klaus; and most notably the family's zany alien, Roger, who is ""full of masquerades, brazenness, and shocking antics.""",7.011,2385,127.4298,en,/eb9sH2am9IUSQ8GhXTNAVoujk8W.jpg
CHILL CLUB 推介,TV Show,2026,,0.0,0,124.0979,cn,/3n0cY8IQTtFf8JSGpVrYbfcR0Wa.jpg
Prison Break,TV Show,2026,"Due to a political conspiracy, an innocent man is sent to death row and his only hope is his brother, who makes it his mission to deliberately get himself sent to the same prison in order to break the both of them out, from the inside out.",8.068,5992,123.1362,en,/wnmNPaLvhnMeOqnWlhNkYCZxtda.jpg
The Bear,TV Show,2026,"Carmy, a young fine-dining chef, comes home to Chicago to run his family sandwich shop. As he fights to transform the shop and himself, he works alongside a rough-around-the-edges crew that ultimately reveal themselves as his chosen family.",8.137,1777,122.9638,en,/eKfVzzEazSIjJMrw9ADa2x8ksLz.jpg
The Prosecutor's Proposal,TV Show,2026,"A victim’s son and a killer’s son reunite as a prosecutor and investigator, fighting systemic corruption while becoming each other's salvation.",0.0,0,122.2712,ko,/lK6DrnFecG0AsA8O5UqEYOrOArd.jpg
Vikings,TV Show,2026,"The adventures of Ragnar Lothbrok, the greatest hero of his age. The series tells the sagas of Ragnar's band of Viking brothers and his family, as he rises to become King of the Viking tribes. As well as being a fearless warrior, Ragnar embodies the Norse traditions of devotion to the gods. Legend has it that he was a direct descendant of Odin, the god of war and warriors.",8.096,7672,122.1404,en,/bQLrHIRNEkE3PdIWQrZHynQZazu.jpg
Lucifer,TV Show,2026,"Bored and unhappy as the Lord of Hell, Lucifer Morningstar abandoned his throne and retired to Los Angeles, where he has teamed up with LAPD detective Chloe Decker to take down criminals. But the longer he's away from the underworld, the greater the threat that the worst of humanity could escape.",8.433,15523,122.0408,en,/ekZobS8isE6mA53RAiGDG93hBxL.jpg
The Flash,TV Show,2026,"After being struck by lightning, CSI investigator Barry Allen awakens from a nine-month coma to discover he has been  granted the gift of super speed.  Teaming up with S.T.A.R. Labs, Barry takes on the persona of The Flash, the Fastest  Man Alive, to protect his city.",7.758,11643,121.2606,en,/yZevl2vHQgmosfwUdVNzviIfaWS.jpg
Arrow,TV Show,2026,"Spoiled billionaire playboy Oliver Queen is missing and presumed dead when his yacht is lost at sea. He returns five years later a changed man, determined to clean up the city as a hooded vigilante armed with a bow.",6.835,6361,121.0449,en,/u8ZHFj1jC384JEkTt3vNg1DfWEb.jpg
Suits,TV Show,2026,"While running from a drug deal gone bad, Mike Ross, a brilliant young college-dropout, slips into a job interview with one of New York City's best legal closers, Harvey Specter. Tired of cookie-cutter law school grads, Harvey takes a gamble by hiring Mike on the spot after he recognizes his raw talent and photographic memory.",8.222,5760,118.5691,en,/vQiryp6LioFxQThywxbC6TuoDjy.jpg
The Office,TV Show,2026,"The everyday lives of office employees in the Scranton, Pennsylvania branch of the fictional Dunder Mifflin Paper Company.",8.6,5260,118.494,en,/7DJKHzAi83BmQrWLrYYOqcoKfhR.jpg
Dexter,TV Show,2026,"Dexter Morgan, a blood spatter pattern analyst for the Miami Metro Police also leads a secret life as a serial killer, hunting down criminals who have slipped through the cracks of justice.",8.239,5603,115.5211,en,/q8dWfc4JwQuv3HayIZeO84jAXED.jpg
Friends,TV Show,2026,"Six young people from New York City, on their own and struggling to survive in the real world, find the companionship, comfort and support they get from each other to be the perfect antidote to the pressures of life.",8.418,9170,115.4045,en,/2koX1xLkpTQM4IZebYvKysFW1Nh.jpg
Watch What Happens Live with Andy Cohen,TV Show,2026,Bravo network executive Andy Cohen discusses pop culture topics with celebrities and reality show personalities.,5.0,87,115.3725,en,/onSD9UXfJwrMXWhq7UY7hGF2S1h.jpg
Running Man,TV Show,2026,"These days, as variety shows are gradually disappearing, this is one of Korea’s representative variety shows that has been responsible for Sunday evenings for over 10 years. This program features numerous stars and members going around various places, playing games, and completing missions. In particular, among the many fun elements of variety shows, this one focuses solely on laughter.

Open your eyes! Big fun is coming in!

Open your mouth! Big laughter is coming in!

Open your heart! Useful lessons are coming in!",8.2,213,115.0627,ko,/2Wmmu1MkqxJ48J7aySET9EKEjXz.jpg
The Last Ship,TV Show,2026,"Their mission is simple: Find a cure. Stop the virus. Save the world. When a global pandemic wipes out eighty percent of the planet's population, the crew of a lone naval destroyer must find a way to pull humanity from the brink of extinction.",6.864,1033,113.4998,en,/xH529hDtPxhslAEeCrN7gD64ZMX.jpg
Doctor Who,TV Show,2026,"The Doctor is a Time Lord: a 900 year old alien with 2 hearts, part of a gifted civilization who mastered time travel. The Doctor saves planets for a living—more of a hobby actually, and the Doctor's very, very good at it.",7.6,3387,112.4783,en,/m6G92osOtSeXwjSfL21jZCUOvxe.jpg
Euphoria,TV Show,2026,"A group of high school students navigate love and friendships in a world of drugs, sex, trauma, and social media.",8.284,10910,111.6242,en,/ypmtwojDd751Peszi62DVLytqqC.jpg
Modern Family,TV Show,2026,"The Pritchett-Dunphy-Tucker clan is a wonderfully large and blended family. They give us an honest and often hilarious look into the sometimes warm, sometimes twisted, embrace of the modern family.",7.912,3394,110.9765,en,/k5Qg5rgPoKdh3yTJJrLtyoyYGwC.jpg
Renegade Immortal,TV Show,2026,"It tells the story of Wang Lin, an ordinary young man in the countryside, who is moved by his heart and cultivates against immortality. His pursuit is not only for longevity, but also for getting rid of the ants behind it. He firmly believed in human beings and entered the path of cultivation with mediocre qualifications. After experiencing ups and downs, with his wise mind, he gradually reached the pinnacle and became famous in the cultivation world with his own strength.",8.4,37,110.799,zh,/2jEJSCLFjniFT7z4YvyY9Ywo1lc.jpg
"Crazy Love, Moo-Moo!",TV Show,2026,"To drive away a persistent admirer, MooMoo interns at his hotel to show off his worst habits, only to find himself falling for the man he hates.",7.5,2,109.7072,th,/bpj6cELj5j3SzkMoncQCYDY19Ve.jpg
The Walking Dead,TV Show,2026,Sheriff's deputy Rick Grimes awakens from a coma to find a post-apocalyptic world dominated by flesh-eating zombies. He sets out to find his family and encounters many other survivors along the way.,8.086,17921,109.0172,en,/aN29llVoCFtBTwDZFtqdD9d8dHb.jpg
The Sopranos,TV Show,2026,"The story of New Jersey-based Italian-American mobster Tony Soprano and the difficulties he faces as he tries to balance the conflicting requirements of his home life and the criminal organization he heads. Those difficulties are often highlighted through his ongoing professional relationship with psychiatrist Jennifer Melfi. The show features Tony's family members and Mafia associates in prominent roles and story arcs, most notably his wife Carmela and his cousin and protégé Christopher Moltisanti.",8.673,3514,107.3645,en,/rTc7ZXdroqjkKivFPvCPX0Ru7uw.jpg
Jimihen!! Jimiko o Kae Chau Jun Isei Kouyuu,TV Show,2026,"The story follows Rena Yukuhasahi, a reserved office lady and Ryouhei Hachiya, a businessman and fellow colleague. Yukuhasahi appears to be the most reserved girl in the company, but becomes a super beautiful woman when she dresses up. Flustered in the presence of her transformed self, Hachiya insists on taking her out, only to find themselves in front of a love hotel.",6.4,25,106.687,ja,/to5FshluwPdO9d3Ucs7fagJL7OU.jpg
Resort,TV Show,2026,A debt-ridden room service boy rises to challenge a ruthless kitchen at a luxurious beachside haven.,0.0,0,106.2553,ta,/cL7iOwqapRRb7eKKlXI4FDaP6rh.jpg
JUJUTSU KAISEN,TV Show,2026,"Yuji Itadori is a boy with tremendous physical strength, though he lives a completely ordinary high school life. One day, to save a classmate who has been attacked by curses, he eats the finger of Ryomen Sukuna, taking the curse into his own soul. From then on, he shares one body with Ryomen Sukuna. Guided by the most powerful of sorcerers, Satoru Gojo, Itadori is admitted to Tokyo Jujutsu High School, an organization that fights the curses... and thus begins the heroic tale of a boy who became a curse to exorcise a curse, a life from which he could never turn back.",8.578,4508,104.7259,ja,/fHpKWq9ayzSk8nSwqRuaAUemRKh.jpg
Reacher,TV Show,2026,"Jack Reacher, a veteran military police investigator, has just recently entered civilian life. Reacher is a drifter, carrying no phone and the barest of essentials as he travels the country and explores the nation he once served.",8.08,2900,104.5994,en,/31GlRQMiDunO8cl3NxTz34U64rf.jpg
Doraemon,TV Show,2026,"Robotic cat Doraemon is sent back in time from the 22nd century to protect 10-year-old Noby, a lazy and uncoordinated boy who is destined to have a tragic future. Doraemon can create secret gadgets from a pocket on his stomach, but they usually cause more bad than good because of Noby's propensity to misuse them.",8.067,232,104.3438,ja,/9ZN1P32SHviL3SV51qLivxycvcx.jpg
PAW Patrol,TV Show,2026,"Marshall, Rocky, Rubble, Zuma and Skye are doing their best to protect the people of their town. Led by Ryder, a tech-savvy 10-year-old boy, each of them is equipped with special equipment and together they help anyone who finds themselves in trouble. No task is too big for them and no puppy is too small.",7.0,812,103.337,en,/8HXkgUBO5OF8ZK9XbY69RM4S5rv.jpg
The Late Show with Stephen Colbert,TV Show,2026,"Stephen Colbert brings his signature satire and comedy to The Late Show with Stephen Colbert, the #1 show in late night, where he talks with an eclectic mix of guests about what is new and relevant in the worlds of politics, entertainment, business, music, technology, and more. Featuring bandleader Jon Batiste with his band Stay Human, the Emmy Award-nominated show is broadcast from the historic Ed Sullivan Theater.",6.093,356,101.5009,en,/9jkThAGYj2yp8jsS6Nriy5mzKFT.jpg
Kamen Rider,TV Show,2026,"Takeshi Hongo is a promising young man with a passion for motorcycle racing. However, his dreams are suddenly ruined when he gets kidnapped by Shocker, the evil secret organization planning to dominate the world. After being remodeled into a cyborg, Takeshi escapes and swears to protect the world from the inhuman monsters.",6.45,101,101.2794,ja,/2DIBDFHiKQawz4WPsYekl9DHwyA.jpg
Homeland,TV Show,2026,"CIA officer Carrie Mathison is tops in her field despite being bipolar, which makes her volatile and unpredictable. With the help of her long-time mentor Saul Berenson, Carrie fearlessly risks everything, including her personal well-being and even sanity, at every turn.",7.584,2594,100.8986,en,/6GAvS2e6VIRsms9FpVt33PsCoEW.jpg
Stargate SG-1,TV Show,2026,"The story of Stargate SG-1 begins about a year after the events of the feature film, when the United States government learns that an ancient alien device called the Stargate can access a network of such devices on a multitude of planets. SG-1 is an elite Air Force special operations team, one of more than two dozen teams from Earth who explore the galaxy and defend against alien threats such as the Goa'uld, Replicators, and the Ori.",8.268,1834,100.3684,en,/dQjmI7XxI47v8IM2MUysHG0LuU2.jpg
The Daily Show,TV Show,2026,"The World's Fakest News Team tackle the biggest stories in news, politics and pop culture.",6.405,641,99.8086,en,/ixcfyK7it6FjRM36Te4OdblAq4X.jpg
Grimm,TV Show,2026,"After Portland homicide detective Nick Burkhardt discovers he's descended from an elite line of criminal profilers known as ""Grimms,"" he increasingly finds his responsibilities as a detective at odds with his new responsibilities as a Grimm.",8.27,3558,99.3419,en,/iOptnt1QHi6bIHmOq6adnZTV0bU.jpg
Lost,TV Show,2026,"Stripped of everything, the survivors of a horrific plane crash must work together to stay alive. But the island holds many secrets.",7.958,5115,99.1839,en,/og6S0aTZU6YUJAbqxeKjCa3kY1E.jpg
Chicago Fire,TV Show,2026,"An edge-of-your-seat view into the lives of everyday heroes committed to one of America's noblest professions. For the firefighters, rescue squad and paramedics of Chicago Firehouse 51, no occupation is more stressful or dangerous, yet so rewarding and exhilarating. These courageous men and women are among the elite who forge headfirst into danger when everyone else is running the other way and whose actions make the difference between life and death.",8.4,2404,98.7013,en,/r915sk2JpthZSjHEgZKifWxgo6L.jpg
Desperate Housewives,TV Show,2026,"Looking down on her friends and family isn't a way of life for Mary Alice Young... it's a way of death. One day, in her perfect house, in the loveliest of suburbs, Mary Alice ended it all. Now she's taking us into the lives of her family, friends and neighbors, commenting from her elevated P.O.V.",7.9,2085,97.6028,en,/sywYmV9c9Vj2U7ocqNyfDt2pz3r.jpg
Harem in the Labyrinth of Another World,TV Show,2026,"High school student Michio Kaga was wandering aimlessly through life and the Internet, when he finds himself transported from a shady website to a fantasy world — reborn as a strong man who can use ""cheat"" powers. He uses his powers to become an adventurer, earn money, and get the right to claim girls that have idol-level beauty to form his very own harem.",7.3,156,97.5001,ja,/drAnsk5w2PX5x3ooPv7I2xr3ksq.jpg
The Tonight Show Starring Jimmy Fallon,TV Show,2026,"After Jay Leno's second retirement from the program, Jimmy Fallon stepped in as his permanent replacement. After 42 years in Los Angeles the program was brought back to New York.",5.802,378,96.9092,en,/1N4o5PmmqhlVDrcdJ2RlCFWbLGX.jpg
Slay the Gods,TV Show,2026,"""If the dark night comes to an end, I will stand in front of tens of thousands of people, slashing my sword into the abyss, staining the sky with blood!"" Have you ever thought that monsters from ancient myths lurk under the bright neon cities? Have you ever thought that above the moon hanging high above the heads of the world, there are gods watching over the world? Have you ever thought that in the crowded modern cities, there are extraordinary people who walk the world in place of gods?",8.3,16,96.3938,zh,/n4lEQkgCDuOP3TNvIjkzn5QjRp.jpg
Crazy Over His Fingers: Just the Two of Us in a Salon After Closing,TV Show,2026,"Fumi works as an assistant at a popular salon in the city and is aiming to become a hairdresser. She receives strict guidance from Sousuke, the salon's charismatic hairdresser and manager. Every time he touches Fumi, she becomes agitated. One day after the salon closed, Fumi stands in as Sousuke's practice partner at the shampoo station. As he touches her and sprinkles her with water, she becomes angry again! Or so the thought...could she actually be attracted to him? Sousuke flashes an evil smile as he senses Fumi's heart, and his fingertips start to stroke every corner of her body...Fumi cannot refuse his fingers anymore.",6.4,19,96.3672,ja,/hlk5xhZw5uSBJvpJD3xbX2k6BhA.jpg
Spartacus,TV Show,2026,"Torn from his homeland and the woman he loves, Spartacus is condemned to the brutal world of the arena where blood and death are primetime entertainment.",8.029,2964,95.9873,en,/c2GKN4VHCj1dnjFMANRpGkCVBae.jpg
The Vampire Diaries,TV Show,2026,"The story of two vampire brothers obsessed with the same girl, who bears a striking resemblance to the beautiful but ruthless vampire they knew and loved in 1864.",8.302,9644,95.8617,en,/b3vl6wV1W8PBezFfntKTrhrehCY.jpg
Hawaii Five-0,TV Show,2026,"Steve McGarrett returns home to Oahu, in order to find his father's killer. The governor offers him the chance to run his own task force (Five-0). Steve's team is joined by Chin Ho Kelly, Danny ""Danno"" Williams, and Kono Kalakaua.",7.736,1867,95.3014,en,/sIdCKlmM2nU4akIvFQaAIiU8YES.jpg
FBI,TV Show,2026,"The New York office of the FBI brings to bear all their talents, intellect and technical expertise on major cases in order to keep their city and the country safe.",7.927,915,94.6697,en,/zfKS4WL0OZ9udpNoSYZw91VB3aH.jpg
Harem Camp!,TV Show,2026,"The story follows teacher and veteran solo camper Kensuke, who forms a camping group with four girls.",7.0,25,94.2118,ja,/dsaYRfBviInhrulwtHOyg1KB4ct.jpg
Bluey,TV Show,2026,"Bluey is an inexhaustible six year-old Blue Heeler dog, who loves to play and turns everyday family life into extraordinary adventures, developing her imagination as well as her mental, physical and emotional resilience.",8.581,707,93.2384,en,/b9mY0X5T20ZM073hoa5n0dgmbfN.jpg
Seinfeld,TV Show,2026,A stand-up comedian and his three offbeat friends weather the pitfalls and payoffs of life in New York City in the '90s. It's a show about nothing.,8.263,2360,93.1675,en,/aCw8ONfyz3AhngVQa1E2Ss4KSUQ.jpg
Castle,TV Show,2026,"After a serial killer imitates the plots of his novels, successful mystery novelist Richard ""Rick"" Castle receives permission from the Mayor of New York City to tag along with an NYPD homicide investigation team for research purposes.",7.973,2106,93.1522,en,/diXBeMzvfJb2iJg3G0kCUaMCzEc.jpg
Fire in His Fingertips,TV Show,2026,"Office worker Ryou Fujihashi is trapped inside her apartment which has set ablaze. The firefighters arrive in time to save her, and one of them happens to be Souma Mizuno, Fujihashi's childhood friend who she had a crush on. As the apartment fire gets put out, an old love gets rekindled.",6.905,21,93.13,ja,/yHUDRf2e9FGeWXPsT5lVF3iCUwc.jpg
